2026-03-20 09:07:00,369 - INFO - 黄金价格监控系统启动...
2026-03-20 09:07:00,369 - INFO - 上涨目标价格: [4950, 4980, 5000, 5030, 5080, 5100, 5200]
2026-03-20 09:07:00,369 - INFO - 下跌目标价格: [4900, 4880, 4800, 4720, 4700, 4650, 4600, 4500]
2026-03-20 09:07:00,369 - INFO - 监控开始...

2026-03-20 09:07:10,377 - INFO - 
============================================================
2026-03-20 09:07:10,378 - INFO - 触发原因: 打印调试
2026-03-20 09:07:10,378 - INFO - 当前时间: 2026-03-20 09:07:10
2026-03-20 09:07:10,378 - INFO - 数据时间: 2026-03-20 09:07:10
2026-03-20 09:07:10,387 - INFO - 当前价格: 4944.612303724345
2026-03-20 09:07:10,387 - INFO - ============================================================

2026-03-20 09:07:10,387 - INFO - 
============================================================
2026-03-20 09:07:10,387 - INFO - 触发原因: 价格上涨超过整数变化
2026-03-20 09:07:10,387 - INFO - 当前时间: 2026-03-20 09:07:10
2026-03-20 09:07:10,387 - INFO - 数据时间: 2026-03-20 09:07:10
2026-03-20 09:07:10,387 - INFO - 当前价格: 4944.612303724345
2026-03-20 09:07:10,388 - INFO - Content-Type: multipart/mixed; boundary="===============3082973406952472532=="
MIME-Version: 1.0
Subject: =?utf-8?b?6buE6YeR5Lu35qC85o+Q6YaSIC0g5Lu35qC85LiK5rao6LaF6L+H5pW05pWw5Y+Y5YyWLOW9k+WJjeS7t+agvDQ5NDQuNjEyMzAzNzI0MzQ1?=
From: 2741023538@qq.com
To: 2741023538@qq.com

--===============3082973406952472532==
Content-Type: text/plain; charset="utf-8"
MIME-Version: 1.0
Content-Transfer-Encoding: base64

CiAgICAgICAgICAgIOm7hOmHkeS7t+agvOebkeaOp+aPkOmGkgogICAgICAgICAgICDop6blj5Hl
jp/lm6A6IOS7t+agvOS4iua2qOi2hei/h+aVtOaVsOWPmOWMlgogICAgICAgICAgICDlvZPliY3m
l7bpl7Q6IDIwMjYtMDMtMjAgMDk6MDc6MTAKICAgICAgICAgICAg5pWw5o2u5pe26Ze0OiAyMDI2
LTAzLTIwIDA5OjA3OjEwCiAgICAgICAgICAgIOW9k+WJjeS7t+agvDogNDk0NC42MTIzMDM3MjQz
NDUKICAgICAgICAgICAg5bey6Kem5Y+R55uu5qCHOiBbXQoKICAgICAgICAgICAg5LiK5qyh5omT
5Y2w5pe26Ze0OiAyMDI2LTAzLTIwIDA5OjA3OjEwCiAgICAgICAgICAgIOS4iuasoeaJk+WNsOS7
t+agvDogNDk0NC42MTIzMDM3MjQzNDUgIOW9k+WJjeS7t+agvDogNDk0NC42MTIzMDM3MjQzNDUK
ICAgICAgICAgICAg

--===============3082973406952472532==--

2026-03-20 09:07:10,667 - INFO - 正在连接到 smtp.qq.com:465
2026-03-20 09:07:10,667 - INFO - 使用用户名: 2741023538@qq.com
2026-03-20 09:07:10,898 - ERROR - send email error: Connection unexpectedly closed
2026-03-20 09:07:10,898 - WARNING - 提示: QQ邮箱需要使用授权码而不是登录密码，请在QQ邮箱设置中开启SMTP服务并获取授权码
2026-03-20 09:07:11,143 - INFO - 正在连接到 smtp.qq.com:465
2026-03-20 09:07:11,144 - INFO - 使用用户名: 2741023538@qq.com
2026-03-20 09:07:11,371 - ERROR - send email error: Connection unexpectedly closed
2026-03-20 09:07:11,371 - WARNING - 提示: QQ邮箱需要使用授权码而不是登录密码，请在QQ邮箱设置中开启SMTP服务并获取授权码
2026-03-20 09:07:11,625 - INFO - 正在连接到 smtp.qq.com:465
2026-03-20 09:07:11,626 - INFO - 使用用户名: 2741023538@qq.com
2026-03-20 09:07:11,839 - ERROR - send email error: Connection unexpectedly closed
2026-03-20 09:07:11,840 - WARNING - 提示: QQ邮箱需要使用授权码而不是登录密码，请在QQ邮箱设置中开启SMTP服务并获取授权码
2026-03-20 09:07:12,085 - INFO - 正在连接到 smtp.qq.com:465
2026-03-20 09:07:12,085 - INFO - 使用用户名: 2741023538@qq.com
2026-03-20 09:07:12,304 - ERROR - send email error: Connection unexpectedly closed
2026-03-20 09:07:12,304 - WARNING - 提示: QQ邮箱需要使用授权码而不是登录密码，请在QQ邮箱设置中开启SMTP服务并获取授权码
2026-03-20 09:07:12,532 - INFO - 正在连接到 smtp.qq.com:465
2026-03-20 09:07:12,532 - INFO - 使用用户名: 2741023538@qq.com
2026-03-20 09:07:12,739 - ERROR - send email error: Connection unexpectedly closed
2026-03-20 09:07:12,739 - WARNING - 提示: QQ邮箱需要使用授权码而不是登录密码，请在QQ邮箱设置中开启SMTP服务并获取授权码
2026-03-20 09:07:12,977 - INFO - 正在连接到 smtp.qq.com:465
2026-03-20 09:07:12,977 - INFO - 使用用户名: 2741023538@qq.com
2026-03-20 09:07:13,168 - ERROR - send email error: Connection unexpectedly closed
2026-03-20 09:07:13,169 - WARNING - 提示: QQ邮箱需要使用授权码而不是登录密码，请在QQ邮箱设置中开启SMTP服务并获取授权码
2026-03-20 09:07:13,169 - INFO - ============================================================

2026-03-20 09:07:23,176 - INFO - 
============================================================
2026-03-20 09:07:23,176 - INFO - 触发原因: 打印调试
2026-03-20 09:07:23,176 - INFO - 当前时间: 2026-03-20 09:07:23
2026-03-20 09:07:23,176 - INFO - 数据时间: 2026-03-20 09:07:23
2026-03-20 09:07:23,177 - INFO - 当前价格: 4957.396647539533
2026-03-20 09:07:23,177 - INFO - 上次打印时间: 2026-03-20 09:07:10
2026-03-20 09:07:23,177 - INFO - 上次打印价格: 4944.612303724345
2026-03-20 09:07:23,177 - INFO - 当前价格: 4957.396647539533
2026-03-20 09:07:23,177 - INFO - ============================================================

2026-03-20 09:07:23,177 - INFO - 
============================================================
2026-03-20 09:07:23,177 - INFO - 触发原因: 上涨目标 4950 已达成
2026-03-20 09:07:23,177 - INFO - 当前时间: 2026-03-20 09:07:23
2026-03-20 09:07:23,177 - INFO - 数据时间: 2026-03-20 09:07:23
2026-03-20 09:07:23,178 - INFO - 当前价格: 4957.396647539533
2026-03-20 09:07:23,178 - INFO - 上次打印时间: 2026-03-20 09:07:10
2026-03-20 09:07:23,178 - INFO - 上次打印价格: 4944.612303724345
2026-03-20 09:07:23,178 - INFO - 当前价格: 4957.396647539533
2026-03-20 09:07:23,179 - INFO - Content-Type: multipart/mixed; boundary="===============4232237454185595343=="
MIME-Version: 1.0
Subject: =?utf-8?b?6buE6YeR5Lu35qC85o+Q6YaSIC0g5LiK5rao55uu5qCHIDQ5NTAg5bey6L6+5oiQLOW9k+WJjeS7t+agvDQ5NTcuMzk2NjQ3NTM5NTMz?=
From: 2741023538@qq.com
To: 2741023538@qq.com

--===============4232237454185595343==
Content-Type: text/plain; charset="utf-8"
MIME-Version: 1.0
Content-Transfer-Encoding: base64

CiAgICAgICAgICAgIOm7hOmHkeS7t+agvOebkeaOp+aPkOmGkgogICAgICAgICAgICDop6blj5Hl
jp/lm6A6IOS4iua2qOebruaghyA0OTUwIOW3sui+vuaIkAogICAgICAgICAgICDlvZPliY3ml7bp
l7Q6IDIwMjYtMDMtMjAgMDk6MDc6MjMKICAgICAgICAgICAg5pWw5o2u5pe26Ze0OiAyMDI2LTAz
LTIwIDA5OjA3OjIzCiAgICAgICAgICAgIOW9k+WJjeS7t+agvDogNDk1Ny4zOTY2NDc1Mzk1MzMK
ICAgICAgICAgICAg5bey6Kem5Y+R55uu5qCHOiBbNDk1MF0KCiAgICAgICAgICAgIOS4iuasoeaJ
k+WNsOaXtumXtDogMjAyNi0wMy0yMCAwOTowNzoyMwogICAgICAgICAgICDkuIrmrKHmiZPljbDk
u7fmoLw6IDQ5NTcuMzk2NjQ3NTM5NTMzICDlvZPliY3ku7fmoLw6IDQ5NTcuMzk2NjQ3NTM5NTMz
CiAgICAgICAgICAgIA==

--===============4232237454185595343==--

2026-03-20 09:07:23,428 - INFO - 正在连接到 smtp.qq.com:465
2026-03-20 09:07:23,429 - INFO - 使用用户名: 2741023538@qq.com
2026-03-20 09:07:23,662 - ERROR - send email error: Connection unexpectedly closed
2026-03-20 09:07:23,662 - WARNING - 提示: QQ邮箱需要使用授权码而不是登录密码，请在QQ邮箱设置中开启SMTP服务并获取授权码
2026-03-20 09:07:23,903 - INFO - 正在连接到 smtp.qq.com:465
2026-03-20 09:07:23,903 - INFO - 使用用户名: 2741023538@qq.com
2026-03-20 09:07:24,088 - ERROR - send email error: Connection unexpectedly closed
2026-03-20 09:07:24,089 - WARNING - 提示: QQ邮箱需要使用授权码而不是登录密码，请在QQ邮箱设置中开启SMTP服务并获取授权码
2026-03-20 09:07:24,322 - INFO - 正在连接到 smtp.qq.com:465
2026-03-20 09:07:24,322 - INFO - 使用用户名: 2741023538@qq.com
2026-03-20 09:07:24,513 - ERROR - send email error: Connection unexpectedly closed
2026-03-20 09:07:24,513 - WARNING - 提示: QQ邮箱需要使用授权码而不是登录密码，请在QQ邮箱设置中开启SMTP服务并获取授权码
2026-03-20 09:07:24,764 - INFO - 正在连接到 smtp.qq.com:465
2026-03-20 09:07:24,764 - INFO - 使用用户名: 2741023538@qq.com
2026-03-20 09:07:24,971 - ERROR - send email error: Connection unexpectedly closed
2026-03-20 09:07:24,972 - WARNING - 提示: QQ邮箱需要使用授权码而不是登录密码，请在QQ邮箱设置中开启SMTP服务并获取授权码
2026-03-20 09:07:25,235 - INFO - 正在连接到 smtp.qq.com:465
2026-03-20 09:07:25,236 - INFO - 使用用户名: 2741023538@qq.com
2026-03-20 09:07:25,451 - ERROR - send email error: Connection unexpectedly closed
2026-03-20 09:07:25,452 - WARNING - 提示: QQ邮箱需要使用授权码而不是登录密码，请在QQ邮箱设置中开启SMTP服务并获取授权码
2026-03-20 09:07:25,693 - INFO - 正在连接到 smtp.qq.com:465
2026-03-20 09:07:25,694 - INFO - 使用用户名: 2741023538@qq.com
2026-03-20 09:07:25,903 - ERROR - send email error: Connection unexpectedly closed
2026-03-20 09:07:25,903 - WARNING - 提示: QQ邮箱需要使用授权码而不是登录密码，请在QQ邮箱设置中开启SMTP服务并获取授权码
2026-03-20 09:07:25,903 - INFO - ============================================================

2026-03-20 09:07:35,911 - INFO - 
============================================================
2026-03-20 09:07:35,911 - INFO - 触发原因: 打印调试
2026-03-20 09:07:35,911 - INFO - 当前时间: 2026-03-20 09:07:35
2026-03-20 09:07:35,911 - INFO - 数据时间: 2026-03-20 09:07:35
2026-03-20 09:07:35,911 - INFO - 当前价格: 4944.329441908411
2026-03-20 09:07:35,911 - INFO - 上次打印时间: 2026-03-20 09:07:23
2026-03-20 09:07:35,911 - INFO - 上次打印价格: 4957.396647539533
2026-03-20 09:07:35,911 - INFO - 当前价格: 4944.329441908411
2026-03-20 09:07:35,912 - INFO - ============================================================

2026-03-20 09:07:45,916 - INFO - 
============================================================
2026-03-20 09:07:45,916 - INFO - 触发原因: 打印调试
2026-03-20 09:07:45,917 - INFO - 当前时间: 2026-03-20 09:07:45
2026-03-20 09:07:45,917 - INFO - 数据时间: 2026-03-20 09:07:45
2026-03-20 09:07:45,917 - INFO - 当前价格: 4949.501217242578
2026-03-20 09:07:45,917 - INFO - 上次打印时间: 2026-03-20 09:07:23
2026-03-20 09:07:45,917 - INFO - 上次打印价格: 4957.396647539533
2026-03-20 09:07:45,917 - INFO - 当前价格: 4949.501217242578
2026-03-20 09:07:45,918 - INFO - ============================================================

2026-03-20 09:07:55,919 - INFO - 
============================================================
2026-03-20 09:07:55,920 - INFO - 触发原因: 打印调试
2026-03-20 09:07:55,920 - INFO - 当前时间: 2026-03-20 09:07:55
2026-03-20 09:07:55,920 - INFO - 数据时间: 2026-03-20 09:07:55
2026-03-20 09:07:55,920 - INFO - 当前价格: 4955.3898140716465
2026-03-20 09:07:55,920 - INFO - 上次打印时间: 2026-03-20 09:07:23
2026-03-20 09:07:55,920 - INFO - 上次打印价格: 4957.396647539533
2026-03-20 09:07:55,921 - INFO - 当前价格: 4955.3898140716465
2026-03-20 09:07:55,921 - INFO - ============================================================

2026-03-20 09:07:55,921 - INFO - 
============================================================
2026-03-20 09:07:55,921 - INFO - 触发原因: 价格上涨超过整数变化
2026-03-20 09:07:55,921 - INFO - 当前时间: 2026-03-20 09:07:55
2026-03-20 09:07:55,921 - INFO - 数据时间: 2026-03-20 09:07:55
2026-03-20 09:07:55,921 - INFO - 当前价格: 4955.3898140716465
2026-03-20 09:07:55,921 - INFO - 上次打印时间: 2026-03-20 09:07:23
2026-03-20 09:07:55,921 - INFO - 上次打印价格: 4957.396647539533
2026-03-20 09:07:55,921 - INFO - 当前价格: 4955.3898140716465
2026-03-20 09:07:55,922 - INFO - Content-Type: multipart/mixed; boundary="===============7455479475193137888=="
MIME-Version: 1.0
Subject: =?utf-8?b?6buE6YeR5Lu35qC85o+Q6YaSIC0g5Lu35qC85LiK5rao6LaF6L+H5pW05pWw5Y+Y5YyWLOW9k+WJjeS7t+agvDQ5NTUuMzg5ODE0MDcxNjQ2NQ==?=
From: 2741023538@qq.com
To: 2741023538@qq.com

--===============7455479475193137888==
Content-Type: text/plain; charset="utf-8"
MIME-Version: 1.0
Content-Transfer-Encoding: base64

CiAgICAgICAgICAgIOm7hOmHkeS7t+agvOebkeaOp+aPkOmGkgogICAgICAgICAgICDop6blj5Hl
jp/lm6A6IOS7t+agvOS4iua2qOi2hei/h+aVtOaVsOWPmOWMlgogICAgICAgICAgICDlvZPliY3m
l7bpl7Q6IDIwMjYtMDMtMjAgMDk6MDc6NTUKICAgICAgICAgICAg5pWw5o2u5pe26Ze0OiAyMDI2
LTAzLTIwIDA5OjA3OjU1CiAgICAgICAgICAgIOW9k+WJjeS7t+agvDogNDk1NS4zODk4MTQwNzE2
NDY1CiAgICAgICAgICAgIOW3suinpuWPkeebruaghzogWzQ5NTBdCgogICAgICAgICAgICDkuIrm
rKHmiZPljbDml7bpl7Q6IDIwMjYtMDMtMjAgMDk6MDc6NTUKICAgICAgICAgICAg5LiK5qyh5omT
5Y2w5Lu35qC8OiA0OTU1LjM4OTgxNDA3MTY0NjUgIOW9k+WJjeS7t+agvDogNDk1NS4zODk4MTQw
NzE2NDY1CiAgICAgICAgICAgIA==

--===============7455479475193137888==--

2026-03-20 09:07:56,180 - INFO - 正在连接到 smtp.qq.com:465
2026-03-20 09:07:56,180 - INFO - 使用用户名: 2741023538@qq.com
2026-03-20 09:07:56,387 - ERROR - send email error: Connection unexpectedly closed
2026-03-20 09:07:56,387 - WARNING - 提示: QQ邮箱需要使用授权码而不是登录密码，请在QQ邮箱设置中开启SMTP服务并获取授权码
2026-03-20 09:07:56,623 - INFO - 正在连接到 smtp.qq.com:465
2026-03-20 09:07:56,624 - INFO - 使用用户名: 2741023538@qq.com
2026-03-20 09:07:56,850 - ERROR - send email error: Connection unexpectedly closed
2026-03-20 09:07:56,851 - WARNING - 提示: QQ邮箱需要使用授权码而不是登录密码，请在QQ邮箱设置中开启SMTP服务并获取授权码
2026-03-20 09:07:57,088 - INFO - 正在连接到 smtp.qq.com:465
2026-03-20 09:07:57,088 - INFO - 使用用户名: 2741023538@qq.com
2026-03-20 09:07:57,271 - ERROR - send email error: Connection unexpectedly closed
2026-03-20 09:07:57,271 - WARNING - 提示: QQ邮箱需要使用授权码而不是登录密码，请在QQ邮箱设置中开启SMTP服务并获取授权码
2026-03-20 09:07:57,520 - INFO - 正在连接到 smtp.qq.com:465
2026-03-20 09:07:57,520 - INFO - 使用用户名: 2741023538@qq.com
2026-03-20 09:07:57,715 - ERROR - send email error: Connection unexpectedly closed
2026-03-20 09:07:57,715 - WARNING - 提示: QQ邮箱需要使用授权码而不是登录密码，请在QQ邮箱设置中开启SMTP服务并获取授权码
2026-03-20 09:07:57,963 - INFO - 正在连接到 smtp.qq.com:465
2026-03-20 09:07:57,964 - INFO - 使用用户名: 2741023538@qq.com
2026-03-20 09:07:58,206 - ERROR - send email error: Connection unexpectedly closed
2026-03-20 09:07:58,206 - WARNING - 提示: QQ邮箱需要使用授权码而不是登录密码，请在QQ邮箱设置中开启SMTP服务并获取授权码
2026-03-20 09:07:58,448 - INFO - 正在连接到 smtp.qq.com:465
2026-03-20 09:07:58,448 - INFO - 使用用户名: 2741023538@qq.com
2026-03-20 09:07:58,673 - ERROR - send email error: Connection unexpectedly closed
2026-03-20 09:07:58,673 - WARNING - 提示: QQ邮箱需要使用授权码而不是登录密码，请在QQ邮箱设置中开启SMTP服务并获取授权码
2026-03-20 09:07:58,674 - INFO - ============================================================

2026-03-20 09:08:08,675 - INFO - 
============================================================
2026-03-20 09:08:08,675 - INFO - 触发原因: 打印调试
2026-03-20 09:08:08,675 - INFO - 当前时间: 2026-03-20 09:08:08
2026-03-20 09:08:08,675 - INFO - 数据时间: 2026-03-20 09:08:08
2026-03-20 09:08:08,675 - INFO - 当前价格: 4941.3214212848125
2026-03-20 09:08:08,675 - INFO - 上次打印时间: 2026-03-20 09:07:55
2026-03-20 09:08:08,675 - INFO - 上次打印价格: 4955.3898140716465
2026-03-20 09:08:08,675 - INFO - 当前价格: 4941.3214212848125
2026-03-20 09:08:08,675 - INFO - ============================================================

2026-03-20 09:08:08,676 - INFO - 
============================================================
2026-03-20 09:08:08,676 - INFO - 触发原因: 价格下跌超过整数变化
2026-03-20 09:08:08,676 - INFO - 当前时间: 2026-03-20 09:08:08
2026-03-20 09:08:08,676 - INFO - 数据时间: 2026-03-20 09:08:08
2026-03-20 09:08:08,676 - INFO - 当前价格: 4941.3214212848125
2026-03-20 09:08:08,677 - INFO - 上次打印时间: 2026-03-20 09:07:55
2026-03-20 09:08:08,677 - INFO - 上次打印价格: 4955.3898140716465
2026-03-20 09:08:08,677 - INFO - 当前价格: 4941.3214212848125
2026-03-20 09:08:08,677 - INFO - Content-Type: multipart/mixed; boundary="===============4423243969107828725=="
MIME-Version: 1.0
Subject: =?utf-8?b?6buE6YeR5Lu35qC85o+Q6YaSIC0g5Lu35qC85LiL6LeM6LaF6L+H5pW05pWw5Y+Y5YyWLOW9k+WJjeS7t+agvDQ5NDEuMzIxNDIxMjg0ODEyNQ==?=
From: 2741023538@qq.com
To: 2741023538@qq.com

--===============4423243969107828725==
Content-Type: text/plain; charset="utf-8"
MIME-Version: 1.0
Content-Transfer-Encoding: base64

CiAgICAgICAgICAgIOm7hOmHkeS7t+agvOebkeaOp+aPkOmGkgogICAgICAgICAgICDop6blj5Hl
jp/lm6A6IOS7t+agvOS4i+i3jOi2hei/h+aVtOaVsOWPmOWMlgogICAgICAgICAgICDlvZPliY3m
l7bpl7Q6IDIwMjYtMDMtMjAgMDk6MDg6MDgKICAgICAgICAgICAg5pWw5o2u5pe26Ze0OiAyMDI2
LTAzLTIwIDA5OjA4OjA4CiAgICAgICAgICAgIOW9k+WJjeS7t+agvDogNDk0MS4zMjE0MjEyODQ4
MTI1CiAgICAgICAgICAgIOW3suinpuWPkeebruaghzogWzQ5NTBdCgogICAgICAgICAgICDkuIrm
rKHmiZPljbDml7bpl7Q6IDIwMjYtMDMtMjAgMDk6MDg6MDgKICAgICAgICAgICAg5LiK5qyh5omT
5Y2w5Lu35qC8OiA0OTQxLjMyMTQyMTI4NDgxMjUgIOW9k+WJjeS7t+agvDogNDk0MS4zMjE0MjEy
ODQ4MTI1CiAgICAgICAgICAgIA==

--===============4423243969107828725==--

2026-03-20 09:08:08,915 - INFO - 正在连接到 smtp.qq.com:465
2026-03-20 09:08:08,915 - INFO - 使用用户名: 2741023538@qq.com
2026-03-20 09:08:09,121 - ERROR - send email error: Connection unexpectedly closed
2026-03-20 09:08:09,122 - WARNING - 提示: QQ邮箱需要使用授权码而不是登录密码，请在QQ邮箱设置中开启SMTP服务并获取授权码
2026-03-20 09:08:09,361 - INFO - 正在连接到 smtp.qq.com:465
2026-03-20 09:08:09,361 - INFO - 使用用户名: 2741023538@qq.com
2026-03-20 09:08:09,545 - ERROR - send email error: Connection unexpectedly closed
2026-03-20 09:08:09,545 - WARNING - 提示: QQ邮箱需要使用授权码而不是登录密码，请在QQ邮箱设置中开启SMTP服务并获取授权码
2026-03-20 09:08:09,784 - INFO - 正在连接到 smtp.qq.com:465
2026-03-20 09:08:09,784 - INFO - 使用用户名: 2741023538@qq.com
2026-03-20 09:08:09,997 - ERROR - send email error: Connection unexpectedly closed
2026-03-20 09:08:09,997 - WARNING - 提示: QQ邮箱需要使用授权码而不是登录密码，请在QQ邮箱设置中开启SMTP服务并获取授权码
2026-03-20 09:08:10,239 - INFO - 正在连接到 smtp.qq.com:465
2026-03-20 09:08:10,239 - INFO - 使用用户名: 2741023538@qq.com
2026-03-20 09:08:10,440 - ERROR - send email error: Connection unexpectedly closed
2026-03-20 09:08:10,440 - WARNING - 提示: QQ邮箱需要使用授权码而不是登录密码，请在QQ邮箱设置中开启SMTP服务并获取授权码
2026-03-20 09:08:10,691 - INFO - 正在连接到 smtp.qq.com:465
2026-03-20 09:08:10,691 - INFO - 使用用户名: 2741023538@qq.com
2026-03-20 09:08:10,904 - ERROR - send email error: Connection unexpectedly closed
2026-03-20 09:08:10,904 - WARNING - 提示: QQ邮箱需要使用授权码而不是登录密码，请在QQ邮箱设置中开启SMTP服务并获取授权码
2026-03-20 09:08:11,130 - INFO - 正在连接到 smtp.qq.com:465
2026-03-20 09:08:11,130 - INFO - 使用用户名: 2741023538@qq.com
2026-03-20 09:08:11,315 - ERROR - send email error: Connection unexpectedly closed
2026-03-20 09:08:11,315 - WARNING - 提示: QQ邮箱需要使用授权码而不是登录密码，请在QQ邮箱设置中开启SMTP服务并获取授权码
2026-03-20 09:08:11,315 - INFO - ============================================================

2026-03-20 09:08:21,324 - INFO - 
============================================================
2026-03-20 09:08:21,324 - INFO - 触发原因: 打印调试
2026-03-20 09:08:21,324 - INFO - 当前时间: 2026-03-20 09:08:21
2026-03-20 09:08:21,324 - INFO - 数据时间: 2026-03-20 09:08:21
2026-03-20 09:08:21,324 - INFO - 当前价格: 4945.456121408299
2026-03-20 09:08:21,324 - INFO - 上次打印时间: 2026-03-20 09:08:08
2026-03-20 09:08:21,325 - INFO - 上次打印价格: 4941.3214212848125
2026-03-20 09:08:21,325 - INFO - 当前价格: 4945.456121408299
2026-03-20 09:08:21,325 - INFO - ============================================================

2026-03-20 09:08:31,334 - INFO - 
============================================================
2026-03-20 09:08:31,334 - INFO - 触发原因: 打印调试
2026-03-20 09:08:31,334 - INFO - 当前时间: 2026-03-20 09:08:31
2026-03-20 09:08:31,334 - INFO - 数据时间: 2026-03-20 09:08:31
2026-03-20 09:08:31,335 - INFO - 当前价格: 4952.16600784093
2026-03-20 09:08:31,335 - INFO - 上次打印时间: 2026-03-20 09:08:08
2026-03-20 09:08:31,335 - INFO - 上次打印价格: 4941.3214212848125
2026-03-20 09:08:31,335 - INFO - 当前价格: 4952.16600784093
2026-03-20 09:08:31,335 - INFO - ============================================================

2026-03-20 09:08:31,336 - INFO - 
============================================================
2026-03-20 09:08:31,336 - INFO - 触发原因: 价格上涨超过整数变化
2026-03-20 09:08:31,336 - INFO - 当前时间: 2026-03-20 09:08:31
2026-03-20 09:08:31,336 - INFO - 数据时间: 2026-03-20 09:08:31
2026-03-20 09:08:31,336 - INFO - 当前价格: 4952.16600784093
2026-03-20 09:08:31,336 - INFO - 上次打印时间: 2026-03-20 09:08:08
2026-03-20 09:08:31,337 - INFO - 上次打印价格: 4941.3214212848125
2026-03-20 09:08:31,337 - INFO - 当前价格: 4952.16600784093
2026-03-20 09:08:31,338 - INFO - Content-Type: multipart/mixed; boundary="===============2715141720003919233=="
MIME-Version: 1.0
Subject: =?utf-8?b?6buE6YeR5Lu35qC85o+Q6YaSIC0g5Lu35qC85LiK5rao6LaF6L+H5pW05pWw5Y+Y5YyWLOW9k+WJjeS7t+agvDQ5NTIuMTY2MDA3ODQwOTM=?=
From: 2741023538@qq.com
To: 2741023538@qq.com

--===============2715141720003919233==
Content-Type: text/plain; charset="utf-8"
MIME-Version: 1.0
Content-Transfer-Encoding: base64

CiAgICAgICAgICAgIOm7hOmHkeS7t+agvOebkeaOp+aPkOmGkgogICAgICAgICAgICDop6blj5Hl
jp/lm6A6IOS7t+agvOS4iua2qOi2hei/h+aVtOaVsOWPmOWMlgogICAgICAgICAgICDlvZPliY3m
l7bpl7Q6IDIwMjYtMDMtMjAgMDk6MDg6MzEKICAgICAgICAgICAg5pWw5o2u5pe26Ze0OiAyMDI2
LTAzLTIwIDA5OjA4OjMxCiAgICAgICAgICAgIOW9k+WJjeS7t+agvDogNDk1Mi4xNjYwMDc4NDA5
MwogICAgICAgICAgICDlt7Lop6blj5Hnm67moIc6IFs0OTUwXQoKICAgICAgICAgICAg5LiK5qyh
5omT5Y2w5pe26Ze0OiAyMDI2LTAzLTIwIDA5OjA4OjMxCiAgICAgICAgICAgIOS4iuasoeaJk+WN
sOS7t+agvDogNDk1Mi4xNjYwMDc4NDA5MyAg5b2T5YmN5Lu35qC8OiA0OTUyLjE2NjAwNzg0MDkz
CiAgICAgICAgICAgIA==

--===============2715141720003919233==--

2026-03-20 09:08:31,589 - INFO - 正在连接到 smtp.qq.com:465
2026-03-20 09:08:31,590 - INFO - 使用用户名: 2741023538@qq.com
2026-03-20 09:08:31,802 - ERROR - send email error: Connection unexpectedly closed
2026-03-20 09:08:31,803 - WARNING - 提示: QQ邮箱需要使用授权码而不是登录密码，请在QQ邮箱设置中开启SMTP服务并获取授权码
2026-03-20 09:08:32,070 - INFO - 正在连接到 smtp.qq.com:465
2026-03-20 09:08:32,070 - INFO - 使用用户名: 2741023538@qq.com
2026-03-20 09:08:32,264 - ERROR - send email error: Connection unexpectedly closed
2026-03-20 09:08:32,264 - WARNING - 提示: QQ邮箱需要使用授权码而不是登录密码，请在QQ邮箱设置中开启SMTP服务并获取授权码
2026-03-20 09:08:32,498 - INFO - 正在连接到 smtp.qq.com:465
2026-03-20 09:08:32,498 - INFO - 使用用户名: 2741023538@qq.com
2026-03-20 09:08:32,710 - ERROR - send email error: Connection unexpectedly closed
2026-03-20 09:08:32,710 - WARNING - 提示: QQ邮箱需要使用授权码而不是登录密码，请在QQ邮箱设置中开启SMTP服务并获取授权码
2026-03-20 09:08:32,947 - INFO - 正在连接到 smtp.qq.com:465
2026-03-20 09:08:32,947 - INFO - 使用用户名: 2741023538@qq.com
2026-03-20 09:08:33,142 - ERROR - send email error: Connection unexpectedly closed
2026-03-20 09:08:33,143 - WARNING - 提示: QQ邮箱需要使用授权码而不是登录密码，请在QQ邮箱设置中开启SMTP服务并获取授权码
2026-03-20 09:08:33,382 - INFO - 正在连接到 smtp.qq.com:465
2026-03-20 09:08:33,382 - INFO - 使用用户名: 2741023538@qq.com
2026-03-20 09:08:33,569 - ERROR - send email error: Connection unexpectedly closed
2026-03-20 09:08:33,570 - WARNING - 提示: QQ邮箱需要使用授权码而不是登录密码，请在QQ邮箱设置中开启SMTP服务并获取授权码
2026-03-20 09:08:33,806 - INFO - 正在连接到 smtp.qq.com:465
2026-03-20 09:08:33,806 - INFO - 使用用户名: 2741023538@qq.com
2026-03-20 09:08:33,989 - ERROR - send email error: Connection unexpectedly closed
2026-03-20 09:08:33,989 - WARNING - 提示: QQ邮箱需要使用授权码而不是登录密码，请在QQ邮箱设置中开启SMTP服务并获取授权码
2026-03-20 09:08:33,989 - INFO - ============================================================

2026-03-20 09:08:43,991 - INFO - 
============================================================
2026-03-20 09:08:43,991 - INFO - 触发原因: 打印调试
2026-03-20 09:08:43,992 - INFO - 当前时间: 2026-03-20 09:08:43
2026-03-20 09:08:43,992 - INFO - 数据时间: 2026-03-20 09:08:43
2026-03-20 09:08:43,992 - INFO - 当前价格: 4949.15940921964
2026-03-20 09:08:43,992 - INFO - 上次打印时间: 2026-03-20 09:08:31
2026-03-20 09:08:43,992 - INFO - 上次打印价格: 4952.16600784093
2026-03-20 09:08:43,992 - INFO - 当前价格: 4949.15940921964
2026-03-20 09:08:43,992 - INFO - ============================================================

2026-03-20 09:08:53,995 - INFO - 
============================================================
2026-03-20 09:08:53,995 - INFO - 触发原因: 打印调试
2026-03-20 09:08:53,995 - INFO - 当前时间: 2026-03-20 09:08:53
2026-03-20 09:08:53,995 - INFO - 数据时间: 2026-03-20 09:08:53
2026-03-20 09:08:53,995 - INFO - 当前价格: 4940.658452963599
2026-03-20 09:08:53,996 - INFO - 上次打印时间: 2026-03-20 09:08:31
2026-03-20 09:08:53,996 - INFO - 上次打印价格: 4952.16600784093
2026-03-20 09:08:53,996 - INFO - 当前价格: 4940.658452963599
2026-03-20 09:08:53,996 - INFO - ============================================================

2026-03-20 09:08:53,996 - INFO - 
============================================================
2026-03-20 09:08:53,996 - INFO - 触发原因: 价格下跌超过整数变化
2026-03-20 09:08:53,996 - INFO - 当前时间: 2026-03-20 09:08:53
2026-03-20 09:08:53,996 - INFO - 数据时间: 2026-03-20 09:08:53
2026-03-20 09:08:53,997 - INFO - 当前价格: 4940.658452963599
2026-03-20 09:08:53,997 - INFO - 上次打印时间: 2026-03-20 09:08:31
2026-03-20 09:08:53,997 - INFO - 上次打印价格: 4952.16600784093
2026-03-20 09:08:53,997 - INFO - 当前价格: 4940.658452963599
2026-03-20 09:08:53,997 - INFO - Content-Type: multipart/mixed; boundary="===============2009369151959657413=="
MIME-Version: 1.0
Subject: =?utf-8?b?6buE6YeR5Lu35qC85o+Q6YaSIC0g5Lu35qC85LiL6LeM6LaF6L+H5pW05pWw5Y+Y5YyWLOW9k+WJjeS7t+agvDQ5NDAuNjU4NDUyOTYzNTk5?=
From: 2741023538@qq.com
To: 2741023538@qq.com

--===============2009369151959657413==
Content-Type: text/plain; charset="utf-8"
MIME-Version: 1.0
Content-Transfer-Encoding: base64

CiAgICAgICAgICAgIOm7hOmHkeS7t+agvOebkeaOp+aPkOmGkgogICAgICAgICAgICDop6blj5Hl
jp/lm6A6IOS7t+agvOS4i+i3jOi2hei/h+aVtOaVsOWPmOWMlgogICAgICAgICAgICDlvZPliY3m
l7bpl7Q6IDIwMjYtMDMtMjAgMDk6MDg6NTMKICAgICAgICAgICAg5pWw5o2u5pe26Ze0OiAyMDI2
LTAzLTIwIDA5OjA4OjUzCiAgICAgICAgICAgIOW9k+WJjeS7t+agvDogNDk0MC42NTg0NTI5NjM1
OTkKICAgICAgICAgICAg5bey6Kem5Y+R55uu5qCHOiBbNDk1MF0KCiAgICAgICAgICAgIOS4iuas
oeaJk+WNsOaXtumXtDogMjAyNi0wMy0yMCAwOTowODo1MwogICAgICAgICAgICDkuIrmrKHmiZPl
jbDku7fmoLw6IDQ5NDAuNjU4NDUyOTYzNTk5ICDlvZPliY3ku7fmoLw6IDQ5NDAuNjU4NDUyOTYz
NTk5CiAgICAgICAgICAgIA==

--===============2009369151959657413==--

2026-03-20 09:08:54,241 - INFO - 正在连接到 smtp.qq.com:465
2026-03-20 09:08:54,241 - INFO - 使用用户名: 2741023538@qq.com
2026-03-20 09:08:54,446 - ERROR - send email error: Connection unexpectedly closed
2026-03-20 09:08:54,446 - WARNING - 提示: QQ邮箱需要使用授权码而不是登录密码，请在QQ邮箱设置中开启SMTP服务并获取授权码
2026-03-20 09:08:54,708 - INFO - 正在连接到 smtp.qq.com:465
2026-03-20 09:08:54,709 - INFO - 使用用户名: 2741023538@qq.com
2026-03-20 09:08:54,924 - ERROR - send email error: Connection unexpectedly closed
2026-03-20 09:08:54,924 - WARNING - 提示: QQ邮箱需要使用授权码而不是登录密码，请在QQ邮箱设置中开启SMTP服务并获取授权码
2026-03-20 09:08:55,166 - INFO - 正在连接到 smtp.qq.com:465
2026-03-20 09:08:55,167 - INFO - 使用用户名: 2741023538@qq.com
2026-03-20 09:08:55,381 - ERROR - send email error: Connection unexpectedly closed
2026-03-20 09:08:55,381 - WARNING - 提示: QQ邮箱需要使用授权码而不是登录密码，请在QQ邮箱设置中开启SMTP服务并获取授权码
2026-03-20 09:08:55,632 - INFO - 正在连接到 smtp.qq.com:465
2026-03-20 09:08:55,632 - INFO - 使用用户名: 2741023538@qq.com
2026-03-20 09:08:55,853 - ERROR - send email error: Connection unexpectedly closed
2026-03-20 09:08:55,853 - WARNING - 提示: QQ邮箱需要使用授权码而不是登录密码，请在QQ邮箱设置中开启SMTP服务并获取授权码
2026-03-20 09:08:56,087 - INFO - 正在连接到 smtp.qq.com:465
2026-03-20 09:08:56,088 - INFO - 使用用户名: 2741023538@qq.com
2026-03-20 09:08:56,276 - ERROR - send email error: Connection unexpectedly closed
2026-03-20 09:08:56,276 - WARNING - 提示: QQ邮箱需要使用授权码而不是登录密码，请在QQ邮箱设置中开启SMTP服务并获取授权码
2026-03-20 09:08:56,503 - INFO - 正在连接到 smtp.qq.com:465
2026-03-20 09:08:56,503 - INFO - 使用用户名: 2741023538@qq.com
2026-03-20 09:08:56,718 - ERROR - send email error: Connection unexpectedly closed
2026-03-20 09:08:56,719 - WARNING - 提示: QQ邮箱需要使用授权码而不是登录密码，请在QQ邮箱设置中开启SMTP服务并获取授权码
2026-03-20 09:08:56,719 - INFO - ============================================================

2026-03-20 09:09:06,727 - INFO - 
============================================================
2026-03-20 09:09:06,728 - INFO - 触发原因: 打印调试
2026-03-20 09:09:06,728 - INFO - 当前时间: 2026-03-20 09:09:06
2026-03-20 09:09:06,728 - INFO - 数据时间: 2026-03-20 09:09:06
2026-03-20 09:09:06,728 - INFO - 当前价格: 4953.205280238619
2026-03-20 09:09:06,728 - INFO - 上次打印时间: 2026-03-20 09:08:53
2026-03-20 09:09:06,729 - INFO - 上次打印价格: 4940.658452963599
2026-03-20 09:09:06,729 - INFO - 当前价格: 4953.205280238619
2026-03-20 09:09:06,729 - INFO - ============================================================

2026-03-20 09:09:06,729 - INFO - 
============================================================
2026-03-20 09:09:06,729 - INFO - 触发原因: 价格上涨超过整数变化
2026-03-20 09:09:06,729 - INFO - 当前时间: 2026-03-20 09:09:06
2026-03-20 09:09:06,729 - INFO - 数据时间: 2026-03-20 09:09:06
2026-03-20 09:09:06,729 - INFO - 当前价格: 4953.205280238619
2026-03-20 09:09:06,729 - INFO - 上次打印时间: 2026-03-20 09:08:53
2026-03-20 09:09:06,729 - INFO - 上次打印价格: 4940.658452963599
2026-03-20 09:09:06,730 - INFO - 当前价格: 4953.205280238619
2026-03-20 09:09:06,730 - INFO - Content-Type: multipart/mixed; boundary="===============6138567085271898266=="
MIME-Version: 1.0
Subject: =?utf-8?b?6buE6YeR5Lu35qC85o+Q6YaSIC0g5Lu35qC85LiK5rao6LaF6L+H5pW05pWw5Y+Y5YyWLOW9k+WJjeS7t+agvDQ5NTMuMjA1MjgwMjM4NjE5?=
From: 2741023538@qq.com
To: 2741023538@qq.com

--===============6138567085271898266==
Content-Type: text/plain; charset="utf-8"
MIME-Version: 1.0
Content-Transfer-Encoding: base64

CiAgICAgICAgICAgIOm7hOmHkeS7t+agvOebkeaOp+aPkOmGkgogICAgICAgICAgICDop6blj5Hl
jp/lm6A6IOS7t+agvOS4iua2qOi2hei/h+aVtOaVsOWPmOWMlgogICAgICAgICAgICDlvZPliY3m
l7bpl7Q6IDIwMjYtMDMtMjAgMDk6MDk6MDYKICAgICAgICAgICAg5pWw5o2u5pe26Ze0OiAyMDI2
LTAzLTIwIDA5OjA5OjA2CiAgICAgICAgICAgIOW9k+WJjeS7t+agvDogNDk1My4yMDUyODAyMzg2
MTkKICAgICAgICAgICAg5bey6Kem5Y+R55uu5qCHOiBbNDk1MF0KCiAgICAgICAgICAgIOS4iuas
oeaJk+WNsOaXtumXtDogMjAyNi0wMy0yMCAwOTowOTowNgogICAgICAgICAgICDkuIrmrKHmiZPl
jbDku7fmoLw6IDQ5NTMuMjA1MjgwMjM4NjE5ICDlvZPliY3ku7fmoLw6IDQ5NTMuMjA1MjgwMjM4
NjE5CiAgICAgICAgICAgIA==

--===============6138567085271898266==--

2026-03-20 09:09:06,980 - INFO - 正在连接到 smtp.qq.com:465
2026-03-20 09:09:06,981 - INFO - 使用用户名: 2741023538@qq.com
2026-03-20 09:09:07,196 - ERROR - send email error: Connection unexpectedly closed
2026-03-20 09:09:07,196 - WARNING - 提示: QQ邮箱需要使用授权码而不是登录密码，请在QQ邮箱设置中开启SMTP服务并获取授权码
2026-03-20 09:09:07,438 - INFO - 正在连接到 smtp.qq.com:465
2026-03-20 09:09:07,438 - INFO - 使用用户名: 2741023538@qq.com
2026-03-20 09:09:07,673 - ERROR - send email error: Connection unexpectedly closed
2026-03-20 09:09:07,673 - WARNING - 提示: QQ邮箱需要使用授权码而不是登录密码，请在QQ邮箱设置中开启SMTP服务并获取授权码
2026-03-20 09:09:07,932 - INFO - 正在连接到 smtp.qq.com:465
2026-03-20 09:09:07,932 - INFO - 使用用户名: 2741023538@qq.com
2026-03-20 09:09:08,176 - ERROR - send email error: Connection unexpectedly closed
2026-03-20 09:09:08,176 - WARNING - 提示: QQ邮箱需要使用授权码而不是登录密码，请在QQ邮箱设置中开启SMTP服务并获取授权码
2026-03-20 09:09:08,414 - INFO - 正在连接到 smtp.qq.com:465
2026-03-20 09:09:08,414 - INFO - 使用用户名: 2741023538@qq.com
2026-03-20 09:09:08,630 - ERROR - send email error: Connection unexpectedly closed
2026-03-20 09:09:08,631 - WARNING - 提示: QQ邮箱需要使用授权码而不是登录密码，请在QQ邮箱设置中开启SMTP服务并获取授权码
2026-03-20 09:09:08,873 - INFO - 正在连接到 smtp.qq.com:465
2026-03-20 09:09:08,874 - INFO - 使用用户名: 2741023538@qq.com
2026-03-20 09:09:09,072 - ERROR - send email error: Connection unexpectedly closed
2026-03-20 09:09:09,072 - WARNING - 提示: QQ邮箱需要使用授权码而不是登录密码，请在QQ邮箱设置中开启SMTP服务并获取授权码
2026-03-20 09:09:09,301 - INFO - 正在连接到 smtp.qq.com:465
2026-03-20 09:09:09,301 - INFO - 使用用户名: 2741023538@qq.com
2026-03-20 09:09:09,524 - ERROR - send email error: Connection unexpectedly closed
2026-03-20 09:09:09,525 - WARNING - 提示: QQ邮箱需要使用授权码而不是登录密码，请在QQ邮箱设置中开启SMTP服务并获取授权码
2026-03-20 09:09:09,525 - INFO - ============================================================

2026-03-20 09:09:19,535 - INFO - 
============================================================
2026-03-20 09:09:19,535 - INFO - 触发原因: 打印调试
2026-03-20 09:09:19,536 - INFO - 当前时间: 2026-03-20 09:09:19
2026-03-20 09:09:19,536 - INFO - 数据时间: 2026-03-20 09:09:19
2026-03-20 09:09:19,536 - INFO - 当前价格: 4947.540472544504
2026-03-20 09:09:19,536 - INFO - 上次打印时间: 2026-03-20 09:09:06
2026-03-20 09:09:19,536 - INFO - 上次打印价格: 4953.205280238619
2026-03-20 09:09:19,536 - INFO - 当前价格: 4947.540472544504
2026-03-20 09:09:19,536 - INFO - ============================================================

2026-03-20 09:09:29,539 - INFO - 
============================================================
2026-03-20 09:09:29,539 - INFO - 触发原因: 打印调试
2026-03-20 09:09:29,539 - INFO - 当前时间: 2026-03-20 09:09:29
2026-03-20 09:09:29,540 - INFO - 数据时间: 2026-03-20 09:09:29
2026-03-20 09:09:29,540 - INFO - 当前价格: 4953.294785431659
2026-03-20 09:09:29,540 - INFO - 上次打印时间: 2026-03-20 09:09:06
2026-03-20 09:09:29,540 - INFO - 上次打印价格: 4953.205280238619
2026-03-20 09:09:29,540 - INFO - 当前价格: 4953.294785431659
2026-03-20 09:09:29,540 - INFO - ============================================================

2026-03-20 09:09:39,545 - INFO - 
============================================================
2026-03-20 09:09:39,545 - INFO - 触发原因: 打印调试
2026-03-20 09:09:39,545 - INFO - 当前时间: 2026-03-20 09:09:39
2026-03-20 09:09:39,545 - INFO - 数据时间: 2026-03-20 09:09:39
2026-03-20 09:09:39,545 - INFO - 当前价格: 4945.514124746027
2026-03-20 09:09:39,545 - INFO - 上次打印时间: 2026-03-20 09:09:06
2026-03-20 09:09:39,545 - INFO - 上次打印价格: 4953.205280238619
2026-03-20 09:09:39,545 - INFO - 当前价格: 4945.514124746027
2026-03-20 09:09:39,546 - INFO - ============================================================

2026-03-20 09:09:49,549 - INFO - 
============================================================
2026-03-20 09:09:49,550 - INFO - 触发原因: 打印调试
2026-03-20 09:09:49,550 - INFO - 当前时间: 2026-03-20 09:09:49
2026-03-20 09:09:49,550 - INFO - 数据时间: 2026-03-20 09:09:49
2026-03-20 09:09:49,550 - INFO - 当前价格: 4947.253754121025
2026-03-20 09:09:49,550 - INFO - 上次打印时间: 2026-03-20 09:09:06
2026-03-20 09:09:49,551 - INFO - 上次打印价格: 4953.205280238619
2026-03-20 09:09:49,551 - INFO - 当前价格: 4947.253754121025
2026-03-20 09:09:49,551 - INFO - ============================================================

2026-03-20 09:09:59,556 - INFO - 
============================================================
2026-03-20 09:09:59,556 - INFO - 触发原因: 打印调试
2026-03-20 09:09:59,556 - INFO - 当前时间: 2026-03-20 09:09:59
2026-03-20 09:09:59,557 - INFO - 数据时间: 2026-03-20 09:09:59
2026-03-20 09:09:59,557 - INFO - 当前价格: 4951.2684812120415
2026-03-20 09:09:59,557 - INFO - 上次打印时间: 2026-03-20 09:09:06
2026-03-20 09:09:59,557 - INFO - 上次打印价格: 4953.205280238619
2026-03-20 09:09:59,557 - INFO - 当前价格: 4951.2684812120415
2026-03-20 09:09:59,558 - INFO - ============================================================

2026-03-20 09:10:09,573 - INFO - 
============================================================
2026-03-20 09:10:09,574 - INFO - 触发原因: 打印调试
2026-03-20 09:10:09,574 - INFO - 当前时间: 2026-03-20 09:10:09
2026-03-20 09:10:09,574 - INFO - 数据时间: 2026-03-20 09:10:09
2026-03-20 09:10:09,574 - INFO - 当前价格: 4947.703917448641
2026-03-20 09:10:09,574 - INFO - 上次打印时间: 2026-03-20 09:09:06
2026-03-20 09:10:09,575 - INFO - 上次打印价格: 4953.205280238619
2026-03-20 09:10:09,575 - INFO - 当前价格: 4947.703917448641
2026-03-20 09:10:09,575 - INFO - ============================================================

2026-03-20 09:10:19,583 - INFO - 
============================================================
2026-03-20 09:10:19,583 - INFO - 触发原因: 打印调试
2026-03-20 09:10:19,583 - INFO - 当前时间: 2026-03-20 09:10:19
2026-03-20 09:10:19,583 - INFO - 数据时间: 2026-03-20 09:10:19
2026-03-20 09:10:19,583 - INFO - 当前价格: 4950.751945600254
2026-03-20 09:10:19,584 - INFO - 上次打印时间: 2026-03-20 09:09:06
2026-03-20 09:10:19,584 - INFO - 上次打印价格: 4953.205280238619
2026-03-20 09:10:19,584 - INFO - 当前价格: 4950.751945600254
2026-03-20 09:10:19,584 - INFO - ============================================================

2026-03-20 09:10:29,598 - INFO - 
============================================================
2026-03-20 09:10:29,598 - INFO - 触发原因: 打印调试
2026-03-20 09:10:29,599 - INFO - 当前时间: 2026-03-20 09:10:29
2026-03-20 09:10:29,599 - INFO - 数据时间: 2026-03-20 09:10:29
2026-03-20 09:10:29,599 - INFO - 当前价格: 4952.5768522786375
2026-03-20 09:10:29,599 - INFO - 上次打印时间: 2026-03-20 09:09:06
2026-03-20 09:10:29,599 - INFO - 上次打印价格: 4953.205280238619
2026-03-20 09:10:29,599 - INFO - 当前价格: 4952.5768522786375
2026-03-20 09:10:29,599 - INFO - ============================================================

2026-03-20 09:10:39,612 - INFO - 
============================================================
2026-03-20 09:10:39,613 - INFO - 触发原因: 打印调试
2026-03-20 09:10:39,613 - INFO - 当前时间: 2026-03-20 09:10:39
2026-03-20 09:10:39,613 - INFO - 数据时间: 2026-03-20 09:10:39
2026-03-20 09:10:39,613 - INFO - 当前价格: 4952.713447495174
2026-03-20 09:10:39,613 - INFO - 上次打印时间: 2026-03-20 09:09:06
2026-03-20 09:10:39,613 - INFO - 上次打印价格: 4953.205280238619
2026-03-20 09:10:39,614 - INFO - 当前价格: 4952.713447495174
2026-03-20 09:10:39,614 - INFO - ============================================================

2026-03-20 09:10:49,619 - INFO - 
============================================================
2026-03-20 09:10:49,620 - INFO - 触发原因: 打印调试
2026-03-20 09:10:49,620 - INFO - 当前时间: 2026-03-20 09:10:49
2026-03-20 09:10:49,620 - INFO - 数据时间: 2026-03-20 09:10:49
2026-03-20 09:10:49,620 - INFO - 当前价格: 4956.602320804861
2026-03-20 09:10:49,620 - INFO - 上次打印时间: 2026-03-20 09:09:06
2026-03-20 09:10:49,620 - INFO - 上次打印价格: 4953.205280238619
2026-03-20 09:10:49,620 - INFO - 当前价格: 4956.602320804861
2026-03-20 09:10:49,620 - INFO - ============================================================

2026-03-20 09:10:59,628 - INFO - 
============================================================
2026-03-20 09:10:59,628 - INFO - 触发原因: 打印调试
2026-03-20 09:10:59,628 - INFO - 当前时间: 2026-03-20 09:10:59
2026-03-20 09:10:59,628 - INFO - 数据时间: 2026-03-20 09:10:59
2026-03-20 09:10:59,628 - INFO - 当前价格: 4946.755258160415
2026-03-20 09:10:59,628 - INFO - 上次打印时间: 2026-03-20 09:09:06
2026-03-20 09:10:59,628 - INFO - 上次打印价格: 4953.205280238619
2026-03-20 09:10:59,628 - INFO - 当前价格: 4946.755258160415
2026-03-20 09:10:59,628 - INFO - ============================================================

2026-03-20 09:11:09,634 - INFO - 
============================================================
2026-03-20 09:11:09,635 - INFO - 触发原因: 打印调试
2026-03-20 09:11:09,635 - INFO - 当前时间: 2026-03-20 09:11:09
2026-03-20 09:11:09,635 - INFO - 数据时间: 2026-03-20 09:11:09
2026-03-20 09:11:09,635 - INFO - 当前价格: 4951.576940547884
2026-03-20 09:11:09,635 - INFO - 上次打印时间: 2026-03-20 09:09:06
2026-03-20 09:11:09,635 - INFO - 上次打印价格: 4953.205280238619
2026-03-20 09:11:09,635 - INFO - 当前价格: 4951.576940547884
2026-03-20 09:11:09,635 - INFO - ============================================================

2026-03-20 09:14:20,888 - INFO - 黄金价格监控系统启动...
2026-03-20 09:14:20,888 - INFO - 上涨目标价格: [4950, 4980, 5000, 5030, 5080, 5100, 5200]
2026-03-20 09:14:20,889 - INFO - 下跌目标价格: [4900, 4880, 4800, 4720, 4700, 4650, 4600, 4500]
2026-03-20 09:14:20,889 - INFO - 监控开始...

2026-03-20 09:14:30,898 - INFO - 
============================================================
2026-03-20 09:14:30,898 - INFO - 触发原因: 打印调试
2026-03-20 09:14:30,898 - INFO - 当前时间: 2026-03-20 09:14:30
2026-03-20 09:14:30,899 - INFO - 数据时间: 2026-03-20 09:14:30
2026-03-20 09:14:30,899 - INFO - 当前价格: 4944.382363407798
2026-03-20 09:14:30,899 - INFO - ============================================================

2026-03-20 09:14:30,899 - INFO - 
============================================================
2026-03-20 09:14:30,899 - INFO - 触发原因: 价格上涨超过整数变化
2026-03-20 09:14:30,899 - INFO - 当前时间: 2026-03-20 09:14:30
2026-03-20 09:14:30,899 - INFO - 数据时间: 2026-03-20 09:14:30
2026-03-20 09:14:30,899 - INFO - 当前价格: 4944.382363407798
2026-03-20 09:14:30,901 - INFO - Content-Type: multipart/mixed; boundary="===============2811002659973263285=="
MIME-Version: 1.0
Subject: =?utf-8?b?6buE6YeR5Lu35qC85o+Q6YaSIC0g5Lu35qC85LiK5rao6LaF6L+H5pW05pWw5Y+Y5YyWLOW9k+WJjeS7t+agvDQ5NDQuMzgyMzYzNDA3Nzk4?=
From: 2741023538@qq.com
To: 2741023538@qq.com

--===============2811002659973263285==
Content-Type: text/plain; charset="utf-8"
MIME-Version: 1.0
Content-Transfer-Encoding: base64

CiAgICAgICAgICAgIOm7hOmHkeS7t+agvOebkeaOp+aPkOmGkgogICAgICAgICAgICDop6blj5Hl
jp/lm6A6IOS7t+agvOS4iua2qOi2hei/h+aVtOaVsOWPmOWMlgogICAgICAgICAgICDlvZPliY3m
l7bpl7Q6IDIwMjYtMDMtMjAgMDk6MTQ6MzAKICAgICAgICAgICAg5pWw5o2u5pe26Ze0OiAyMDI2
LTAzLTIwIDA5OjE0OjMwCiAgICAgICAgICAgIOW9k+WJjeS7t+agvDogNDk0NC4zODIzNjM0MDc3
OTgKICAgICAgICAgICAg5bey6Kem5Y+R55uu5qCHOiBbXQoKICAgICAgICAgICAg5LiK5qyh5omT
5Y2w5pe26Ze0OiAyMDI2LTAzLTIwIDA5OjE0OjMwCiAgICAgICAgICAgIOS4iuasoeaJk+WNsOS7
t+agvDogNDk0NC4zODIzNjM0MDc3OTggIOW9k+WJjeS7t+agvDogNDk0NC4zODIzNjM0MDc3OTgK
ICAgICAgICAgICAg

--===============2811002659973263285==--

2026-03-20 09:14:31,214 - INFO - 正在连接到 smtp.qq.com:465
2026-03-20 09:14:31,214 - INFO - 使用用户名: 2741023538@qq.com
2026-03-20 09:14:31,279 - ERROR - 监控异常: 'ascii' codec can't encode characters in position 19-21: ordinal not in range(128)
2026-03-20 09:14:46,294 - INFO - 
============================================================
2026-03-20 09:14:46,294 - INFO - 触发原因: 打印调试
2026-03-20 09:14:46,294 - INFO - 当前时间: 2026-03-20 09:14:46
2026-03-20 09:14:46,294 - INFO - 数据时间: 2026-03-20 09:14:46
2026-03-20 09:14:46,294 - INFO - 当前价格: 4954.660684363373
2026-03-20 09:14:46,295 - INFO - 上次打印时间: 2026-03-20 09:14:30
2026-03-20 09:14:46,295 - INFO - 上次打印价格: 4944.382363407798
2026-03-20 09:14:46,295 - INFO - 当前价格: 4954.660684363373
2026-03-20 09:14:46,295 - INFO - ============================================================

2026-03-20 09:14:46,295 - INFO - 
============================================================
2026-03-20 09:14:46,295 - INFO - 触发原因: 上涨目标 4950 已达成
2026-03-20 09:14:46,295 - INFO - 当前时间: 2026-03-20 09:14:46
2026-03-20 09:14:46,295 - INFO - 数据时间: 2026-03-20 09:14:46
2026-03-20 09:14:46,295 - INFO - 当前价格: 4954.660684363373
2026-03-20 09:14:46,296 - INFO - 上次打印时间: 2026-03-20 09:14:30
2026-03-20 09:14:46,296 - INFO - 上次打印价格: 4944.382363407798
2026-03-20 09:14:46,296 - INFO - 当前价格: 4954.660684363373
2026-03-20 09:14:46,296 - INFO - Content-Type: multipart/mixed; boundary="===============1682328238708394266=="
MIME-Version: 1.0
Subject: =?utf-8?b?6buE6YeR5Lu35qC85o+Q6YaSIC0g5LiK5rao55uu5qCHIDQ5NTAg5bey6L6+5oiQLOW9k+WJjeS7t+agvDQ5NTQuNjYwNjg0MzYzMzcz?=
From: 2741023538@qq.com
To: 2741023538@qq.com

--===============1682328238708394266==
Content-Type: text/plain; charset="utf-8"
MIME-Version: 1.0
Content-Transfer-Encoding: base64

CiAgICAgICAgICAgIOm7hOmHkeS7t+agvOebkeaOp+aPkOmGkgogICAgICAgICAgICDop6blj5Hl
jp/lm6A6IOS4iua2qOebruaghyA0OTUwIOW3sui+vuaIkAogICAgICAgICAgICDlvZPliY3ml7bp
l7Q6IDIwMjYtMDMtMjAgMDk6MTQ6NDYKICAgICAgICAgICAg5pWw5o2u5pe26Ze0OiAyMDI2LTAz
LTIwIDA5OjE0OjQ2CiAgICAgICAgICAgIOW9k+WJjeS7t+agvDogNDk1NC42NjA2ODQzNjMzNzMK
ICAgICAgICAgICAg5bey6Kem5Y+R55uu5qCHOiBbNDk1MF0KCiAgICAgICAgICAgIOS4iuasoeaJ
k+WNsOaXtumXtDogMjAyNi0wMy0yMCAwOToxNDo0NgogICAgICAgICAgICDkuIrmrKHmiZPljbDk
u7fmoLw6IDQ5NTQuNjYwNjg0MzYzMzczICDlvZPliY3ku7fmoLw6IDQ5NTQuNjYwNjg0MzYzMzcz
CiAgICAgICAgICAgIA==

--===============1682328238708394266==--

2026-03-20 09:14:46,577 - INFO - 正在连接到 smtp.qq.com:465
2026-03-20 09:14:46,577 - INFO - 使用用户名: 2741023538@qq.com
2026-03-20 09:14:46,639 - ERROR - 监控异常: 'ascii' codec can't encode characters in position 19-21: ordinal not in range(128)
2026-03-20 09:15:01,657 - INFO - 
============================================================
2026-03-20 09:15:01,657 - INFO - 触发原因: 打印调试
2026-03-20 09:15:01,658 - INFO - 当前时间: 2026-03-20 09:15:01
2026-03-20 09:15:01,658 - INFO - 数据时间: 2026-03-20 09:15:01
2026-03-20 09:15:01,658 - INFO - 当前价格: 4941.01583464626
2026-03-20 09:15:01,658 - INFO - 上次打印时间: 2026-03-20 09:14:46
2026-03-20 09:15:01,658 - INFO - 上次打印价格: 4954.660684363373
2026-03-20 09:15:01,658 - INFO - 当前价格: 4941.01583464626
2026-03-20 09:15:01,658 - INFO - ============================================================

2026-03-20 09:15:11,661 - INFO - 
============================================================
2026-03-20 09:15:11,661 - INFO - 触发原因: 打印调试
2026-03-20 09:15:11,661 - INFO - 当前时间: 2026-03-20 09:15:11
2026-03-20 09:15:11,662 - INFO - 数据时间: 2026-03-20 09:15:11
2026-03-20 09:15:11,662 - INFO - 当前价格: 4949.103819302445
2026-03-20 09:15:11,662 - INFO - 上次打印时间: 2026-03-20 09:14:46
2026-03-20 09:15:11,662 - INFO - 上次打印价格: 4954.660684363373
2026-03-20 09:15:11,662 - INFO - 当前价格: 4949.103819302445
2026-03-20 09:15:11,662 - INFO - ============================================================

2026-03-20 09:15:21,667 - INFO - 
============================================================
2026-03-20 09:15:21,667 - INFO - 触发原因: 打印调试
2026-03-20 09:15:21,667 - INFO - 当前时间: 2026-03-20 09:15:21
2026-03-20 09:15:21,667 - INFO - 数据时间: 2026-03-20 09:15:21
2026-03-20 09:15:21,668 - INFO - 当前价格: 4950.85540549242
2026-03-20 09:15:21,668 - INFO - 上次打印时间: 2026-03-20 09:14:46
2026-03-20 09:15:21,668 - INFO - 上次打印价格: 4954.660684363373
2026-03-20 09:15:21,668 - INFO - 当前价格: 4950.85540549242
2026-03-20 09:15:21,668 - INFO - ============================================================

2026-03-20 09:15:31,675 - INFO - 
============================================================
2026-03-20 09:15:31,675 - INFO - 触发原因: 打印调试
2026-03-20 09:15:31,676 - INFO - 当前时间: 2026-03-20 09:15:31
2026-03-20 09:15:31,676 - INFO - 数据时间: 2026-03-20 09:15:31
2026-03-20 09:15:31,676 - INFO - 当前价格: 4952.836085490076
2026-03-20 09:15:31,676 - INFO - 上次打印时间: 2026-03-20 09:14:46
2026-03-20 09:15:31,676 - INFO - 上次打印价格: 4954.660684363373
2026-03-20 09:15:31,676 - INFO - 当前价格: 4952.836085490076
2026-03-20 09:15:31,676 - INFO - ============================================================

2026-03-20 09:15:41,678 - INFO - 
============================================================
2026-03-20 09:15:41,679 - INFO - 触发原因: 打印调试
2026-03-20 09:15:41,679 - INFO - 当前时间: 2026-03-20 09:15:41
2026-03-20 09:15:41,679 - INFO - 数据时间: 2026-03-20 09:15:41
2026-03-20 09:15:41,679 - INFO - 当前价格: 4948.91022081486
2026-03-20 09:15:41,679 - INFO - 上次打印时间: 2026-03-20 09:14:46
2026-03-20 09:15:41,680 - INFO - 上次打印价格: 4954.660684363373
2026-03-20 09:15:41,680 - INFO - 当前价格: 4948.91022081486
2026-03-20 09:15:41,680 - INFO - ============================================================

2026-03-20 09:15:51,690 - INFO - 
============================================================
2026-03-20 09:15:51,690 - INFO - 触发原因: 打印调试
2026-03-20 09:15:51,690 - INFO - 当前时间: 2026-03-20 09:15:51
2026-03-20 09:15:51,690 - INFO - 数据时间: 2026-03-20 09:15:51
2026-03-20 09:15:51,690 - INFO - 当前价格: 4944.738480020863
2026-03-20 09:15:51,690 - INFO - 上次打印时间: 2026-03-20 09:14:46
2026-03-20 09:15:51,690 - INFO - 上次打印价格: 4954.660684363373
2026-03-20 09:15:51,690 - INFO - 当前价格: 4944.738480020863
2026-03-20 09:15:51,691 - INFO - ============================================================

2026-03-20 09:16:01,695 - INFO - 
============================================================
2026-03-20 09:16:01,695 - INFO - 触发原因: 打印调试
2026-03-20 09:16:01,695 - INFO - 当前时间: 2026-03-20 09:16:01
2026-03-20 09:16:01,696 - INFO - 数据时间: 2026-03-20 09:16:01
2026-03-20 09:16:01,696 - INFO - 当前价格: 4949.547454343955
2026-03-20 09:16:01,696 - INFO - 上次打印时间: 2026-03-20 09:14:46
2026-03-20 09:16:01,696 - INFO - 上次打印价格: 4954.660684363373
2026-03-20 09:16:01,696 - INFO - 当前价格: 4949.547454343955
2026-03-20 09:16:01,696 - INFO - ============================================================

2026-03-20 09:16:11,705 - INFO - 
============================================================
2026-03-20 09:16:11,705 - INFO - 触发原因: 打印调试
2026-03-20 09:16:11,705 - INFO - 当前时间: 2026-03-20 09:16:11
2026-03-20 09:16:11,705 - INFO - 数据时间: 2026-03-20 09:16:11
2026-03-20 09:16:11,706 - INFO - 当前价格: 4949.177354834039
2026-03-20 09:16:11,706 - INFO - 上次打印时间: 2026-03-20 09:14:46
2026-03-20 09:16:11,706 - INFO - 上次打印价格: 4954.660684363373
2026-03-20 09:16:11,706 - INFO - 当前价格: 4949.177354834039
2026-03-20 09:16:11,706 - INFO - ============================================================

2026-03-20 09:16:21,713 - INFO - 
============================================================
2026-03-20 09:16:21,713 - INFO - 触发原因: 打印调试
2026-03-20 09:16:21,713 - INFO - 当前时间: 2026-03-20 09:16:21
2026-03-20 09:16:21,713 - INFO - 数据时间: 2026-03-20 09:16:21
2026-03-20 09:16:21,713 - INFO - 当前价格: 4951.727330861074
2026-03-20 09:16:21,714 - INFO - 上次打印时间: 2026-03-20 09:14:46
2026-03-20 09:16:21,714 - INFO - 上次打印价格: 4954.660684363373
2026-03-20 09:16:21,714 - INFO - 当前价格: 4951.727330861074
2026-03-20 09:16:21,714 - INFO - ============================================================

2026-03-20 09:16:31,721 - INFO - 
============================================================
2026-03-20 09:16:31,721 - INFO - 触发原因: 打印调试
2026-03-20 09:16:31,721 - INFO - 当前时间: 2026-03-20 09:16:31
2026-03-20 09:16:31,722 - INFO - 数据时间: 2026-03-20 09:16:31
2026-03-20 09:16:31,722 - INFO - 当前价格: 4943.393313570773
2026-03-20 09:16:31,722 - INFO - 上次打印时间: 2026-03-20 09:14:46
2026-03-20 09:16:31,722 - INFO - 上次打印价格: 4954.660684363373
2026-03-20 09:16:31,722 - INFO - 当前价格: 4943.393313570773
2026-03-20 09:16:31,723 - INFO - ============================================================

2026-03-20 09:16:41,724 - INFO - 
============================================================
2026-03-20 09:16:41,724 - INFO - 触发原因: 打印调试
2026-03-20 09:16:41,725 - INFO - 当前时间: 2026-03-20 09:16:41
2026-03-20 09:16:41,725 - INFO - 数据时间: 2026-03-20 09:16:41
2026-03-20 09:16:41,725 - INFO - 当前价格: 4944.860416766723
2026-03-20 09:16:41,725 - INFO - 上次打印时间: 2026-03-20 09:14:46
2026-03-20 09:16:41,726 - INFO - 上次打印价格: 4954.660684363373
2026-03-20 09:16:41,726 - INFO - 当前价格: 4944.860416766723
2026-03-20 09:16:41,726 - INFO - ============================================================

2026-03-20 09:16:51,730 - INFO - 
============================================================
2026-03-20 09:16:51,730 - INFO - 触发原因: 打印调试
2026-03-20 09:16:51,731 - INFO - 当前时间: 2026-03-20 09:16:51
2026-03-20 09:16:51,731 - INFO - 数据时间: 2026-03-20 09:16:51
2026-03-20 09:16:51,731 - INFO - 当前价格: 4952.410569077117
2026-03-20 09:16:51,731 - INFO - 上次打印时间: 2026-03-20 09:14:46
2026-03-20 09:16:51,731 - INFO - 上次打印价格: 4954.660684363373
2026-03-20 09:16:51,731 - INFO - 当前价格: 4952.410569077117
2026-03-20 09:16:51,731 - INFO - ============================================================

2026-03-20 09:17:01,741 - INFO - 
============================================================
2026-03-20 09:17:01,742 - INFO - 触发原因: 打印调试
2026-03-20 09:17:01,742 - INFO - 当前时间: 2026-03-20 09:17:01
2026-03-20 09:17:01,742 - INFO - 数据时间: 2026-03-20 09:17:01
2026-03-20 09:17:01,742 - INFO - 当前价格: 4940.933578326102
2026-03-20 09:17:01,743 - INFO - 上次打印时间: 2026-03-20 09:14:46
2026-03-20 09:17:01,743 - INFO - 上次打印价格: 4954.660684363373
2026-03-20 09:17:01,743 - INFO - 当前价格: 4940.933578326102
2026-03-20 09:17:01,743 - INFO - ============================================================

2026-03-20 09:17:11,749 - INFO - 
============================================================
2026-03-20 09:17:11,749 - INFO - 触发原因: 打印调试
2026-03-20 09:17:11,750 - INFO - 当前时间: 2026-03-20 09:17:11
2026-03-20 09:17:11,750 - INFO - 数据时间: 2026-03-20 09:17:11
2026-03-20 09:17:11,750 - INFO - 当前价格: 4952.297753114335
2026-03-20 09:17:11,750 - INFO - 上次打印时间: 2026-03-20 09:14:46
2026-03-20 09:17:11,750 - INFO - 上次打印价格: 4954.660684363373
2026-03-20 09:17:11,750 - INFO - 当前价格: 4952.297753114335
2026-03-20 09:17:11,750 - INFO - ============================================================

2026-03-20 09:17:21,758 - INFO - 
============================================================
2026-03-20 09:17:21,758 - INFO - 触发原因: 打印调试
2026-03-20 09:17:21,758 - INFO - 当前时间: 2026-03-20 09:17:21
2026-03-20 09:17:21,759 - INFO - 数据时间: 2026-03-20 09:17:21
2026-03-20 09:17:21,759 - INFO - 当前价格: 4943.326544919085
2026-03-20 09:17:21,759 - INFO - 上次打印时间: 2026-03-20 09:14:46
2026-03-20 09:17:21,759 - INFO - 上次打印价格: 4954.660684363373
2026-03-20 09:17:21,759 - INFO - 当前价格: 4943.326544919085
2026-03-20 09:17:21,759 - INFO - ============================================================

2026-03-20 09:17:31,764 - INFO - 
============================================================
2026-03-20 09:17:31,765 - INFO - 触发原因: 打印调试
2026-03-20 09:17:31,765 - INFO - 当前时间: 2026-03-20 09:17:31
2026-03-20 09:17:31,765 - INFO - 数据时间: 2026-03-20 09:17:31
2026-03-20 09:17:31,765 - INFO - 当前价格: 4953.205180989774
2026-03-20 09:17:31,766 - INFO - 上次打印时间: 2026-03-20 09:14:46
2026-03-20 09:17:31,766 - INFO - 上次打印价格: 4954.660684363373
2026-03-20 09:17:31,766 - INFO - 当前价格: 4953.205180989774
2026-03-20 09:17:31,766 - INFO - ============================================================

2026-03-20 09:17:41,771 - INFO - 
============================================================
2026-03-20 09:17:41,771 - INFO - 触发原因: 打印调试
2026-03-20 09:17:41,771 - INFO - 当前时间: 2026-03-20 09:17:41
2026-03-20 09:17:41,772 - INFO - 数据时间: 2026-03-20 09:17:41
2026-03-20 09:17:41,772 - INFO - 当前价格: 4954.538799327233
2026-03-20 09:17:41,772 - INFO - 上次打印时间: 2026-03-20 09:14:46
2026-03-20 09:17:41,772 - INFO - 上次打印价格: 4954.660684363373
2026-03-20 09:17:41,772 - INFO - 当前价格: 4954.538799327233
2026-03-20 09:17:41,772 - INFO - ============================================================

2026-03-20 09:17:41,772 - INFO - 
============================================================
2026-03-20 09:17:41,773 - INFO - 触发原因: 价格上涨超过整数变化
2026-03-20 09:17:41,773 - INFO - 当前时间: 2026-03-20 09:17:41
2026-03-20 09:17:41,773 - INFO - 数据时间: 2026-03-20 09:17:41
2026-03-20 09:17:41,773 - INFO - 当前价格: 4954.538799327233
2026-03-20 09:17:41,773 - INFO - 上次打印时间: 2026-03-20 09:14:46
2026-03-20 09:17:41,773 - INFO - 上次打印价格: 4954.660684363373
2026-03-20 09:17:41,773 - INFO - 当前价格: 4954.538799327233
2026-03-20 09:17:41,774 - INFO - Content-Type: multipart/mixed; boundary="===============5239820008596755588=="
MIME-Version: 1.0
Subject: =?utf-8?b?6buE6YeR5Lu35qC85o+Q6YaSIC0g5Lu35qC85LiK5rao6LaF6L+H5pW05pWw5Y+Y5YyWLOW9k+WJjeS7t+agvDQ5NTQuNTM4Nzk5MzI3MjMz?=
From: 2741023538@qq.com
To: 2741023538@qq.com

--===============5239820008596755588==
Content-Type: text/plain; charset="utf-8"
MIME-Version: 1.0
Content-Transfer-Encoding: base64

CiAgICAgICAgICAgIOm7hOmHkeS7t+agvOebkeaOp+aPkOmGkgogICAgICAgICAgICDop6blj5Hl
jp/lm6A6IOS7t+agvOS4iua2qOi2hei/h+aVtOaVsOWPmOWMlgogICAgICAgICAgICDlvZPliY3m
l7bpl7Q6IDIwMjYtMDMtMjAgMDk6MTc6NDEKICAgICAgICAgICAg5pWw5o2u5pe26Ze0OiAyMDI2
LTAzLTIwIDA5OjE3OjQxCiAgICAgICAgICAgIOW9k+WJjeS7t+agvDogNDk1NC41Mzg3OTkzMjcy
MzMKICAgICAgICAgICAg5bey6Kem5Y+R55uu5qCHOiBbNDk1MF0KCiAgICAgICAgICAgIOS4iuas
oeaJk+WNsOaXtumXtDogMjAyNi0wMy0yMCAwOToxNzo0MQogICAgICAgICAgICDkuIrmrKHmiZPl
jbDku7fmoLw6IDQ5NTQuNTM4Nzk5MzI3MjMzICDlvZPliY3ku7fmoLw6IDQ5NTQuNTM4Nzk5MzI3
MjMzCiAgICAgICAgICAgIA==

--===============5239820008596755588==--

2026-03-20 09:17:42,059 - INFO - 正在连接到 smtp.qq.com:465
2026-03-20 09:17:42,060 - INFO - 使用用户名: 2741023538@qq.com
2026-03-20 09:17:42,120 - ERROR - 监控异常: 'ascii' codec can't encode characters in position 19-21: ordinal not in range(128)
2026-03-20 09:17:43,542 - INFO - 黄金价格监控系统启动...
2026-03-20 09:17:43,543 - INFO - 上涨目标价格: [4950, 4980, 5000, 5030, 5080, 5100, 5200]
2026-03-20 09:17:43,543 - INFO - 下跌目标价格: [4900, 4880, 4800, 4720, 4700, 4650, 4600, 4500]
2026-03-20 09:17:43,543 - INFO - 监控开始...

2026-03-20 09:17:53,556 - INFO - 
============================================================
2026-03-20 09:17:53,556 - INFO - 触发原因: 打印调试
2026-03-20 09:17:53,556 - INFO - 当前时间: 2026-03-20 09:17:53
2026-03-20 09:17:53,556 - INFO - 数据时间: 2026-03-20 09:17:53
2026-03-20 09:17:53,556 - INFO - 当前价格: 4955.617576438051
2026-03-20 09:17:53,556 - INFO - ============================================================

2026-03-20 09:17:53,557 - INFO - 
============================================================
2026-03-20 09:17:53,557 - INFO - 触发原因: 上涨目标 4950 已达成
2026-03-20 09:17:53,557 - INFO - 当前时间: 2026-03-20 09:17:53
2026-03-20 09:17:53,557 - INFO - 数据时间: 2026-03-20 09:17:53
2026-03-20 09:17:53,557 - INFO - 当前价格: 4955.617576438051
2026-03-20 09:17:53,558 - INFO - Content-Type: multipart/mixed; boundary="===============0486311856698571287=="
MIME-Version: 1.0
Subject: =?utf-8?b?6buE6YeR5Lu35qC85o+Q6YaSIC0g5LiK5rao55uu5qCHIDQ5NTAg5bey6L6+5oiQLOW9k+WJjeS7t+agvDQ5NTUuNjE3NTc2NDM4MDUx?=
From: 2741023538@qq.com
To: 2741023538@qq.com

--===============0486311856698571287==
Content-Type: text/plain; charset="utf-8"
MIME-Version: 1.0
Content-Transfer-Encoding: base64

CiAgICAgICAgICAgIOm7hOmHkeS7t+agvOebkeaOp+aPkOmGkgogICAgICAgICAgICDop6blj5Hl
jp/lm6A6IOS4iua2qOebruaghyA0OTUwIOW3sui+vuaIkAogICAgICAgICAgICDlvZPliY3ml7bp
l7Q6IDIwMjYtMDMtMjAgMDk6MTc6NTMKICAgICAgICAgICAg5pWw5o2u5pe26Ze0OiAyMDI2LTAz
LTIwIDA5OjE3OjUzCiAgICAgICAgICAgIOW9k+WJjeS7t+agvDogNDk1NS42MTc1NzY0MzgwNTEK
ICAgICAgICAgICAg5bey6Kem5Y+R55uu5qCHOiBbNDk1MF0KCiAgICAgICAgICAgIOS4iuasoeaJ
k+WNsOaXtumXtDogMjAyNi0wMy0yMCAwOToxNzo1MwogICAgICAgICAgICDkuIrmrKHmiZPljbDk
u7fmoLw6IDQ5NTUuNjE3NTc2NDM4MDUxICDlvZPliY3ku7fmoLw6IDQ5NTUuNjE3NTc2NDM4MDUx
CiAgICAgICAgICAgIA==

--===============0486311856698571287==--

2026-03-20 09:17:53,823 - INFO - 正在连接到 smtp.qq.com:465
2026-03-20 09:17:53,824 - INFO - 使用用户名: 2741023538@qq.com
2026-03-20 09:17:53,876 - ERROR - 监控异常: 'ascii' codec can't encode characters in position 19-21: ordinal not in range(128)
2026-03-20 09:18:08,888 - INFO - 
============================================================
2026-03-20 09:18:08,888 - INFO - 触发原因: 打印调试
2026-03-20 09:18:08,888 - INFO - 当前时间: 2026-03-20 09:18:08
2026-03-20 09:18:08,888 - INFO - 数据时间: 2026-03-20 09:18:08
2026-03-20 09:18:08,888 - INFO - 当前价格: 4957.012056345401
2026-03-20 09:18:08,889 - INFO - 上次打印时间: 2026-03-20 09:17:53
2026-03-20 09:18:08,889 - INFO - 上次打印价格: 4955.617576438051
2026-03-20 09:18:08,889 - INFO - 当前价格: 4957.012056345401
2026-03-20 09:18:08,889 - INFO - ============================================================

2026-03-20 09:18:08,889 - INFO - 
============================================================
2026-03-20 09:18:08,889 - INFO - 触发原因: 价格上涨超过整数变化
2026-03-20 09:18:08,889 - INFO - 当前时间: 2026-03-20 09:18:08
2026-03-20 09:18:08,889 - INFO - 数据时间: 2026-03-20 09:18:08
2026-03-20 09:18:08,889 - INFO - 当前价格: 4957.012056345401
2026-03-20 09:18:08,889 - INFO - 上次打印时间: 2026-03-20 09:17:53
2026-03-20 09:18:08,889 - INFO - 上次打印价格: 4955.617576438051
2026-03-20 09:18:08,889 - INFO - 当前价格: 4957.012056345401
2026-03-20 09:18:08,890 - INFO - Content-Type: multipart/mixed; boundary="===============6284867284648888911=="
MIME-Version: 1.0
Subject: =?utf-8?b?6buE6YeR5Lu35qC85o+Q6YaSIC0g5Lu35qC85LiK5rao6LaF6L+H5pW05pWw5Y+Y5YyWLOW9k+WJjeS7t+agvDQ5NTcuMDEyMDU2MzQ1NDAx?=
From: 2741023538@qq.com
To: 2741023538@qq.com

--===============6284867284648888911==
Content-Type: text/plain; charset="utf-8"
MIME-Version: 1.0
Content-Transfer-Encoding: base64

CiAgICAgICAgICAgIOm7hOmHkeS7t+agvOebkeaOp+aPkOmGkgogICAgICAgICAgICDop6blj5Hl
jp/lm6A6IOS7t+agvOS4iua2qOi2hei/h+aVtOaVsOWPmOWMlgogICAgICAgICAgICDlvZPliY3m
l7bpl7Q6IDIwMjYtMDMtMjAgMDk6MTg6MDgKICAgICAgICAgICAg5pWw5o2u5pe26Ze0OiAyMDI2
LTAzLTIwIDA5OjE4OjA4CiAgICAgICAgICAgIOW9k+WJjeS7t+agvDogNDk1Ny4wMTIwNTYzNDU0
MDEKICAgICAgICAgICAg5bey6Kem5Y+R55uu5qCHOiBbNDk1MF0KCiAgICAgICAgICAgIOS4iuas
oeaJk+WNsOaXtumXtDogMjAyNi0wMy0yMCAwOToxODowOAogICAgICAgICAgICDkuIrmrKHmiZPl
jbDku7fmoLw6IDQ5NTcuMDEyMDU2MzQ1NDAxICDlvZPliY3ku7fmoLw6IDQ5NTcuMDEyMDU2MzQ1
NDAxCiAgICAgICAgICAgIA==

--===============6284867284648888911==--

2026-03-20 09:18:09,149 - INFO - 正在连接到 smtp.qq.com:465
2026-03-20 09:18:09,149 - INFO - 使用用户名: 2741023538@qq.com
2026-03-20 09:18:09,206 - ERROR - 监控异常: 'ascii' codec can't encode characters in position 19-21: ordinal not in range(128)
2026-03-20 09:18:24,226 - INFO - 
============================================================
2026-03-20 09:18:24,226 - INFO - 触发原因: 打印调试
2026-03-20 09:18:24,226 - INFO - 当前时间: 2026-03-20 09:18:24
2026-03-20 09:18:24,226 - INFO - 数据时间: 2026-03-20 09:18:24
2026-03-20 09:18:24,226 - INFO - 当前价格: 4941.780009321515
2026-03-20 09:18:24,226 - INFO - 上次打印时间: 2026-03-20 09:18:08
2026-03-20 09:18:24,227 - INFO - 上次打印价格: 4957.012056345401
2026-03-20 09:18:24,227 - INFO - 当前价格: 4941.780009321515
2026-03-20 09:18:24,227 - INFO - ============================================================

2026-03-20 09:18:24,227 - INFO - 
============================================================
2026-03-20 09:18:24,227 - INFO - 触发原因: 价格下跌超过整数变化
2026-03-20 09:18:24,227 - INFO - 当前时间: 2026-03-20 09:18:24
2026-03-20 09:18:24,227 - INFO - 数据时间: 2026-03-20 09:18:24
2026-03-20 09:18:24,227 - INFO - 当前价格: 4941.780009321515
2026-03-20 09:18:24,227 - INFO - 上次打印时间: 2026-03-20 09:18:08
2026-03-20 09:18:24,228 - INFO - 上次打印价格: 4957.012056345401
2026-03-20 09:18:24,228 - INFO - 当前价格: 4941.780009321515
2026-03-20 09:18:24,228 - INFO - Content-Type: multipart/mixed; boundary="===============8845906466713356199=="
MIME-Version: 1.0
Subject: =?utf-8?b?6buE6YeR5Lu35qC85o+Q6YaSIC0g5Lu35qC85LiL6LeM6LaF6L+H5pW05pWw5Y+Y5YyWLOW9k+WJjeS7t+agvDQ5NDEuNzgwMDA5MzIxNTE1?=
From: 2741023538@qq.com
To: 2741023538@qq.com

--===============8845906466713356199==
Content-Type: text/plain; charset="utf-8"
MIME-Version: 1.0
Content-Transfer-Encoding: base64

CiAgICAgICAgICAgIOm7hOmHkeS7t+agvOebkeaOp+aPkOmGkgogICAgICAgICAgICDop6blj5Hl
jp/lm6A6IOS7t+agvOS4i+i3jOi2hei/h+aVtOaVsOWPmOWMlgogICAgICAgICAgICDlvZPliY3m
l7bpl7Q6IDIwMjYtMDMtMjAgMDk6MTg6MjQKICAgICAgICAgICAg5pWw5o2u5pe26Ze0OiAyMDI2
LTAzLTIwIDA5OjE4OjI0CiAgICAgICAgICAgIOW9k+WJjeS7t+agvDogNDk0MS43ODAwMDkzMjE1
MTUKICAgICAgICAgICAg5bey6Kem5Y+R55uu5qCHOiBbNDk1MF0KCiAgICAgICAgICAgIOS4iuas
oeaJk+WNsOaXtumXtDogMjAyNi0wMy0yMCAwOToxODoyNAogICAgICAgICAgICDkuIrmrKHmiZPl
jbDku7fmoLw6IDQ5NDEuNzgwMDA5MzIxNTE1ICDlvZPliY3ku7fmoLw6IDQ5NDEuNzgwMDA5MzIx
NTE1CiAgICAgICAgICAgIA==

--===============8845906466713356199==--

2026-03-20 09:18:24,485 - INFO - 正在连接到 smtp.qq.com:465
2026-03-20 09:18:24,485 - INFO - 使用用户名: 2741023538@qq.com
2026-03-20 09:18:24,543 - ERROR - 监控异常: 'ascii' codec can't encode characters in position 19-21: ordinal not in range(128)
2026-03-20 09:18:39,552 - INFO - 
============================================================
2026-03-20 09:18:39,552 - INFO - 触发原因: 打印调试
2026-03-20 09:18:39,553 - INFO - 当前时间: 2026-03-20 09:18:39
2026-03-20 09:18:39,553 - INFO - 数据时间: 2026-03-20 09:18:39
2026-03-20 09:18:39,553 - INFO - 当前价格: 4943.055225511156
2026-03-20 09:18:39,553 - INFO - 上次打印时间: 2026-03-20 09:18:24
2026-03-20 09:18:39,553 - INFO - 上次打印价格: 4941.780009321515
2026-03-20 09:18:39,553 - INFO - 当前价格: 4943.055225511156
2026-03-20 09:18:39,553 - INFO - ============================================================

2026-03-20 09:18:49,560 - INFO - 
============================================================
2026-03-20 09:18:49,560 - INFO - 触发原因: 打印调试
2026-03-20 09:18:49,560 - INFO - 当前时间: 2026-03-20 09:18:49
2026-03-20 09:18:49,560 - INFO - 数据时间: 2026-03-20 09:18:49
2026-03-20 09:18:49,560 - INFO - 当前价格: 4952.549225114905
2026-03-20 09:18:49,560 - INFO - 上次打印时间: 2026-03-20 09:18:24
2026-03-20 09:18:49,561 - INFO - 上次打印价格: 4941.780009321515
2026-03-20 09:18:49,561 - INFO - 当前价格: 4952.549225114905
2026-03-20 09:18:49,561 - INFO - ============================================================

2026-03-20 09:18:49,561 - INFO - 
============================================================
2026-03-20 09:18:49,561 - INFO - 触发原因: 价格上涨超过整数变化
2026-03-20 09:18:49,561 - INFO - 当前时间: 2026-03-20 09:18:49
2026-03-20 09:18:49,562 - INFO - 数据时间: 2026-03-20 09:18:49
2026-03-20 09:18:49,562 - INFO - 当前价格: 4952.549225114905
2026-03-20 09:18:49,562 - INFO - 上次打印时间: 2026-03-20 09:18:24
2026-03-20 09:18:49,562 - INFO - 上次打印价格: 4941.780009321515
2026-03-20 09:18:49,562 - INFO - 当前价格: 4952.549225114905
2026-03-20 09:18:49,564 - INFO - Content-Type: multipart/mixed; boundary="===============5433021894047678982=="
MIME-Version: 1.0
Subject: =?utf-8?b?6buE6YeR5Lu35qC85o+Q6YaSIC0g5Lu35qC85LiK5rao6LaF6L+H5pW05pWw5Y+Y5YyWLOW9k+WJjeS7t+agvDQ5NTIuNTQ5MjI1MTE0OTA1?=
From: 2741023538@qq.com
To: 2741023538@qq.com

--===============5433021894047678982==
Content-Type: text/plain; charset="utf-8"
MIME-Version: 1.0
Content-Transfer-Encoding: base64

CiAgICAgICAgICAgIOm7hOmHkeS7t+agvOebkeaOp+aPkOmGkgogICAgICAgICAgICDop6blj5Hl
jp/lm6A6IOS7t+agvOS4iua2qOi2hei/h+aVtOaVsOWPmOWMlgogICAgICAgICAgICDlvZPliY3m
l7bpl7Q6IDIwMjYtMDMtMjAgMDk6MTg6NDkKICAgICAgICAgICAg5pWw5o2u5pe26Ze0OiAyMDI2
LTAzLTIwIDA5OjE4OjQ5CiAgICAgICAgICAgIOW9k+WJjeS7t+agvDogNDk1Mi41NDkyMjUxMTQ5
MDUKICAgICAgICAgICAg5bey6Kem5Y+R55uu5qCHOiBbNDk1MF0KCiAgICAgICAgICAgIOS4iuas
oeaJk+WNsOaXtumXtDogMjAyNi0wMy0yMCAwOToxODo0OQogICAgICAgICAgICDkuIrmrKHmiZPl
jbDku7fmoLw6IDQ5NTIuNTQ5MjI1MTE0OTA1ICDlvZPliY3ku7fmoLw6IDQ5NTIuNTQ5MjI1MTE0
OTA1CiAgICAgICAgICAgIA==

--===============5433021894047678982==--

2026-03-20 09:18:49,802 - INFO - 正在连接到 smtp.qq.com:465
2026-03-20 09:18:49,802 - INFO - 使用用户名: 2741023538@qq.com
2026-03-20 09:18:49,852 - ERROR - 监控异常: 'ascii' codec can't encode characters in position 19-21: ordinal not in range(128)
2026-03-20 09:18:53,190 - INFO - 黄金价格监控系统启动...
2026-03-20 09:18:53,190 - INFO - 上涨目标价格: [4950, 4980, 5000, 5030, 5080, 5100, 5200]
2026-03-20 09:18:53,190 - INFO - 下跌目标价格: [4900, 4880, 4800, 4720, 4700, 4650, 4600, 4500]
2026-03-20 09:18:53,190 - INFO - 监控开始...

2026-03-20 09:19:03,196 - INFO - 
============================================================
2026-03-20 09:19:03,196 - INFO - 触发原因: 打印调试
2026-03-20 09:19:03,196 - INFO - 当前时间: 2026-03-20 09:19:03
2026-03-20 09:19:03,197 - INFO - 数据时间: 2026-03-20 09:19:03
2026-03-20 09:19:03,197 - INFO - 当前价格: 4949.691989074731
2026-03-20 09:19:03,197 - INFO - ============================================================

2026-03-20 09:19:03,197 - INFO - 
============================================================
2026-03-20 09:19:03,197 - INFO - 触发原因: 价格上涨超过整数变化
2026-03-20 09:19:03,197 - INFO - 当前时间: 2026-03-20 09:19:03
2026-03-20 09:19:03,197 - INFO - 数据时间: 2026-03-20 09:19:03
2026-03-20 09:19:03,197 - INFO - 当前价格: 4949.691989074731
2026-03-20 09:19:03,198 - INFO - 准备发送邮件，主题: 黄金价格提醒 - 价格上涨超过整数变化,当前价格4949.691989074731
2026-03-20 09:19:03,448 - INFO - 正在连接到 smtp.qq.com:465
2026-03-20 09:19:03,448 - INFO - 使用用户名: 2741023538@qq.com
2026-03-20 09:19:03,747 - INFO - 登录成功
2026-03-20 09:19:03,748 - ERROR - 发送邮件时发生其他错误: 'bytes' object has no attribute 'encode'
2026-03-20 09:19:03,969 - INFO - 正在连接到 smtp.qq.com:465
2026-03-20 09:19:03,969 - INFO - 使用用户名: 2741023538@qq.com
2026-03-20 09:19:04,237 - INFO - 登录成功
2026-03-20 09:19:04,237 - ERROR - 发送邮件时发生其他错误: 'bytes' object has no attribute 'encode'
2026-03-20 09:19:04,470 - INFO - 正在连接到 smtp.qq.com:465
2026-03-20 09:19:04,470 - INFO - 使用用户名: 2741023538@qq.com
2026-03-20 09:19:04,731 - INFO - 登录成功
2026-03-20 09:19:04,732 - ERROR - 发送邮件时发生其他错误: 'bytes' object has no attribute 'encode'
2026-03-20 09:19:04,861 - INFO - 
============================================================
2026-03-20 09:19:04,861 - INFO - 触发原因: 打印调试
2026-03-20 09:19:04,861 - INFO - 当前时间: 2026-03-20 09:19:04
2026-03-20 09:19:04,861 - INFO - 数据时间: 2026-03-20 09:19:04
2026-03-20 09:19:04,861 - INFO - 当前价格: 4950.201848353181
2026-03-20 09:19:04,862 - INFO - 上次打印时间: 2026-03-20 09:18:49
2026-03-20 09:19:04,862 - INFO - 上次打印价格: 4952.549225114905
2026-03-20 09:19:04,862 - INFO - 当前价格: 4950.201848353181
2026-03-20 09:19:04,862 - INFO - ============================================================

2026-03-20 09:19:04,950 - INFO - 正在连接到 smtp.qq.com:465
2026-03-20 09:19:04,950 - INFO - 使用用户名: 2741023538@qq.com
2026-03-20 09:19:05,177 - INFO - 登录成功
2026-03-20 09:19:05,178 - ERROR - 发送邮件时发生其他错误: 'bytes' object has no attribute 'encode'
2026-03-20 09:19:05,407 - INFO - 正在连接到 smtp.qq.com:465
2026-03-20 09:19:05,407 - INFO - 使用用户名: 2741023538@qq.com
2026-03-20 09:19:05,634 - INFO - 登录成功
2026-03-20 09:19:05,635 - ERROR - 发送邮件时发生其他错误: 'bytes' object has no attribute 'encode'
2026-03-20 09:19:05,866 - INFO - 正在连接到 smtp.qq.com:465
2026-03-20 09:19:05,866 - INFO - 使用用户名: 2741023538@qq.com
2026-03-20 09:19:06,062 - INFO - 登录成功
2026-03-20 09:19:06,063 - ERROR - 发送邮件时发生其他错误: 'bytes' object has no attribute 'encode'
2026-03-20 09:19:06,063 - INFO - ============================================================

2026-03-20 09:19:14,865 - INFO - 
============================================================
2026-03-20 09:19:14,865 - INFO - 触发原因: 打印调试
2026-03-20 09:19:14,865 - INFO - 当前时间: 2026-03-20 09:19:14
2026-03-20 09:19:14,865 - INFO - 数据时间: 2026-03-20 09:19:14
2026-03-20 09:19:14,865 - INFO - 当前价格: 4945.913519124442
2026-03-20 09:19:14,865 - INFO - 上次打印时间: 2026-03-20 09:18:49
2026-03-20 09:19:14,866 - INFO - 上次打印价格: 4952.549225114905
2026-03-20 09:19:14,866 - INFO - 当前价格: 4945.913519124442
2026-03-20 09:19:14,866 - INFO - ============================================================

2026-03-20 09:19:16,069 - INFO - 
============================================================
2026-03-20 09:19:16,070 - INFO - 触发原因: 打印调试
2026-03-20 09:19:16,070 - INFO - 当前时间: 2026-03-20 09:19:16
2026-03-20 09:19:16,070 - INFO - 数据时间: 2026-03-20 09:19:16
2026-03-20 09:19:16,071 - INFO - 当前价格: 4946.841200137572
2026-03-20 09:19:16,071 - INFO - 上次打印时间: 2026-03-20 09:19:03
2026-03-20 09:19:16,071 - INFO - 上次打印价格: 4949.691989074731
2026-03-20 09:19:16,071 - INFO - 当前价格: 4946.841200137572
2026-03-20 09:19:16,071 - INFO - ============================================================

2026-03-20 09:19:24,879 - INFO - 
============================================================
2026-03-20 09:19:24,880 - INFO - 触发原因: 打印调试
2026-03-20 09:19:24,880 - INFO - 当前时间: 2026-03-20 09:19:24
2026-03-20 09:19:24,880 - INFO - 数据时间: 2026-03-20 09:19:24
2026-03-20 09:19:24,880 - INFO - 当前价格: 4957.558935175401
2026-03-20 09:19:24,880 - INFO - 上次打印时间: 2026-03-20 09:18:49
2026-03-20 09:19:24,880 - INFO - 上次打印价格: 4952.549225114905
2026-03-20 09:19:24,881 - INFO - 当前价格: 4957.558935175401
2026-03-20 09:19:24,881 - INFO - ============================================================

2026-03-20 09:19:26,077 - INFO - 
============================================================
2026-03-20 09:19:26,078 - INFO - 触发原因: 打印调试
2026-03-20 09:19:26,078 - INFO - 当前时间: 2026-03-20 09:19:26
2026-03-20 09:19:26,078 - INFO - 数据时间: 2026-03-20 09:19:26
2026-03-20 09:19:26,078 - INFO - 当前价格: 4959.707704707964
2026-03-20 09:19:26,078 - INFO - 上次打印时间: 2026-03-20 09:19:03
2026-03-20 09:19:26,078 - INFO - 上次打印价格: 4949.691989074731
2026-03-20 09:19:26,079 - INFO - 当前价格: 4959.707704707964
2026-03-20 09:19:26,079 - INFO - ============================================================

2026-03-20 09:19:26,079 - INFO - 
============================================================
2026-03-20 09:19:26,079 - INFO - 触发原因: 上涨目标 4950 已达成
2026-03-20 09:19:26,079 - INFO - 当前时间: 2026-03-20 09:19:26
2026-03-20 09:19:26,079 - INFO - 数据时间: 2026-03-20 09:19:26
2026-03-20 09:19:26,080 - INFO - 当前价格: 4959.707704707964
2026-03-20 09:19:26,080 - INFO - 上次打印时间: 2026-03-20 09:19:03
2026-03-20 09:19:26,080 - INFO - 上次打印价格: 4949.691989074731
2026-03-20 09:19:26,080 - INFO - 当前价格: 4959.707704707964
2026-03-20 09:19:26,080 - INFO - 准备发送邮件，主题: 黄金价格提醒 - 上涨目标 4950 已达成,当前价格4959.707704707964
2026-03-20 09:19:26,321 - INFO - 正在连接到 smtp.qq.com:465
2026-03-20 09:19:26,322 - INFO - 使用用户名: 2741023538@qq.com
2026-03-20 09:19:26,550 - INFO - 登录成功
2026-03-20 09:19:26,550 - ERROR - 发送邮件时发生其他错误: 'bytes' object has no attribute 'encode'
2026-03-20 09:19:26,780 - INFO - 正在连接到 smtp.qq.com:465
2026-03-20 09:19:26,780 - INFO - 使用用户名: 2741023538@qq.com
2026-03-20 09:19:26,990 - INFO - 登录成功
2026-03-20 09:19:26,991 - ERROR - 发送邮件时发生其他错误: 'bytes' object has no attribute 'encode'
2026-03-20 09:19:27,242 - INFO - 正在连接到 smtp.qq.com:465
2026-03-20 09:19:27,243 - INFO - 使用用户名: 2741023538@qq.com
2026-03-20 09:19:27,500 - INFO - 登录成功
2026-03-20 09:19:27,501 - ERROR - 发送邮件时发生其他错误: 'bytes' object has no attribute 'encode'
2026-03-20 09:19:27,733 - INFO - 正在连接到 smtp.qq.com:465
2026-03-20 09:19:27,733 - INFO - 使用用户名: 2741023538@qq.com
2026-03-20 09:19:27,967 - INFO - 登录成功
2026-03-20 09:19:27,967 - ERROR - 发送邮件时发生其他错误: 'bytes' object has no attribute 'encode'
2026-03-20 09:19:28,208 - INFO - 正在连接到 smtp.qq.com:465
2026-03-20 09:19:28,209 - INFO - 使用用户名: 2741023538@qq.com
2026-03-20 09:19:28,420 - INFO - 登录成功
2026-03-20 09:19:28,420 - ERROR - 发送邮件时发生其他错误: 'bytes' object has no attribute 'encode'
2026-03-20 09:19:28,647 - INFO - 正在连接到 smtp.qq.com:465
2026-03-20 09:19:28,648 - INFO - 使用用户名: 2741023538@qq.com
2026-03-20 09:19:28,872 - INFO - 登录成功
2026-03-20 09:19:28,872 - ERROR - 发送邮件时发生其他错误: 'bytes' object has no attribute 'encode'
2026-03-20 09:19:28,873 - INFO - ============================================================

2026-03-20 09:19:34,890 - INFO - 
============================================================
2026-03-20 09:19:34,890 - INFO - 触发原因: 打印调试
2026-03-20 09:19:34,890 - INFO - 当前时间: 2026-03-20 09:19:34
2026-03-20 09:19:34,890 - INFO - 数据时间: 2026-03-20 09:19:34
2026-03-20 09:19:34,891 - INFO - 当前价格: 4955.987196098789
2026-03-20 09:19:34,891 - INFO - 上次打印时间: 2026-03-20 09:18:49
2026-03-20 09:19:34,891 - INFO - 上次打印价格: 4952.549225114905
2026-03-20 09:19:34,891 - INFO - 当前价格: 4955.987196098789
2026-03-20 09:19:34,891 - INFO - ============================================================

2026-03-20 09:19:38,885 - INFO - 
============================================================
2026-03-20 09:19:38,885 - INFO - 触发原因: 打印调试
2026-03-20 09:19:38,885 - INFO - 当前时间: 2026-03-20 09:19:38
2026-03-20 09:19:38,886 - INFO - 数据时间: 2026-03-20 09:19:38
2026-03-20 09:19:38,886 - INFO - 当前价格: 4944.279889785794
2026-03-20 09:19:38,886 - INFO - 上次打印时间: 2026-03-20 09:19:26
2026-03-20 09:19:38,887 - INFO - 上次打印价格: 4959.707704707964
2026-03-20 09:19:38,887 - INFO - 当前价格: 4944.279889785794
2026-03-20 09:19:38,887 - INFO - ============================================================

2026-03-20 09:19:44,898 - INFO - 
============================================================
2026-03-20 09:19:44,899 - INFO - 触发原因: 打印调试
2026-03-20 09:19:44,899 - INFO - 当前时间: 2026-03-20 09:19:44
2026-03-20 09:19:44,899 - INFO - 数据时间: 2026-03-20 09:19:44
2026-03-20 09:19:44,899 - INFO - 当前价格: 4940.032566846318
2026-03-20 09:19:44,899 - INFO - 上次打印时间: 2026-03-20 09:18:49
2026-03-20 09:19:44,899 - INFO - 上次打印价格: 4952.549225114905
2026-03-20 09:19:44,899 - INFO - 当前价格: 4940.032566846318
2026-03-20 09:19:44,899 - INFO - ============================================================

2026-03-20 09:19:44,899 - INFO - 
============================================================
2026-03-20 09:19:44,899 - INFO - 触发原因: 价格下跌超过整数变化
2026-03-20 09:19:44,899 - INFO - 当前时间: 2026-03-20 09:19:44
2026-03-20 09:19:44,900 - INFO - 数据时间: 2026-03-20 09:19:44
2026-03-20 09:19:44,900 - INFO - 当前价格: 4940.032566846318
2026-03-20 09:19:44,900 - INFO - 上次打印时间: 2026-03-20 09:18:49
2026-03-20 09:19:44,900 - INFO - 上次打印价格: 4952.549225114905
2026-03-20 09:19:44,900 - INFO - 当前价格: 4940.032566846318
2026-03-20 09:19:44,901 - INFO - Content-Type: multipart/mixed; boundary="===============6401627104199739599=="
MIME-Version: 1.0
Subject: =?utf-8?b?6buE6YeR5Lu35qC85o+Q6YaSIC0g5Lu35qC85LiL6LeM6LaF6L+H5pW05pWw5Y+Y5YyWLOW9k+WJjeS7t+agvDQ5NDAuMDMyNTY2ODQ2MzE4?=
From: 2741023538@qq.com
To: 2741023538@qq.com

--===============6401627104199739599==
Content-Type: text/plain; charset="utf-8"
MIME-Version: 1.0
Content-Transfer-Encoding: base64

CiAgICAgICAgICAgIOm7hOmHkeS7t+agvOebkeaOp+aPkOmGkgogICAgICAgICAgICDop6blj5Hl
jp/lm6A6IOS7t+agvOS4i+i3jOi2hei/h+aVtOaVsOWPmOWMlgogICAgICAgICAgICDlvZPliY3m
l7bpl7Q6IDIwMjYtMDMtMjAgMDk6MTk6NDQKICAgICAgICAgICAg5pWw5o2u5pe26Ze0OiAyMDI2
LTAzLTIwIDA5OjE5OjQ0CiAgICAgICAgICAgIOW9k+WJjeS7t+agvDogNDk0MC4wMzI1NjY4NDYz
MTgKICAgICAgICAgICAg5bey6Kem5Y+R55uu5qCHOiBbNDk1MF0KCiAgICAgICAgICAgIOS4iuas
oeaJk+WNsOaXtumXtDogMjAyNi0wMy0yMCAwOToxOTo0NAogICAgICAgICAgICDkuIrmrKHmiZPl
jbDku7fmoLw6IDQ5NDAuMDMyNTY2ODQ2MzE4ICDlvZPliY3ku7fmoLw6IDQ5NDAuMDMyNTY2ODQ2
MzE4CiAgICAgICAgICAgIA==

--===============6401627104199739599==--

2026-03-20 09:19:45,181 - INFO - 正在连接到 smtp.qq.com:465
2026-03-20 09:19:45,181 - INFO - 使用用户名: 2741023538@qq.com
2026-03-20 09:19:45,237 - ERROR - 监控异常: 'ascii' codec can't encode characters in position 19-21: ordinal not in range(128)
2026-03-20 09:19:52,872 - INFO - 黄金价格监控系统启动...
2026-03-20 09:19:52,872 - INFO - 上涨目标价格: [4950, 4980, 5000, 5030, 5080, 5100, 5200]
2026-03-20 09:19:52,872 - INFO - 下跌目标价格: [4900, 4880, 4800, 4720, 4700, 4650, 4600, 4500]
2026-03-20 09:19:52,873 - INFO - 监控开始...

2026-03-20 09:20:00,258 - INFO - 
============================================================
2026-03-20 09:20:00,259 - INFO - 触发原因: 打印调试
2026-03-20 09:20:00,259 - INFO - 当前时间: 2026-03-20 09:20:00
2026-03-20 09:20:00,259 - INFO - 数据时间: 2026-03-20 09:20:00
2026-03-20 09:20:00,259 - INFO - 当前价格: 4954.705525417476
2026-03-20 09:20:00,260 - INFO - 上次打印时间: 2026-03-20 09:19:44
2026-03-20 09:20:00,260 - INFO - 上次打印价格: 4940.032566846318
2026-03-20 09:20:00,260 - INFO - 当前价格: 4954.705525417476
2026-03-20 09:20:00,260 - INFO - ============================================================

2026-03-20 09:20:00,261 - INFO - 
============================================================
2026-03-20 09:20:00,261 - INFO - 触发原因: 价格上涨超过整数变化
2026-03-20 09:20:00,261 - INFO - 当前时间: 2026-03-20 09:20:00
2026-03-20 09:20:00,261 - INFO - 数据时间: 2026-03-20 09:20:00
2026-03-20 09:20:00,261 - INFO - 当前价格: 4954.705525417476
2026-03-20 09:20:00,261 - INFO - 上次打印时间: 2026-03-20 09:19:44
2026-03-20 09:20:00,261 - INFO - 上次打印价格: 4940.032566846318
2026-03-20 09:20:00,261 - INFO - 当前价格: 4954.705525417476
2026-03-20 09:20:00,262 - INFO - Content-Type: multipart/mixed; boundary="===============8751921470377704664=="
MIME-Version: 1.0
Subject: =?utf-8?b?6buE6YeR5Lu35qC85o+Q6YaSIC0g5Lu35qC85LiK5rao6LaF6L+H5pW05pWw5Y+Y5YyWLOW9k+WJjeS7t+agvDQ5NTQuNzA1NTI1NDE3NDc2?=
From: 2741023538@qq.com
To: 2741023538@qq.com

--===============8751921470377704664==
Content-Type: text/plain; charset="utf-8"
MIME-Version: 1.0
Content-Transfer-Encoding: base64

CiAgICAgICAgICAgIOm7hOmHkeS7t+agvOebkeaOp+aPkOmGkgogICAgICAgICAgICDop6blj5Hl
jp/lm6A6IOS7t+agvOS4iua2qOi2hei/h+aVtOaVsOWPmOWMlgogICAgICAgICAgICDlvZPliY3m
l7bpl7Q6IDIwMjYtMDMtMjAgMDk6MjA6MDAKICAgICAgICAgICAg5pWw5o2u5pe26Ze0OiAyMDI2
LTAzLTIwIDA5OjIwOjAwCiAgICAgICAgICAgIOW9k+WJjeS7t+agvDogNDk1NC43MDU1MjU0MTc0
NzYKICAgICAgICAgICAg5bey6Kem5Y+R55uu5qCHOiBbNDk1MF0KCiAgICAgICAgICAgIOS4iuas
oeaJk+WNsOaXtumXtDogMjAyNi0wMy0yMCAwOToyMDowMAogICAgICAgICAgICDkuIrmrKHmiZPl
jbDku7fmoLw6IDQ5NTQuNzA1NTI1NDE3NDc2ICDlvZPliY3ku7fmoLw6IDQ5NTQuNzA1NTI1NDE3
NDc2CiAgICAgICAgICAgIA==

--===============8751921470377704664==--

2026-03-20 09:20:00,519 - INFO - 正在连接到 smtp.qq.com:465
2026-03-20 09:20:00,519 - INFO - 使用用户名: 2741023538@qq.com
2026-03-20 09:20:00,588 - ERROR - 监控异常: 'ascii' codec can't encode characters in position 19-21: ordinal not in range(128)
2026-03-20 09:20:02,874 - INFO - 
============================================================
2026-03-20 09:20:02,874 - INFO - 触发原因: 打印调试
2026-03-20 09:20:02,874 - INFO - 当前时间: 2026-03-20 09:20:02
2026-03-20 09:20:02,875 - INFO - 数据时间: 2026-03-20 09:20:02
2026-03-20 09:20:02,875 - INFO - 当前价格: 4946.225846392344
2026-03-20 09:20:02,875 - INFO - ============================================================

2026-03-20 09:20:02,875 - INFO - 
============================================================
2026-03-20 09:20:02,875 - INFO - 触发原因: 价格上涨超过整数变化
2026-03-20 09:20:02,876 - INFO - 当前时间: 2026-03-20 09:20:02
2026-03-20 09:20:02,876 - INFO - 数据时间: 2026-03-20 09:20:02
2026-03-20 09:20:02,876 - INFO - 当前价格: 4946.225846392344
2026-03-20 09:20:02,876 - INFO - 准备发送邮件，主题: 黄金价格提醒 - 价格上涨超过整数变化,当前价格4946.225846392344
2026-03-20 09:20:03,139 - INFO - 正在连接到 smtp.qq.com:465
2026-03-20 09:20:03,139 - INFO - 使用用户名: 2741023538@qq.com
2026-03-20 09:20:03,355 - INFO - 登录成功
2026-03-20 09:20:03,902 - INFO - send email success
2026-03-20 09:20:03,902 - INFO - ============================================================

2026-03-20 09:20:13,906 - INFO - 
============================================================
2026-03-20 09:20:13,906 - INFO - 触发原因: 打印调试
2026-03-20 09:20:13,906 - INFO - 当前时间: 2026-03-20 09:20:13
2026-03-20 09:20:13,906 - INFO - 数据时间: 2026-03-20 09:20:13
2026-03-20 09:20:13,906 - INFO - 当前价格: 4941.994698069445
2026-03-20 09:20:13,907 - INFO - 上次打印时间: 2026-03-20 09:20:02
2026-03-20 09:20:13,907 - INFO - 上次打印价格: 4946.225846392344
2026-03-20 09:20:13,907 - INFO - 当前价格: 4941.994698069445
2026-03-20 09:20:13,907 - INFO - ============================================================

2026-03-20 09:20:15,608 - INFO - 
============================================================
2026-03-20 09:20:15,608 - INFO - 触发原因: 打印调试
2026-03-20 09:20:15,609 - INFO - 当前时间: 2026-03-20 09:20:15
2026-03-20 09:20:15,609 - INFO - 数据时间: 2026-03-20 09:20:15
2026-03-20 09:20:15,609 - INFO - 当前价格: 4945.669369895208
2026-03-20 09:20:15,609 - INFO - 上次打印时间: 2026-03-20 09:20:00
2026-03-20 09:20:15,609 - INFO - 上次打印价格: 4954.705525417476
2026-03-20 09:20:15,609 - INFO - 当前价格: 4945.669369895208
2026-03-20 09:20:15,609 - INFO - ============================================================

2026-03-20 09:20:23,908 - INFO - 
============================================================
2026-03-20 09:20:23,908 - INFO - 触发原因: 打印调试
2026-03-20 09:20:23,909 - INFO - 当前时间: 2026-03-20 09:20:23
2026-03-20 09:20:23,909 - INFO - 数据时间: 2026-03-20 09:20:23
2026-03-20 09:20:23,909 - INFO - 当前价格: 4954.2580351720035
2026-03-20 09:20:23,909 - INFO - 上次打印时间: 2026-03-20 09:20:02
2026-03-20 09:20:23,909 - INFO - 上次打印价格: 4946.225846392344
2026-03-20 09:20:23,909 - INFO - 当前价格: 4954.2580351720035
2026-03-20 09:20:23,909 - INFO - ============================================================

2026-03-20 09:20:23,909 - INFO - 
============================================================
2026-03-20 09:20:23,909 - INFO - 触发原因: 上涨目标 4950 已达成
2026-03-20 09:20:23,909 - INFO - 当前时间: 2026-03-20 09:20:23
2026-03-20 09:20:23,909 - INFO - 数据时间: 2026-03-20 09:20:23
2026-03-20 09:20:23,910 - INFO - 当前价格: 4954.2580351720035
2026-03-20 09:20:23,910 - INFO - 上次打印时间: 2026-03-20 09:20:02
2026-03-20 09:20:23,910 - INFO - 上次打印价格: 4946.225846392344
2026-03-20 09:20:23,910 - INFO - 当前价格: 4954.2580351720035
2026-03-20 09:20:23,910 - INFO - 准备发送邮件，主题: 黄金价格提醒 - 上涨目标 4950 已达成,当前价格4954.2580351720035
2026-03-20 09:20:24,187 - INFO - 正在连接到 smtp.qq.com:465
2026-03-20 09:20:24,187 - INFO - 使用用户名: 2741023538@qq.com
2026-03-20 09:20:24,438 - INFO - 登录成功
2026-03-20 09:20:25,043 - INFO - send email success
2026-03-20 09:20:25,043 - INFO - ============================================================

2026-03-20 09:20:25,619 - INFO - 
============================================================
2026-03-20 09:20:25,619 - INFO - 触发原因: 打印调试
2026-03-20 09:20:25,619 - INFO - 当前时间: 2026-03-20 09:20:25
2026-03-20 09:20:25,619 - INFO - 数据时间: 2026-03-20 09:20:25
2026-03-20 09:20:25,619 - INFO - 当前价格: 4959.388909589816
2026-03-20 09:20:25,620 - INFO - 上次打印时间: 2026-03-20 09:20:00
2026-03-20 09:20:25,620 - INFO - 上次打印价格: 4954.705525417476
2026-03-20 09:20:25,620 - INFO - 当前价格: 4959.388909589816
2026-03-20 09:20:25,620 - INFO - ============================================================

2026-03-20 09:20:35,047 - INFO - 
============================================================
2026-03-20 09:20:35,047 - INFO - 触发原因: 打印调试
2026-03-20 09:20:35,047 - INFO - 当前时间: 2026-03-20 09:20:35
2026-03-20 09:20:35,047 - INFO - 数据时间: 2026-03-20 09:20:35
2026-03-20 09:20:35,047 - INFO - 当前价格: 4944.381288140054
2026-03-20 09:20:35,048 - INFO - 上次打印时间: 2026-03-20 09:20:23
2026-03-20 09:20:35,048 - INFO - 上次打印价格: 4954.2580351720035
2026-03-20 09:20:35,048 - INFO - 当前价格: 4944.381288140054
2026-03-20 09:20:35,048 - INFO - ============================================================

2026-03-20 09:20:35,624 - INFO - 
============================================================
2026-03-20 09:20:35,625 - INFO - 触发原因: 打印调试
2026-03-20 09:20:35,625 - INFO - 当前时间: 2026-03-20 09:20:35
2026-03-20 09:20:35,625 - INFO - 数据时间: 2026-03-20 09:20:35
2026-03-20 09:20:35,625 - INFO - 当前价格: 4951.354783016259
2026-03-20 09:20:35,625 - INFO - 上次打印时间: 2026-03-20 09:20:00
2026-03-20 09:20:35,625 - INFO - 上次打印价格: 4954.705525417476
2026-03-20 09:20:35,626 - INFO - 当前价格: 4951.354783016259
2026-03-20 09:20:35,626 - INFO - ============================================================

2026-03-20 09:20:45,049 - INFO - 
============================================================
2026-03-20 09:20:45,049 - INFO - 触发原因: 打印调试
2026-03-20 09:20:45,049 - INFO - 当前时间: 2026-03-20 09:20:45
2026-03-20 09:20:45,049 - INFO - 数据时间: 2026-03-20 09:20:45
2026-03-20 09:20:45,050 - INFO - 当前价格: 4943.280769915188
2026-03-20 09:20:45,050 - INFO - 上次打印时间: 2026-03-20 09:20:23
2026-03-20 09:20:45,050 - INFO - 上次打印价格: 4954.2580351720035
2026-03-20 09:20:45,050 - INFO - 当前价格: 4943.280769915188
2026-03-20 09:20:45,050 - INFO - ============================================================

2026-03-20 09:20:45,628 - INFO - 
============================================================
2026-03-20 09:20:45,628 - INFO - 触发原因: 打印调试
2026-03-20 09:20:45,628 - INFO - 当前时间: 2026-03-20 09:20:45
2026-03-20 09:20:45,629 - INFO - 数据时间: 2026-03-20 09:20:45
2026-03-20 09:20:45,629 - INFO - 当前价格: 4953.439521907492
2026-03-20 09:20:45,629 - INFO - 上次打印时间: 2026-03-20 09:20:00
2026-03-20 09:20:45,629 - INFO - 上次打印价格: 4954.705525417476
2026-03-20 09:20:45,629 - INFO - 当前价格: 4953.439521907492
2026-03-20 09:20:45,629 - INFO - ============================================================

2026-03-20 09:20:55,060 - INFO - 
============================================================
2026-03-20 09:20:55,060 - INFO - 触发原因: 打印调试
2026-03-20 09:20:55,060 - INFO - 当前时间: 2026-03-20 09:20:55
2026-03-20 09:20:55,060 - INFO - 数据时间: 2026-03-20 09:20:55
2026-03-20 09:20:55,061 - INFO - 当前价格: 4940.605261672481
2026-03-20 09:20:55,061 - INFO - 上次打印时间: 2026-03-20 09:20:23
2026-03-20 09:20:55,061 - INFO - 上次打印价格: 4954.2580351720035
2026-03-20 09:20:55,061 - INFO - 当前价格: 4940.605261672481
2026-03-20 09:20:55,061 - INFO - ============================================================

2026-03-20 09:20:55,635 - INFO - 
============================================================
2026-03-20 09:20:55,635 - INFO - 触发原因: 打印调试
2026-03-20 09:20:55,636 - INFO - 当前时间: 2026-03-20 09:20:55
2026-03-20 09:20:55,636 - INFO - 数据时间: 2026-03-20 09:20:55
2026-03-20 09:20:55,636 - INFO - 当前价格: 4943.491747527613
2026-03-20 09:20:55,636 - INFO - 上次打印时间: 2026-03-20 09:20:00
2026-03-20 09:20:55,636 - INFO - 上次打印价格: 4954.705525417476
2026-03-20 09:20:55,636 - INFO - 当前价格: 4943.491747527613
2026-03-20 09:20:55,636 - INFO - ============================================================

2026-03-20 09:20:55,637 - INFO - 
============================================================
2026-03-20 09:20:55,637 - INFO - 触发原因: 价格下跌超过整数变化
2026-03-20 09:20:55,637 - INFO - 当前时间: 2026-03-20 09:20:55
2026-03-20 09:20:55,637 - INFO - 数据时间: 2026-03-20 09:20:55
2026-03-20 09:20:55,637 - INFO - 当前价格: 4943.491747527613
2026-03-20 09:20:55,637 - INFO - 上次打印时间: 2026-03-20 09:20:00
2026-03-20 09:20:55,637 - INFO - 上次打印价格: 4954.705525417476
2026-03-20 09:20:55,637 - INFO - 当前价格: 4943.491747527613
2026-03-20 09:20:55,638 - INFO - Content-Type: multipart/mixed; boundary="===============1244408238075252888=="
MIME-Version: 1.0
Subject: =?utf-8?b?6buE6YeR5Lu35qC85o+Q6YaSIC0g5Lu35qC85LiL6LeM6LaF6L+H5pW05pWw5Y+Y5YyWLOW9k+WJjeS7t+agvDQ5NDMuNDkxNzQ3NTI3NjEz?=
From: 2741023538@qq.com
To: 2741023538@qq.com

--===============1244408238075252888==
Content-Type: text/plain; charset="utf-8"
MIME-Version: 1.0
Content-Transfer-Encoding: base64

CiAgICAgICAgICAgIOm7hOmHkeS7t+agvOebkeaOp+aPkOmGkgogICAgICAgICAgICDop6blj5Hl
jp/lm6A6IOS7t+agvOS4i+i3jOi2hei/h+aVtOaVsOWPmOWMlgogICAgICAgICAgICDlvZPliY3m
l7bpl7Q6IDIwMjYtMDMtMjAgMDk6MjA6NTUKICAgICAgICAgICAg5pWw5o2u5pe26Ze0OiAyMDI2
LTAzLTIwIDA5OjIwOjU1CiAgICAgICAgICAgIOW9k+WJjeS7t+agvDogNDk0My40OTE3NDc1Mjc2
MTMKICAgICAgICAgICAg5bey6Kem5Y+R55uu5qCHOiBbNDk1MF0KCiAgICAgICAgICAgIOS4iuas
oeaJk+WNsOaXtumXtDogMjAyNi0wMy0yMCAwOToyMDo1NQogICAgICAgICAgICDkuIrmrKHmiZPl
jbDku7fmoLw6IDQ5NDMuNDkxNzQ3NTI3NjEzICDlvZPliY3ku7fmoLw6IDQ5NDMuNDkxNzQ3NTI3
NjEzCiAgICAgICAgICAgIA==

--===============1244408238075252888==--

2026-03-20 09:20:55,899 - INFO - 正在连接到 smtp.qq.com:465
2026-03-20 09:20:55,899 - INFO - 使用用户名: 2741023538@qq.com
2026-03-20 09:20:55,952 - ERROR - 监控异常: 'ascii' codec can't encode characters in position 19-21: ordinal not in range(128)
2026-03-20 09:21:05,068 - INFO - 
============================================================
2026-03-20 09:21:05,068 - INFO - 触发原因: 打印调试
2026-03-20 09:21:05,068 - INFO - 当前时间: 2026-03-20 09:21:05
2026-03-20 09:21:05,068 - INFO - 数据时间: 2026-03-20 09:21:05
2026-03-20 09:21:05,068 - INFO - 当前价格: 4943.889749999605
2026-03-20 09:21:05,068 - INFO - 上次打印时间: 2026-03-20 09:20:23
2026-03-20 09:21:05,068 - INFO - 上次打印价格: 4954.2580351720035
2026-03-20 09:21:05,068 - INFO - 当前价格: 4943.889749999605
2026-03-20 09:21:05,069 - INFO - ============================================================

2026-03-20 09:21:10,967 - INFO - 
============================================================
2026-03-20 09:21:10,967 - INFO - 触发原因: 打印调试
2026-03-20 09:21:10,967 - INFO - 当前时间: 2026-03-20 09:21:10
2026-03-20 09:21:10,967 - INFO - 数据时间: 2026-03-20 09:21:10
2026-03-20 09:21:10,967 - INFO - 当前价格: 4943.223786946815
2026-03-20 09:21:10,968 - INFO - 上次打印时间: 2026-03-20 09:20:55
2026-03-20 09:21:10,968 - INFO - 上次打印价格: 4943.491747527613
2026-03-20 09:21:10,968 - INFO - 当前价格: 4943.223786946815
2026-03-20 09:21:10,968 - INFO - ============================================================

2026-03-20 09:21:15,080 - INFO - 
============================================================
2026-03-20 09:21:15,080 - INFO - 触发原因: 打印调试
2026-03-20 09:21:15,081 - INFO - 当前时间: 2026-03-20 09:21:15
2026-03-20 09:21:15,081 - INFO - 数据时间: 2026-03-20 09:21:15
2026-03-20 09:21:15,081 - INFO - 当前价格: 4944.051623270454
2026-03-20 09:21:15,081 - INFO - 上次打印时间: 2026-03-20 09:20:23
2026-03-20 09:21:15,081 - INFO - 上次打印价格: 4954.2580351720035
2026-03-20 09:21:15,081 - INFO - 当前价格: 4944.051623270454
2026-03-20 09:21:15,082 - INFO - ============================================================

2026-03-20 09:21:20,971 - INFO - 
============================================================
2026-03-20 09:21:20,972 - INFO - 触发原因: 打印调试
2026-03-20 09:21:20,972 - INFO - 当前时间: 2026-03-20 09:21:20
2026-03-20 09:21:20,972 - INFO - 数据时间: 2026-03-20 09:21:20
2026-03-20 09:21:20,972 - INFO - 当前价格: 4944.536473136528
2026-03-20 09:21:20,972 - INFO - 上次打印时间: 2026-03-20 09:20:55
2026-03-20 09:21:20,972 - INFO - 上次打印价格: 4943.491747527613
2026-03-20 09:21:20,973 - INFO - 当前价格: 4944.536473136528
2026-03-20 09:21:20,973 - INFO - ============================================================

2026-03-20 09:21:30,977 - INFO - 
============================================================
2026-03-20 09:21:30,977 - INFO - 触发原因: 打印调试
2026-03-20 09:21:30,977 - INFO - 当前时间: 2026-03-20 09:21:30
2026-03-20 09:21:30,977 - INFO - 数据时间: 2026-03-20 09:21:30
2026-03-20 09:21:30,977 - INFO - 当前价格: 4947.831343848321
2026-03-20 09:21:30,977 - INFO - 上次打印时间: 2026-03-20 09:20:55
2026-03-20 09:21:30,977 - INFO - 上次打印价格: 4943.491747527613
2026-03-20 09:21:30,977 - INFO - 当前价格: 4947.831343848321
2026-03-20 09:21:30,977 - INFO - ============================================================

2026-03-20 09:21:40,986 - INFO - 
============================================================
2026-03-20 09:21:40,986 - INFO - 触发原因: 打印调试
2026-03-20 09:21:40,986 - INFO - 当前时间: 2026-03-20 09:21:40
2026-03-20 09:21:40,986 - INFO - 数据时间: 2026-03-20 09:21:40
2026-03-20 09:21:40,986 - INFO - 当前价格: 4942.95593121879
2026-03-20 09:21:40,986 - INFO - 上次打印时间: 2026-03-20 09:20:55
2026-03-20 09:21:40,986 - INFO - 上次打印价格: 4943.491747527613
2026-03-20 09:21:40,987 - INFO - 当前价格: 4942.95593121879
2026-03-20 09:21:40,987 - INFO - ============================================================

2026-03-20 09:21:50,989 - INFO - 
============================================================
2026-03-20 09:21:50,989 - INFO - 触发原因: 打印调试
2026-03-20 09:21:50,990 - INFO - 当前时间: 2026-03-20 09:21:50
2026-03-20 09:21:50,990 - INFO - 数据时间: 2026-03-20 09:21:50
2026-03-20 09:21:50,990 - INFO - 当前价格: 4948.320599759801
2026-03-20 09:21:50,990 - INFO - 上次打印时间: 2026-03-20 09:20:55
2026-03-20 09:21:50,990 - INFO - 上次打印价格: 4943.491747527613
2026-03-20 09:21:50,990 - INFO - 当前价格: 4948.320599759801
2026-03-20 09:21:50,990 - INFO - ============================================================

2026-03-20 09:22:00,996 - INFO - 
============================================================
2026-03-20 09:22:00,996 - INFO - 触发原因: 打印调试
2026-03-20 09:22:00,996 - INFO - 当前时间: 2026-03-20 09:22:00
2026-03-20 09:22:00,996 - INFO - 数据时间: 2026-03-20 09:22:00
2026-03-20 09:22:00,996 - INFO - 当前价格: 4955.58461060123
2026-03-20 09:22:00,997 - INFO - 上次打印时间: 2026-03-20 09:20:55
2026-03-20 09:22:00,997 - INFO - 上次打印价格: 4943.491747527613
2026-03-20 09:22:00,997 - INFO - 当前价格: 4955.58461060123
2026-03-20 09:22:00,997 - INFO - ============================================================

2026-03-20 09:22:00,997 - INFO - 
============================================================
2026-03-20 09:22:00,997 - INFO - 触发原因: 价格上涨超过整数变化
2026-03-20 09:22:00,997 - INFO - 当前时间: 2026-03-20 09:22:00
2026-03-20 09:22:00,997 - INFO - 数据时间: 2026-03-20 09:22:00
2026-03-20 09:22:00,997 - INFO - 当前价格: 4955.58461060123
2026-03-20 09:22:00,997 - INFO - 上次打印时间: 2026-03-20 09:20:55
2026-03-20 09:22:00,997 - INFO - 上次打印价格: 4943.491747527613
2026-03-20 09:22:00,997 - INFO - 当前价格: 4955.58461060123
2026-03-20 09:22:00,998 - INFO - Content-Type: multipart/mixed; boundary="===============2742159104364089922=="
MIME-Version: 1.0
Subject: =?utf-8?b?6buE6YeR5Lu35qC85o+Q6YaSIC0g5Lu35qC85LiK5rao6LaF6L+H5pW05pWw5Y+Y5YyWLOW9k+WJjeS7t+agvDQ5NTUuNTg0NjEwNjAxMjM=?=
From: 2741023538@qq.com
To: 2741023538@qq.com

--===============2742159104364089922==
Content-Type: text/plain; charset="utf-8"
MIME-Version: 1.0
Content-Transfer-Encoding: base64

CiAgICAgICAgICAgIOm7hOmHkeS7t+agvOebkeaOp+aPkOmGkgogICAgICAgICAgICDop6blj5Hl
jp/lm6A6IOS7t+agvOS4iua2qOi2hei/h+aVtOaVsOWPmOWMlgogICAgICAgICAgICDlvZPliY3m
l7bpl7Q6IDIwMjYtMDMtMjAgMDk6MjI6MDAKICAgICAgICAgICAg5pWw5o2u5pe26Ze0OiAyMDI2
LTAzLTIwIDA5OjIyOjAwCiAgICAgICAgICAgIOW9k+WJjeS7t+agvDogNDk1NS41ODQ2MTA2MDEy
MwogICAgICAgICAgICDlt7Lop6blj5Hnm67moIc6IFs0OTUwXQoKICAgICAgICAgICAg5LiK5qyh
5omT5Y2w5pe26Ze0OiAyMDI2LTAzLTIwIDA5OjIyOjAwCiAgICAgICAgICAgIOS4iuasoeaJk+WN
sOS7t+agvDogNDk1NS41ODQ2MTA2MDEyMyAg5b2T5YmN5Lu35qC8OiA0OTU1LjU4NDYxMDYwMTIz
CiAgICAgICAgICAgIA==

--===============2742159104364089922==--

2026-03-20 09:22:01,244 - INFO - 正在连接到 smtp.qq.com:465
2026-03-20 09:22:01,244 - INFO - 使用用户名: 2741023538@qq.com
2026-03-20 09:22:01,303 - ERROR - 监控异常: 'ascii' codec can't encode characters in position 19-21: ordinal not in range(128)
2026-03-20 09:22:16,314 - INFO - 
============================================================
2026-03-20 09:22:16,315 - INFO - 触发原因: 打印调试
2026-03-20 09:22:16,315 - INFO - 当前时间: 2026-03-20 09:22:16
2026-03-20 09:22:16,315 - INFO - 数据时间: 2026-03-20 09:22:16
2026-03-20 09:22:16,315 - INFO - 当前价格: 4957.101584044263
2026-03-20 09:22:16,316 - INFO - 上次打印时间: 2026-03-20 09:22:00
2026-03-20 09:22:16,316 - INFO - 上次打印价格: 4955.58461060123
2026-03-20 09:22:16,316 - INFO - 当前价格: 4957.101584044263
2026-03-20 09:22:16,316 - INFO - ============================================================

2026-03-20 09:22:26,322 - INFO - 
============================================================
2026-03-20 09:22:26,323 - INFO - 触发原因: 打印调试
2026-03-20 09:22:26,323 - INFO - 当前时间: 2026-03-20 09:22:26
2026-03-20 09:22:26,323 - INFO - 数据时间: 2026-03-20 09:22:26
2026-03-20 09:22:26,323 - INFO - 当前价格: 4941.91987155454
2026-03-20 09:22:26,323 - INFO - 上次打印时间: 2026-03-20 09:22:00
2026-03-20 09:22:26,323 - INFO - 上次打印价格: 4955.58461060123
2026-03-20 09:22:26,323 - INFO - 当前价格: 4941.91987155454
2026-03-20 09:22:26,323 - INFO - ============================================================

2026-03-20 09:22:26,324 - INFO - 
============================================================
2026-03-20 09:22:26,324 - INFO - 触发原因: 价格下跌超过整数变化
2026-03-20 09:22:26,324 - INFO - 当前时间: 2026-03-20 09:22:26
2026-03-20 09:22:26,324 - INFO - 数据时间: 2026-03-20 09:22:26
2026-03-20 09:22:26,324 - INFO - 当前价格: 4941.91987155454
2026-03-20 09:22:26,324 - INFO - 上次打印时间: 2026-03-20 09:22:00
2026-03-20 09:22:26,324 - INFO - 上次打印价格: 4955.58461060123
2026-03-20 09:22:26,324 - INFO - 当前价格: 4941.91987155454
2026-03-20 09:22:26,325 - INFO - Content-Type: multipart/mixed; boundary="===============4308193987852557032=="
MIME-Version: 1.0
Subject: =?utf-8?b?6buE6YeR5Lu35qC85o+Q6YaSIC0g5Lu35qC85LiL6LeM6LaF6L+H5pW05pWw5Y+Y5YyWLOW9k+WJjeS7t+agvDQ5NDEuOTE5ODcxNTU0NTQ=?=
From: 2741023538@qq.com
To: 2741023538@qq.com

--===============4308193987852557032==
Content-Type: text/plain; charset="utf-8"
MIME-Version: 1.0
Content-Transfer-Encoding: base64

CiAgICAgICAgICAgIOm7hOmHkeS7t+agvOebkeaOp+aPkOmGkgogICAgICAgICAgICDop6blj5Hl
jp/lm6A6IOS7t+agvOS4i+i3jOi2hei/h+aVtOaVsOWPmOWMlgogICAgICAgICAgICDlvZPliY3m
l7bpl7Q6IDIwMjYtMDMtMjAgMDk6MjI6MjYKICAgICAgICAgICAg5pWw5o2u5pe26Ze0OiAyMDI2
LTAzLTIwIDA5OjIyOjI2CiAgICAgICAgICAgIOW9k+WJjeS7t+agvDogNDk0MS45MTk4NzE1NTQ1
NAogICAgICAgICAgICDlt7Lop6blj5Hnm67moIc6IFs0OTUwXQoKICAgICAgICAgICAg5LiK5qyh
5omT5Y2w5pe26Ze0OiAyMDI2LTAzLTIwIDA5OjIyOjI2CiAgICAgICAgICAgIOS4iuasoeaJk+WN
sOS7t+agvDogNDk0MS45MTk4NzE1NTQ1NCAg5b2T5YmN5Lu35qC8OiA0OTQxLjkxOTg3MTU1NDU0
CiAgICAgICAgICAgIA==

--===============4308193987852557032==--

2026-03-20 09:22:26,584 - INFO - 正在连接到 smtp.qq.com:465
2026-03-20 09:22:26,584 - INFO - 使用用户名: 2741023538@qq.com
2026-03-20 09:22:26,637 - ERROR - 监控异常: 'ascii' codec can't encode characters in position 19-21: ordinal not in range(128)
2026-03-20 09:22:41,652 - INFO - 
============================================================
2026-03-20 09:22:41,653 - INFO - 触发原因: 打印调试
2026-03-20 09:22:41,653 - INFO - 当前时间: 2026-03-20 09:22:41
2026-03-20 09:22:41,653 - INFO - 数据时间: 2026-03-20 09:22:41
2026-03-20 09:22:41,653 - INFO - 当前价格: 4941.613887006329
2026-03-20 09:22:41,653 - INFO - 上次打印时间: 2026-03-20 09:22:26
2026-03-20 09:22:41,654 - INFO - 上次打印价格: 4941.91987155454
2026-03-20 09:22:41,654 - INFO - 当前价格: 4941.613887006329
2026-03-20 09:22:41,654 - INFO - ============================================================

2026-03-20 09:22:51,662 - INFO - 
============================================================
2026-03-20 09:22:51,662 - INFO - 触发原因: 打印调试
2026-03-20 09:22:51,662 - INFO - 当前时间: 2026-03-20 09:22:51
2026-03-20 09:22:51,662 - INFO - 数据时间: 2026-03-20 09:22:51
2026-03-20 09:22:51,662 - INFO - 当前价格: 4940.939672588988
2026-03-20 09:22:51,663 - INFO - 上次打印时间: 2026-03-20 09:22:26
2026-03-20 09:22:51,663 - INFO - 上次打印价格: 4941.91987155454
2026-03-20 09:22:51,663 - INFO - 当前价格: 4940.939672588988
2026-03-20 09:22:51,663 - INFO - ============================================================

2026-03-20 09:23:01,664 - INFO - 
============================================================
2026-03-20 09:23:01,664 - INFO - 触发原因: 打印调试
2026-03-20 09:23:01,664 - INFO - 当前时间: 2026-03-20 09:23:01
2026-03-20 09:23:01,665 - INFO - 数据时间: 2026-03-20 09:23:01
2026-03-20 09:23:01,665 - INFO - 当前价格: 4949.153126824905
2026-03-20 09:23:01,665 - INFO - 上次打印时间: 2026-03-20 09:22:26
2026-03-20 09:23:01,665 - INFO - 上次打印价格: 4941.91987155454
2026-03-20 09:23:01,665 - INFO - 当前价格: 4949.153126824905
2026-03-20 09:23:01,665 - INFO - ============================================================

2026-03-20 09:23:11,674 - INFO - 
============================================================
2026-03-20 09:23:11,674 - INFO - 触发原因: 打印调试
2026-03-20 09:23:11,674 - INFO - 当前时间: 2026-03-20 09:23:11
2026-03-20 09:23:11,675 - INFO - 数据时间: 2026-03-20 09:23:11
2026-03-20 09:23:11,675 - INFO - 当前价格: 4941.042014816296
2026-03-20 09:23:11,675 - INFO - 上次打印时间: 2026-03-20 09:22:26
2026-03-20 09:23:11,675 - INFO - 上次打印价格: 4941.91987155454
2026-03-20 09:23:11,675 - INFO - 当前价格: 4941.042014816296
2026-03-20 09:23:11,675 - INFO - ============================================================

2026-03-20 09:23:21,678 - INFO - 
============================================================
2026-03-20 09:23:21,679 - INFO - 触发原因: 打印调试
2026-03-20 09:23:21,679 - INFO - 当前时间: 2026-03-20 09:23:21
2026-03-20 09:23:21,679 - INFO - 数据时间: 2026-03-20 09:23:21
2026-03-20 09:23:21,679 - INFO - 当前价格: 4941.786218528578
2026-03-20 09:23:21,680 - INFO - 上次打印时间: 2026-03-20 09:22:26
2026-03-20 09:23:21,680 - INFO - 上次打印价格: 4941.91987155454
2026-03-20 09:23:21,680 - INFO - 当前价格: 4941.786218528578
2026-03-20 09:23:21,680 - INFO - ============================================================

2026-03-20 09:23:31,690 - INFO - 
============================================================
2026-03-20 09:23:31,690 - INFO - 触发原因: 打印调试
2026-03-20 09:23:31,690 - INFO - 当前时间: 2026-03-20 09:23:31
2026-03-20 09:23:31,691 - INFO - 数据时间: 2026-03-20 09:23:31
2026-03-20 09:23:31,691 - INFO - 当前价格: 4940.478996347868
2026-03-20 09:23:31,691 - INFO - 上次打印时间: 2026-03-20 09:22:26
2026-03-20 09:23:31,691 - INFO - 上次打印价格: 4941.91987155454
2026-03-20 09:23:31,691 - INFO - 当前价格: 4940.478996347868
2026-03-20 09:23:31,691 - INFO - ============================================================

2026-03-20 09:23:41,700 - INFO - 
============================================================
2026-03-20 09:23:41,700 - INFO - 触发原因: 打印调试
2026-03-20 09:23:41,700 - INFO - 当前时间: 2026-03-20 09:23:41
2026-03-20 09:23:41,700 - INFO - 数据时间: 2026-03-20 09:23:41
2026-03-20 09:23:41,700 - INFO - 当前价格: 4958.451868974479
2026-03-20 09:23:41,701 - INFO - 上次打印时间: 2026-03-20 09:22:26
2026-03-20 09:23:41,701 - INFO - 上次打印价格: 4941.91987155454
2026-03-20 09:23:41,701 - INFO - 当前价格: 4958.451868974479
2026-03-20 09:23:41,701 - INFO - ============================================================

2026-03-20 09:23:41,701 - INFO - 
============================================================
2026-03-20 09:23:41,701 - INFO - 触发原因: 价格上涨超过整数变化
2026-03-20 09:23:41,702 - INFO - 当前时间: 2026-03-20 09:23:41
2026-03-20 09:23:41,702 - INFO - 数据时间: 2026-03-20 09:23:41
2026-03-20 09:23:41,702 - INFO - 当前价格: 4958.451868974479
2026-03-20 09:23:41,702 - INFO - 上次打印时间: 2026-03-20 09:22:26
2026-03-20 09:23:41,702 - INFO - 上次打印价格: 4941.91987155454
2026-03-20 09:23:41,702 - INFO - 当前价格: 4958.451868974479
2026-03-20 09:23:41,703 - INFO - Content-Type: multipart/mixed; boundary="===============4610548722821840438=="
MIME-Version: 1.0
Subject: =?utf-8?b?6buE6YeR5Lu35qC85o+Q6YaSIC0g5Lu35qC85LiK5rao6LaF6L+H5pW05pWw5Y+Y5YyWLOW9k+WJjeS7t+agvDQ5NTguNDUxODY4OTc0NDc5?=
From: 2741023538@qq.com
To: 2741023538@qq.com

--===============4610548722821840438==
Content-Type: text/plain; charset="utf-8"
MIME-Version: 1.0
Content-Transfer-Encoding: base64

CiAgICAgICAgICAgIOm7hOmHkeS7t+agvOebkeaOp+aPkOmGkgogICAgICAgICAgICDop6blj5Hl
jp/lm6A6IOS7t+agvOS4iua2qOi2hei/h+aVtOaVsOWPmOWMlgogICAgICAgICAgICDlvZPliY3m
l7bpl7Q6IDIwMjYtMDMtMjAgMDk6MjM6NDEKICAgICAgICAgICAg5pWw5o2u5pe26Ze0OiAyMDI2
LTAzLTIwIDA5OjIzOjQxCiAgICAgICAgICAgIOW9k+WJjeS7t+agvDogNDk1OC40NTE4Njg5NzQ0
NzkKICAgICAgICAgICAg5bey6Kem5Y+R55uu5qCHOiBbNDk1MF0KCiAgICAgICAgICAgIOS4iuas
oeaJk+WNsOaXtumXtDogMjAyNi0wMy0yMCAwOToyMzo0MQogICAgICAgICAgICDkuIrmrKHmiZPl
jbDku7fmoLw6IDQ5NTguNDUxODY4OTc0NDc5ICDlvZPliY3ku7fmoLw6IDQ5NTguNDUxODY4OTc0
NDc5CiAgICAgICAgICAgIA==

--===============4610548722821840438==--

2026-03-20 09:23:41,951 - INFO - 正在连接到 smtp.qq.com:465
2026-03-20 09:23:41,951 - INFO - 使用用户名: 2741023538@qq.com
2026-03-20 09:23:42,005 - ERROR - 监控异常: 'ascii' codec can't encode characters in position 19-21: ordinal not in range(128)
2026-03-20 09:23:57,021 - INFO - 
============================================================
2026-03-20 09:23:57,022 - INFO - 触发原因: 打印调试
2026-03-20 09:23:57,022 - INFO - 当前时间: 2026-03-20 09:23:57
2026-03-20 09:23:57,022 - INFO - 数据时间: 2026-03-20 09:23:57
2026-03-20 09:23:57,022 - INFO - 当前价格: 4943.676713307105
2026-03-20 09:23:57,022 - INFO - 上次打印时间: 2026-03-20 09:23:41
2026-03-20 09:23:57,022 - INFO - 上次打印价格: 4958.451868974479
2026-03-20 09:23:57,023 - INFO - 当前价格: 4943.676713307105
2026-03-20 09:23:57,023 - INFO - ============================================================

2026-03-20 09:23:57,023 - INFO - 
============================================================
2026-03-20 09:23:57,023 - INFO - 触发原因: 价格下跌超过整数变化
2026-03-20 09:23:57,023 - INFO - 当前时间: 2026-03-20 09:23:57
2026-03-20 09:23:57,023 - INFO - 数据时间: 2026-03-20 09:23:57
2026-03-20 09:23:57,023 - INFO - 当前价格: 4943.676713307105
2026-03-20 09:23:57,023 - INFO - 上次打印时间: 2026-03-20 09:23:41
2026-03-20 09:23:57,023 - INFO - 上次打印价格: 4958.451868974479
2026-03-20 09:23:57,023 - INFO - 当前价格: 4943.676713307105
2026-03-20 09:23:57,024 - INFO - Content-Type: multipart/mixed; boundary="===============3037538959543969931=="
MIME-Version: 1.0
Subject: =?utf-8?b?6buE6YeR5Lu35qC85o+Q6YaSIC0g5Lu35qC85LiL6LeM6LaF6L+H5pW05pWw5Y+Y5YyWLOW9k+WJjeS7t+agvDQ5NDMuNjc2NzEzMzA3MTA1?=
From: 2741023538@qq.com
To: 2741023538@qq.com

--===============3037538959543969931==
Content-Type: text/plain; charset="utf-8"
MIME-Version: 1.0
Content-Transfer-Encoding: base64

CiAgICAgICAgICAgIOm7hOmHkeS7t+agvOebkeaOp+aPkOmGkgogICAgICAgICAgICDop6blj5Hl
jp/lm6A6IOS7t+agvOS4i+i3jOi2hei/h+aVtOaVsOWPmOWMlgogICAgICAgICAgICDlvZPliY3m
l7bpl7Q6IDIwMjYtMDMtMjAgMDk6MjM6NTcKICAgICAgICAgICAg5pWw5o2u5pe26Ze0OiAyMDI2
LTAzLTIwIDA5OjIzOjU3CiAgICAgICAgICAgIOW9k+WJjeS7t+agvDogNDk0My42NzY3MTMzMDcx
MDUKICAgICAgICAgICAg5bey6Kem5Y+R55uu5qCHOiBbNDk1MF0KCiAgICAgICAgICAgIOS4iuas
oeaJk+WNsOaXtumXtDogMjAyNi0wMy0yMCAwOToyMzo1NwogICAgICAgICAgICDkuIrmrKHmiZPl
jbDku7fmoLw6IDQ5NDMuNjc2NzEzMzA3MTA1ICDlvZPliY3ku7fmoLw6IDQ5NDMuNjc2NzEzMzA3
MTA1CiAgICAgICAgICAgIA==

--===============3037538959543969931==--

2026-03-20 09:23:57,270 - INFO - 正在连接到 smtp.qq.com:465
2026-03-20 09:23:57,271 - INFO - 使用用户名: 2741023538@qq.com
2026-03-20 09:23:57,342 - ERROR - 监控异常: 'ascii' codec can't encode characters in position 19-21: ordinal not in range(128)
2026-03-20 09:24:12,348 - INFO - 
============================================================
2026-03-20 09:24:12,349 - INFO - 触发原因: 打印调试
2026-03-20 09:24:12,349 - INFO - 当前时间: 2026-03-20 09:24:12
2026-03-20 09:24:12,349 - INFO - 数据时间: 2026-03-20 09:24:12
2026-03-20 09:24:12,349 - INFO - 当前价格: 4942.941815258363
2026-03-20 09:24:12,349 - INFO - 上次打印时间: 2026-03-20 09:23:57
2026-03-20 09:24:12,349 - INFO - 上次打印价格: 4943.676713307105
2026-03-20 09:24:12,349 - INFO - 当前价格: 4942.941815258363
2026-03-20 09:24:12,349 - INFO - ============================================================

2026-03-20 09:24:22,359 - INFO - 
============================================================
2026-03-20 09:24:22,359 - INFO - 触发原因: 打印调试
2026-03-20 09:24:22,360 - INFO - 当前时间: 2026-03-20 09:24:22
2026-03-20 09:24:22,360 - INFO - 数据时间: 2026-03-20 09:24:22
2026-03-20 09:24:22,360 - INFO - 当前价格: 4948.07740903161
2026-03-20 09:24:22,360 - INFO - 上次打印时间: 2026-03-20 09:23:57
2026-03-20 09:24:22,360 - INFO - 上次打印价格: 4943.676713307105
2026-03-20 09:24:22,360 - INFO - 当前价格: 4948.07740903161
2026-03-20 09:24:22,361 - INFO - ============================================================

2026-03-20 09:24:32,366 - INFO - 
============================================================
2026-03-20 09:24:32,366 - INFO - 触发原因: 打印调试
2026-03-20 09:24:32,366 - INFO - 当前时间: 2026-03-20 09:24:32
2026-03-20 09:24:32,366 - INFO - 数据时间: 2026-03-20 09:24:32
2026-03-20 09:24:32,366 - INFO - 当前价格: 4950.071747678434
2026-03-20 09:24:32,366 - INFO - 上次打印时间: 2026-03-20 09:23:57
2026-03-20 09:24:32,367 - INFO - 上次打印价格: 4943.676713307105
2026-03-20 09:24:32,367 - INFO - 当前价格: 4950.071747678434
2026-03-20 09:24:32,367 - INFO - ============================================================

2026-03-20 09:24:42,370 - INFO - 
============================================================
2026-03-20 09:24:42,370 - INFO - 触发原因: 打印调试
2026-03-20 09:24:42,370 - INFO - 当前时间: 2026-03-20 09:24:42
2026-03-20 09:24:42,370 - INFO - 数据时间: 2026-03-20 09:24:42
2026-03-20 09:24:42,371 - INFO - 当前价格: 4949.04321129694
2026-03-20 09:24:42,371 - INFO - 上次打印时间: 2026-03-20 09:23:57
2026-03-20 09:24:42,371 - INFO - 上次打印价格: 4943.676713307105
2026-03-20 09:24:42,371 - INFO - 当前价格: 4949.04321129694
2026-03-20 09:24:42,371 - INFO - ============================================================

2026-03-20 09:24:52,373 - INFO - 
============================================================
2026-03-20 09:24:52,374 - INFO - 触发原因: 打印调试
2026-03-20 09:24:52,374 - INFO - 当前时间: 2026-03-20 09:24:52
2026-03-20 09:24:52,374 - INFO - 数据时间: 2026-03-20 09:24:52
2026-03-20 09:24:52,374 - INFO - 当前价格: 4942.6719798243475
2026-03-20 09:24:52,374 - INFO - 上次打印时间: 2026-03-20 09:23:57
2026-03-20 09:24:52,375 - INFO - 上次打印价格: 4943.676713307105
2026-03-20 09:24:52,375 - INFO - 当前价格: 4942.6719798243475
2026-03-20 09:24:52,375 - INFO - ============================================================

2026-03-20 09:25:02,383 - INFO - 
============================================================
2026-03-20 09:25:02,384 - INFO - 触发原因: 打印调试
2026-03-20 09:25:02,384 - INFO - 当前时间: 2026-03-20 09:25:02
2026-03-20 09:25:02,384 - INFO - 数据时间: 2026-03-20 09:25:02
2026-03-20 09:25:02,384 - INFO - 当前价格: 4952.192889373161
2026-03-20 09:25:02,384 - INFO - 上次打印时间: 2026-03-20 09:23:57
2026-03-20 09:25:02,384 - INFO - 上次打印价格: 4943.676713307105
2026-03-20 09:25:02,385 - INFO - 当前价格: 4952.192889373161
2026-03-20 09:25:02,385 - INFO - ============================================================

2026-03-20 09:25:12,393 - INFO - 
============================================================
2026-03-20 09:25:12,393 - INFO - 触发原因: 打印调试
2026-03-20 09:25:12,393 - INFO - 当前时间: 2026-03-20 09:25:12
2026-03-20 09:25:12,393 - INFO - 数据时间: 2026-03-20 09:25:12
2026-03-20 09:25:12,393 - INFO - 当前价格: 4950.923502495658
2026-03-20 09:25:12,393 - INFO - 上次打印时间: 2026-03-20 09:23:57
2026-03-20 09:25:12,393 - INFO - 上次打印价格: 4943.676713307105
2026-03-20 09:25:12,394 - INFO - 当前价格: 4950.923502495658
2026-03-20 09:25:12,394 - INFO - ============================================================

2026-03-20 09:25:22,401 - INFO - 
============================================================
2026-03-20 09:25:22,401 - INFO - 触发原因: 打印调试
2026-03-20 09:25:22,401 - INFO - 当前时间: 2026-03-20 09:25:22
2026-03-20 09:25:22,401 - INFO - 数据时间: 2026-03-20 09:25:22
2026-03-20 09:25:22,401 - INFO - 当前价格: 4944.163756296808
2026-03-20 09:25:22,401 - INFO - 上次打印时间: 2026-03-20 09:23:57
2026-03-20 09:25:22,401 - INFO - 上次打印价格: 4943.676713307105
2026-03-20 09:25:22,401 - INFO - 当前价格: 4944.163756296808
2026-03-20 09:25:22,402 - INFO - ============================================================

2026-03-20 09:25:32,403 - INFO - 
============================================================
2026-03-20 09:25:32,403 - INFO - 触发原因: 打印调试
2026-03-20 09:25:32,404 - INFO - 当前时间: 2026-03-20 09:25:32
2026-03-20 09:25:32,404 - INFO - 数据时间: 2026-03-20 09:25:32
2026-03-20 09:25:32,404 - INFO - 当前价格: 4954.502689530929
2026-03-20 09:25:32,404 - INFO - 上次打印时间: 2026-03-20 09:23:57
2026-03-20 09:25:32,404 - INFO - 上次打印价格: 4943.676713307105
2026-03-20 09:25:32,404 - INFO - 当前价格: 4954.502689530929
2026-03-20 09:25:32,404 - INFO - ============================================================

2026-03-20 09:25:32,404 - INFO - 
============================================================
2026-03-20 09:25:32,405 - INFO - 触发原因: 价格上涨超过整数变化
2026-03-20 09:25:32,405 - INFO - 当前时间: 2026-03-20 09:25:32
2026-03-20 09:25:32,405 - INFO - 数据时间: 2026-03-20 09:25:32
2026-03-20 09:25:32,405 - INFO - 当前价格: 4954.502689530929
2026-03-20 09:25:32,405 - INFO - 上次打印时间: 2026-03-20 09:23:57
2026-03-20 09:25:32,405 - INFO - 上次打印价格: 4943.676713307105
2026-03-20 09:25:32,406 - INFO - 当前价格: 4954.502689530929
2026-03-20 09:25:32,406 - INFO - Content-Type: multipart/mixed; boundary="===============2230964401066119237=="
MIME-Version: 1.0
Subject: =?utf-8?b?6buE6YeR5Lu35qC85o+Q6YaSIC0g5Lu35qC85LiK5rao6LaF6L+H5pW05pWw5Y+Y5YyWLOW9k+WJjeS7t+agvDQ5NTQuNTAyNjg5NTMwOTI5?=
From: 2741023538@qq.com
To: 2741023538@qq.com

--===============2230964401066119237==
Content-Type: text/plain; charset="utf-8"
MIME-Version: 1.0
Content-Transfer-Encoding: base64

CiAgICAgICAgICAgIOm7hOmHkeS7t+agvOebkeaOp+aPkOmGkgogICAgICAgICAgICDop6blj5Hl
jp/lm6A6IOS7t+agvOS4iua2qOi2hei/h+aVtOaVsOWPmOWMlgogICAgICAgICAgICDlvZPliY3m
l7bpl7Q6IDIwMjYtMDMtMjAgMDk6MjU6MzIKICAgICAgICAgICAg5pWw5o2u5pe26Ze0OiAyMDI2
LTAzLTIwIDA5OjI1OjMyCiAgICAgICAgICAgIOW9k+WJjeS7t+agvDogNDk1NC41MDI2ODk1MzA5
MjkKICAgICAgICAgICAg5bey6Kem5Y+R55uu5qCHOiBbNDk1MF0KCiAgICAgICAgICAgIOS4iuas
oeaJk+WNsOaXtumXtDogMjAyNi0wMy0yMCAwOToyNTozMgogICAgICAgICAgICDkuIrmrKHmiZPl
jbDku7fmoLw6IDQ5NTQuNTAyNjg5NTMwOTI5ICDlvZPliY3ku7fmoLw6IDQ5NTQuNTAyNjg5NTMw
OTI5CiAgICAgICAgICAgIA==

--===============2230964401066119237==--

2026-03-20 09:25:32,677 - INFO - 正在连接到 smtp.qq.com:465
2026-03-20 09:25:32,677 - INFO - 使用用户名: 2741023538@qq.com
2026-03-20 09:25:32,734 - ERROR - 监控异常: 'ascii' codec can't encode characters in position 19-21: ordinal not in range(128)
2026-03-20 09:25:47,750 - INFO - 
============================================================
2026-03-20 09:25:47,750 - INFO - 触发原因: 打印调试
2026-03-20 09:25:47,750 - INFO - 当前时间: 2026-03-20 09:25:47
2026-03-20 09:25:47,750 - INFO - 数据时间: 2026-03-20 09:25:47
2026-03-20 09:25:47,750 - INFO - 当前价格: 4947.615727517897
2026-03-20 09:25:47,750 - INFO - 上次打印时间: 2026-03-20 09:25:32
2026-03-20 09:25:47,750 - INFO - 上次打印价格: 4954.502689530929
2026-03-20 09:25:47,751 - INFO - 当前价格: 4947.615727517897
2026-03-20 09:25:47,751 - INFO - ============================================================

2026-03-20 09:25:57,759 - INFO - 
============================================================
2026-03-20 09:25:57,759 - INFO - 触发原因: 打印调试
2026-03-20 09:25:57,759 - INFO - 当前时间: 2026-03-20 09:25:57
2026-03-20 09:25:57,759 - INFO - 数据时间: 2026-03-20 09:25:57
2026-03-20 09:25:57,759 - INFO - 当前价格: 4959.8881483954165
2026-03-20 09:25:57,760 - INFO - 上次打印时间: 2026-03-20 09:25:32
2026-03-20 09:25:57,760 - INFO - 上次打印价格: 4954.502689530929
2026-03-20 09:25:57,760 - INFO - 当前价格: 4959.8881483954165
2026-03-20 09:25:57,760 - INFO - ============================================================

2026-03-20 09:26:07,765 - INFO - 
============================================================
2026-03-20 09:26:07,766 - INFO - 触发原因: 打印调试
2026-03-20 09:26:07,766 - INFO - 当前时间: 2026-03-20 09:26:07
2026-03-20 09:26:07,766 - INFO - 数据时间: 2026-03-20 09:26:07
2026-03-20 09:26:07,766 - INFO - 当前价格: 4951.122287711188
2026-03-20 09:26:07,766 - INFO - 上次打印时间: 2026-03-20 09:25:32
2026-03-20 09:26:07,766 - INFO - 上次打印价格: 4954.502689530929
2026-03-20 09:26:07,766 - INFO - 当前价格: 4951.122287711188
2026-03-20 09:26:07,767 - INFO - ============================================================

2026-03-20 09:26:17,770 - INFO - 
============================================================
2026-03-20 09:26:17,771 - INFO - 触发原因: 打印调试
2026-03-20 09:26:17,771 - INFO - 当前时间: 2026-03-20 09:26:17
2026-03-20 09:26:17,771 - INFO - 数据时间: 2026-03-20 09:26:17
2026-03-20 09:26:17,771 - INFO - 当前价格: 4959.989849406969
2026-03-20 09:26:17,771 - INFO - 上次打印时间: 2026-03-20 09:25:32
2026-03-20 09:26:17,771 - INFO - 上次打印价格: 4954.502689530929
2026-03-20 09:26:17,772 - INFO - 当前价格: 4959.989849406969
2026-03-20 09:26:17,772 - INFO - ============================================================

2026-03-20 09:26:27,779 - INFO - 
============================================================
2026-03-20 09:26:27,779 - INFO - 触发原因: 打印调试
2026-03-20 09:26:27,779 - INFO - 当前时间: 2026-03-20 09:26:27
2026-03-20 09:26:27,779 - INFO - 数据时间: 2026-03-20 09:26:27
2026-03-20 09:26:27,779 - INFO - 当前价格: 4944.662441382881
2026-03-20 09:26:27,780 - INFO - 上次打印时间: 2026-03-20 09:25:32
2026-03-20 09:26:27,780 - INFO - 上次打印价格: 4954.502689530929
2026-03-20 09:26:27,780 - INFO - 当前价格: 4944.662441382881
2026-03-20 09:26:27,780 - INFO - ============================================================

2026-03-20 09:26:27,780 - INFO - 
============================================================
2026-03-20 09:26:27,780 - INFO - 触发原因: 价格下跌超过整数变化
2026-03-20 09:26:27,780 - INFO - 当前时间: 2026-03-20 09:26:27
2026-03-20 09:26:27,781 - INFO - 数据时间: 2026-03-20 09:26:27
2026-03-20 09:26:27,781 - INFO - 当前价格: 4944.662441382881
2026-03-20 09:26:27,781 - INFO - 上次打印时间: 2026-03-20 09:25:32
2026-03-20 09:26:27,781 - INFO - 上次打印价格: 4954.502689530929
2026-03-20 09:26:27,781 - INFO - 当前价格: 4944.662441382881
2026-03-20 09:26:27,781 - INFO - Content-Type: multipart/mixed; boundary="===============2198014286282503647=="
MIME-Version: 1.0
Subject: =?utf-8?b?6buE6YeR5Lu35qC85o+Q6YaSIC0g5Lu35qC85LiL6LeM6LaF6L+H5pW05pWw5Y+Y5YyWLOW9k+WJjeS7t+agvDQ5NDQuNjYyNDQxMzgyODgx?=
From: 2741023538@qq.com
To: 2741023538@qq.com

--===============2198014286282503647==
Content-Type: text/plain; charset="utf-8"
MIME-Version: 1.0
Content-Transfer-Encoding: base64

CiAgICAgICAgICAgIOm7hOmHkeS7t+agvOebkeaOp+aPkOmGkgogICAgICAgICAgICDop6blj5Hl
jp/lm6A6IOS7t+agvOS4i+i3jOi2hei/h+aVtOaVsOWPmOWMlgogICAgICAgICAgICDlvZPliY3m
l7bpl7Q6IDIwMjYtMDMtMjAgMDk6MjY6MjcKICAgICAgICAgICAg5pWw5o2u5pe26Ze0OiAyMDI2
LTAzLTIwIDA5OjI2OjI3CiAgICAgICAgICAgIOW9k+WJjeS7t+agvDogNDk0NC42NjI0NDEzODI4
ODEKICAgICAgICAgICAg5bey6Kem5Y+R55uu5qCHOiBbNDk1MF0KCiAgICAgICAgICAgIOS4iuas
oeaJk+WNsOaXtumXtDogMjAyNi0wMy0yMCAwOToyNjoyNwogICAgICAgICAgICDkuIrmrKHmiZPl
jbDku7fmoLw6IDQ5NDQuNjYyNDQxMzgyODgxICDlvZPliY3ku7fmoLw6IDQ5NDQuNjYyNDQxMzgy
ODgxCiAgICAgICAgICAgIA==

--===============2198014286282503647==--

2026-03-20 09:26:28,023 - INFO - 正在连接到 smtp.qq.com:465
2026-03-20 09:26:28,023 - INFO - 使用用户名: 2741023538@qq.com
2026-03-20 09:26:28,084 - ERROR - 监控异常: 'ascii' codec can't encode characters in position 19-21: ordinal not in range(128)
2026-03-20 09:26:43,091 - INFO - 
============================================================
2026-03-20 09:26:43,091 - INFO - 触发原因: 打印调试
2026-03-20 09:26:43,091 - INFO - 当前时间: 2026-03-20 09:26:43
2026-03-20 09:26:43,091 - INFO - 数据时间: 2026-03-20 09:26:43
2026-03-20 09:26:43,091 - INFO - 当前价格: 4940.525821830616
2026-03-20 09:26:43,092 - INFO - 上次打印时间: 2026-03-20 09:26:27
2026-03-20 09:26:43,092 - INFO - 上次打印价格: 4944.662441382881
2026-03-20 09:26:43,092 - INFO - 当前价格: 4940.525821830616
2026-03-20 09:26:43,092 - INFO - ============================================================

2026-03-20 09:26:53,096 - INFO - 
============================================================
2026-03-20 09:26:53,097 - INFO - 触发原因: 打印调试
2026-03-20 09:26:53,097 - INFO - 当前时间: 2026-03-20 09:26:53
2026-03-20 09:26:53,097 - INFO - 数据时间: 2026-03-20 09:26:53
2026-03-20 09:26:53,097 - INFO - 当前价格: 4950.2275425165635
2026-03-20 09:26:53,098 - INFO - 上次打印时间: 2026-03-20 09:26:27
2026-03-20 09:26:53,098 - INFO - 上次打印价格: 4944.662441382881
2026-03-20 09:26:53,098 - INFO - 当前价格: 4950.2275425165635
2026-03-20 09:26:53,098 - INFO - ============================================================

2026-03-20 09:27:03,108 - INFO - 
============================================================
2026-03-20 09:27:03,109 - INFO - 触发原因: 打印调试
2026-03-20 09:27:03,109 - INFO - 当前时间: 2026-03-20 09:27:03
2026-03-20 09:27:03,109 - INFO - 数据时间: 2026-03-20 09:27:03
2026-03-20 09:27:03,109 - INFO - 当前价格: 4958.287779102254
2026-03-20 09:27:03,109 - INFO - 上次打印时间: 2026-03-20 09:26:27
2026-03-20 09:27:03,109 - INFO - 上次打印价格: 4944.662441382881
2026-03-20 09:27:03,109 - INFO - 当前价格: 4958.287779102254
2026-03-20 09:27:03,110 - INFO - ============================================================

2026-03-20 09:27:03,110 - INFO - 
============================================================
2026-03-20 09:27:03,110 - INFO - 触发原因: 价格上涨超过整数变化
2026-03-20 09:27:03,110 - INFO - 当前时间: 2026-03-20 09:27:03
2026-03-20 09:27:03,110 - INFO - 数据时间: 2026-03-20 09:27:03
2026-03-20 09:27:03,110 - INFO - 当前价格: 4958.287779102254
2026-03-20 09:27:03,110 - INFO - 上次打印时间: 2026-03-20 09:26:27
2026-03-20 09:27:03,110 - INFO - 上次打印价格: 4944.662441382881
2026-03-20 09:27:03,111 - INFO - 当前价格: 4958.287779102254
2026-03-20 09:27:03,111 - INFO - Content-Type: multipart/mixed; boundary="===============7927858085261947176=="
MIME-Version: 1.0
Subject: =?utf-8?b?6buE6YeR5Lu35qC85o+Q6YaSIC0g5Lu35qC85LiK5rao6LaF6L+H5pW05pWw5Y+Y5YyWLOW9k+WJjeS7t+agvDQ5NTguMjg3Nzc5MTAyMjU0?=
From: 2741023538@qq.com
To: 2741023538@qq.com

--===============7927858085261947176==
Content-Type: text/plain; charset="utf-8"
MIME-Version: 1.0
Content-Transfer-Encoding: base64

CiAgICAgICAgICAgIOm7hOmHkeS7t+agvOebkeaOp+aPkOmGkgogICAgICAgICAgICDop6blj5Hl
jp/lm6A6IOS7t+agvOS4iua2qOi2hei/h+aVtOaVsOWPmOWMlgogICAgICAgICAgICDlvZPliY3m
l7bpl7Q6IDIwMjYtMDMtMjAgMDk6Mjc6MDMKICAgICAgICAgICAg5pWw5o2u5pe26Ze0OiAyMDI2
LTAzLTIwIDA5OjI3OjAzCiAgICAgICAgICAgIOW9k+WJjeS7t+agvDogNDk1OC4yODc3NzkxMDIy
NTQKICAgICAgICAgICAg5bey6Kem5Y+R55uu5qCHOiBbNDk1MF0KCiAgICAgICAgICAgIOS4iuas
oeaJk+WNsOaXtumXtDogMjAyNi0wMy0yMCAwOToyNzowMwogICAgICAgICAgICDkuIrmrKHmiZPl
jbDku7fmoLw6IDQ5NTguMjg3Nzc5MTAyMjU0ICDlvZPliY3ku7fmoLw6IDQ5NTguMjg3Nzc5MTAy
MjU0CiAgICAgICAgICAgIA==

--===============7927858085261947176==--

2026-03-20 09:27:03,386 - INFO - 正在连接到 smtp.qq.com:465
2026-03-20 09:27:03,387 - INFO - 使用用户名: 2741023538@qq.com
2026-03-20 09:27:03,441 - ERROR - 监控异常: 'ascii' codec can't encode characters in position 19-21: ordinal not in range(128)
2026-03-20 09:27:18,454 - INFO - 
============================================================
2026-03-20 09:27:18,454 - INFO - 触发原因: 打印调试
2026-03-20 09:27:18,455 - INFO - 当前时间: 2026-03-20 09:27:18
2026-03-20 09:27:18,455 - INFO - 数据时间: 2026-03-20 09:27:18
2026-03-20 09:27:18,455 - INFO - 当前价格: 4957.256905791765
2026-03-20 09:27:18,455 - INFO - 上次打印时间: 2026-03-20 09:27:03
2026-03-20 09:27:18,455 - INFO - 上次打印价格: 4958.287779102254
2026-03-20 09:27:18,455 - INFO - 当前价格: 4957.256905791765
2026-03-20 09:27:18,455 - INFO - ============================================================

2026-03-20 09:27:28,457 - INFO - 
============================================================
2026-03-20 09:27:28,457 - INFO - 触发原因: 打印调试
2026-03-20 09:27:28,457 - INFO - 当前时间: 2026-03-20 09:27:28
2026-03-20 09:27:28,457 - INFO - 数据时间: 2026-03-20 09:27:28
2026-03-20 09:27:28,457 - INFO - 当前价格: 4947.908217380246
2026-03-20 09:27:28,458 - INFO - 上次打印时间: 2026-03-20 09:27:03
2026-03-20 09:27:28,458 - INFO - 上次打印价格: 4958.287779102254
2026-03-20 09:27:28,458 - INFO - 当前价格: 4947.908217380246
2026-03-20 09:27:28,458 - INFO - ============================================================

2026-03-20 09:27:28,458 - INFO - 
============================================================
2026-03-20 09:27:28,458 - INFO - 触发原因: 价格下跌超过整数变化
2026-03-20 09:27:28,458 - INFO - 当前时间: 2026-03-20 09:27:28
2026-03-20 09:27:28,458 - INFO - 数据时间: 2026-03-20 09:27:28
2026-03-20 09:27:28,458 - INFO - 当前价格: 4947.908217380246
2026-03-20 09:27:28,458 - INFO - 上次打印时间: 2026-03-20 09:27:03
2026-03-20 09:27:28,458 - INFO - 上次打印价格: 4958.287779102254
2026-03-20 09:27:28,458 - INFO - 当前价格: 4947.908217380246
2026-03-20 09:27:28,459 - INFO - Content-Type: multipart/mixed; boundary="===============1737680727298889319=="
MIME-Version: 1.0
Subject: =?utf-8?b?6buE6YeR5Lu35qC85o+Q6YaSIC0g5Lu35qC85LiL6LeM6LaF6L+H5pW05pWw5Y+Y5YyWLOW9k+WJjeS7t+agvDQ5NDcuOTA4MjE3MzgwMjQ2?=
From: 2741023538@qq.com
To: 2741023538@qq.com

--===============1737680727298889319==
Content-Type: text/plain; charset="utf-8"
MIME-Version: 1.0
Content-Transfer-Encoding: base64

CiAgICAgICAgICAgIOm7hOmHkeS7t+agvOebkeaOp+aPkOmGkgogICAgICAgICAgICDop6blj5Hl
jp/lm6A6IOS7t+agvOS4i+i3jOi2hei/h+aVtOaVsOWPmOWMlgogICAgICAgICAgICDlvZPliY3m
l7bpl7Q6IDIwMjYtMDMtMjAgMDk6Mjc6MjgKICAgICAgICAgICAg5pWw5o2u5pe26Ze0OiAyMDI2
LTAzLTIwIDA5OjI3OjI4CiAgICAgICAgICAgIOW9k+WJjeS7t+agvDogNDk0Ny45MDgyMTczODAy
NDYKICAgICAgICAgICAg5bey6Kem5Y+R55uu5qCHOiBbNDk1MF0KCiAgICAgICAgICAgIOS4iuas
oeaJk+WNsOaXtumXtDogMjAyNi0wMy0yMCAwOToyNzoyOAogICAgICAgICAgICDkuIrmrKHmiZPl
jbDku7fmoLw6IDQ5NDcuOTA4MjE3MzgwMjQ2ICDlvZPliY3ku7fmoLw6IDQ5NDcuOTA4MjE3Mzgw
MjQ2CiAgICAgICAgICAgIA==

--===============1737680727298889319==--

2026-03-20 09:27:28,731 - INFO - 正在连接到 smtp.qq.com:465
2026-03-20 09:27:28,731 - INFO - 使用用户名: 2741023538@qq.com
2026-03-20 09:27:28,785 - ERROR - 监控异常: 'ascii' codec can't encode characters in position 19-21: ordinal not in range(128)
2026-03-20 09:27:43,801 - INFO - 
============================================================
2026-03-20 09:27:43,801 - INFO - 触发原因: 打印调试
2026-03-20 09:27:43,801 - INFO - 当前时间: 2026-03-20 09:27:43
2026-03-20 09:27:43,801 - INFO - 数据时间: 2026-03-20 09:27:43
2026-03-20 09:27:43,801 - INFO - 当前价格: 4956.793300185065
2026-03-20 09:27:43,802 - INFO - 上次打印时间: 2026-03-20 09:27:28
2026-03-20 09:27:43,802 - INFO - 上次打印价格: 4947.908217380246
2026-03-20 09:27:43,802 - INFO - 当前价格: 4956.793300185065
2026-03-20 09:27:43,802 - INFO - ============================================================

2026-03-20 09:27:43,803 - INFO - 
============================================================
2026-03-20 09:27:43,803 - INFO - 触发原因: 10分钟定时打印
2026-03-20 09:27:43,803 - INFO - 当前时间: 2026-03-20 09:27:43
2026-03-20 09:27:43,803 - INFO - 数据时间: 2026-03-20 09:27:43
2026-03-20 09:27:43,804 - INFO - 当前价格: 4956.793300185065
2026-03-20 09:27:43,804 - INFO - 上次打印时间: 2026-03-20 09:27:28
2026-03-20 09:27:43,804 - INFO - 上次打印价格: 4947.908217380246
2026-03-20 09:27:43,804 - INFO - 当前价格: 4956.793300185065
2026-03-20 09:27:43,805 - INFO - Content-Type: multipart/mixed; boundary="===============2924327100736360213=="
MIME-Version: 1.0
Subject: =?utf-8?b?6buE6YeR5Lu35qC85o+Q6YaSIC0gMTDliIbpkp/lrprml7bmiZPljbAs5b2T5YmN5Lu35qC8NDk1Ni43OTMzMDAxODUwNjU=?=
From: 2741023538@qq.com
To: 2741023538@qq.com

--===============2924327100736360213==
Content-Type: text/plain; charset="utf-8"
MIME-Version: 1.0
Content-Transfer-Encoding: base64

CiAgICAgICAgICAgIOm7hOmHkeS7t+agvOebkeaOp+aPkOmGkgogICAgICAgICAgICDop6blj5Hl
jp/lm6A6IDEw5YiG6ZKf5a6a5pe25omT5Y2wCiAgICAgICAgICAgIOW9k+WJjeaXtumXtDogMjAy
Ni0wMy0yMCAwOToyNzo0MwogICAgICAgICAgICDmlbDmja7ml7bpl7Q6IDIwMjYtMDMtMjAgMDk6
Mjc6NDMKICAgICAgICAgICAg5b2T5YmN5Lu35qC8OiA0OTU2Ljc5MzMwMDE4NTA2NQogICAgICAg
ICAgICDlt7Lop6blj5Hnm67moIc6IFs0OTUwXQoKICAgICAgICAgICAg5LiK5qyh5omT5Y2w5pe2
6Ze0OiAyMDI2LTAzLTIwIDA5OjI3OjQzCiAgICAgICAgICAgIOS4iuasoeaJk+WNsOS7t+agvDog
NDk1Ni43OTMzMDAxODUwNjUgIOW9k+WJjeS7t+agvDogNDk1Ni43OTMzMDAxODUwNjUKICAgICAg
ICAgICAg

--===============2924327100736360213==--

2026-03-20 09:27:44,102 - INFO - 正在连接到 smtp.qq.com:465
2026-03-20 09:27:44,102 - INFO - 使用用户名: 2741023538@qq.com
2026-03-20 09:27:44,163 - ERROR - 监控异常: 'ascii' codec can't encode characters in position 19-21: ordinal not in range(128)
2026-03-20 09:27:59,189 - INFO - 
============================================================
2026-03-20 09:27:59,190 - INFO - 触发原因: 打印调试
2026-03-20 09:27:59,190 - INFO - 当前时间: 2026-03-20 09:27:59
2026-03-20 09:27:59,190 - INFO - 数据时间: 2026-03-20 09:27:59
2026-03-20 09:27:59,190 - INFO - 当前价格: 4951.233618657186
2026-03-20 09:27:59,190 - INFO - 上次打印时间: 2026-03-20 09:27:43
2026-03-20 09:27:59,191 - INFO - 上次打印价格: 4956.793300185065
2026-03-20 09:27:59,191 - INFO - 当前价格: 4951.233618657186
2026-03-20 09:27:59,191 - INFO - ============================================================

2026-03-20 09:28:09,198 - INFO - 
============================================================
2026-03-20 09:28:09,198 - INFO - 触发原因: 打印调试
2026-03-20 09:28:09,198 - INFO - 当前时间: 2026-03-20 09:28:09
2026-03-20 09:28:09,198 - INFO - 数据时间: 2026-03-20 09:28:09
2026-03-20 09:28:09,199 - INFO - 当前价格: 4951.1762852885895
2026-03-20 09:28:09,199 - INFO - 上次打印时间: 2026-03-20 09:27:43
2026-03-20 09:28:09,199 - INFO - 上次打印价格: 4956.793300185065
2026-03-20 09:28:09,199 - INFO - 当前价格: 4951.1762852885895
2026-03-20 09:28:09,199 - INFO - ============================================================

2026-03-20 09:28:19,207 - INFO - 
============================================================
2026-03-20 09:28:19,207 - INFO - 触发原因: 打印调试
2026-03-20 09:28:19,208 - INFO - 当前时间: 2026-03-20 09:28:19
2026-03-20 09:28:19,208 - INFO - 数据时间: 2026-03-20 09:28:19
2026-03-20 09:28:19,208 - INFO - 当前价格: 4950.408258096643
2026-03-20 09:28:19,208 - INFO - 上次打印时间: 2026-03-20 09:27:43
2026-03-20 09:28:19,208 - INFO - 上次打印价格: 4956.793300185065
2026-03-20 09:28:19,208 - INFO - 当前价格: 4950.408258096643
2026-03-20 09:28:19,209 - INFO - ============================================================

2026-03-20 09:28:29,223 - INFO - 
============================================================
2026-03-20 09:28:29,224 - INFO - 触发原因: 打印调试
2026-03-20 09:28:29,224 - INFO - 当前时间: 2026-03-20 09:28:29
2026-03-20 09:28:29,224 - INFO - 数据时间: 2026-03-20 09:28:29
2026-03-20 09:28:29,224 - INFO - 当前价格: 4955.548236166129
2026-03-20 09:28:29,224 - INFO - 上次打印时间: 2026-03-20 09:27:43
2026-03-20 09:28:29,225 - INFO - 上次打印价格: 4956.793300185065
2026-03-20 09:28:29,225 - INFO - 当前价格: 4955.548236166129
2026-03-20 09:28:29,225 - INFO - ============================================================

2026-03-20 09:28:39,238 - INFO - 
============================================================
2026-03-20 09:28:39,238 - INFO - 触发原因: 打印调试
2026-03-20 09:28:39,239 - INFO - 当前时间: 2026-03-20 09:28:39
2026-03-20 09:28:39,239 - INFO - 数据时间: 2026-03-20 09:28:39
2026-03-20 09:28:39,239 - INFO - 当前价格: 4956.8881806147665
2026-03-20 09:28:39,239 - INFO - 上次打印时间: 2026-03-20 09:27:43
2026-03-20 09:28:39,240 - INFO - 上次打印价格: 4956.793300185065
2026-03-20 09:28:39,240 - INFO - 当前价格: 4956.8881806147665
2026-03-20 09:28:39,240 - INFO - ============================================================

2026-03-20 09:28:49,249 - INFO - 
============================================================
2026-03-20 09:28:49,249 - INFO - 触发原因: 打印调试
2026-03-20 09:28:49,249 - INFO - 当前时间: 2026-03-20 09:28:49
2026-03-20 09:28:49,249 - INFO - 数据时间: 2026-03-20 09:28:49
2026-03-20 09:28:49,249 - INFO - 当前价格: 4954.173800753795
2026-03-20 09:28:49,250 - INFO - 上次打印时间: 2026-03-20 09:27:43
2026-03-20 09:28:49,250 - INFO - 上次打印价格: 4956.793300185065
2026-03-20 09:28:49,250 - INFO - 当前价格: 4954.173800753795
2026-03-20 09:28:49,250 - INFO - ============================================================

2026-03-20 09:28:59,263 - INFO - 
============================================================
2026-03-20 09:28:59,263 - INFO - 触发原因: 打印调试
2026-03-20 09:28:59,264 - INFO - 当前时间: 2026-03-20 09:28:59
2026-03-20 09:28:59,264 - INFO - 数据时间: 2026-03-20 09:28:59
2026-03-20 09:28:59,264 - INFO - 当前价格: 4957.793380055994
2026-03-20 09:28:59,264 - INFO - 上次打印时间: 2026-03-20 09:27:43
2026-03-20 09:28:59,264 - INFO - 上次打印价格: 4956.793300185065
2026-03-20 09:28:59,264 - INFO - 当前价格: 4957.793380055994
2026-03-20 09:28:59,264 - INFO - ============================================================

2026-03-20 09:28:59,265 - INFO - 
============================================================
2026-03-20 09:28:59,265 - INFO - 触发原因: 价格上涨超过整数变化
2026-03-20 09:28:59,265 - INFO - 当前时间: 2026-03-20 09:28:59
2026-03-20 09:28:59,265 - INFO - 数据时间: 2026-03-20 09:28:59
2026-03-20 09:28:59,265 - INFO - 当前价格: 4957.793380055994
2026-03-20 09:28:59,265 - INFO - 上次打印时间: 2026-03-20 09:27:43
2026-03-20 09:28:59,265 - INFO - 上次打印价格: 4956.793300185065
2026-03-20 09:28:59,266 - INFO - 当前价格: 4957.793380055994
2026-03-20 09:28:59,267 - INFO - Content-Type: multipart/mixed; boundary="===============7663560129522561489=="
MIME-Version: 1.0
Subject: =?utf-8?b?6buE6YeR5Lu35qC85o+Q6YaSIC0g5Lu35qC85LiK5rao6LaF6L+H5pW05pWw5Y+Y5YyWLOW9k+WJjeS7t+agvDQ5NTcuNzkzMzgwMDU1OTk0?=
From: 2741023538@qq.com
To: 2741023538@qq.com

--===============7663560129522561489==
Content-Type: text/plain; charset="utf-8"
MIME-Version: 1.0
Content-Transfer-Encoding: base64

CiAgICAgICAgICAgIOm7hOmHkeS7t+agvOebkeaOp+aPkOmGkgogICAgICAgICAgICDop6blj5Hl
jp/lm6A6IOS7t+agvOS4iua2qOi2hei/h+aVtOaVsOWPmOWMlgogICAgICAgICAgICDlvZPliY3m
l7bpl7Q6IDIwMjYtMDMtMjAgMDk6Mjg6NTkKICAgICAgICAgICAg5pWw5o2u5pe26Ze0OiAyMDI2
LTAzLTIwIDA5OjI4OjU5CiAgICAgICAgICAgIOW9k+WJjeS7t+agvDogNDk1Ny43OTMzODAwNTU5
OTQKICAgICAgICAgICAg5bey6Kem5Y+R55uu5qCHOiBbNDk1MF0KCiAgICAgICAgICAgIOS4iuas
oeaJk+WNsOaXtumXtDogMjAyNi0wMy0yMCAwOToyODo1OQogICAgICAgICAgICDkuIrmrKHmiZPl
jbDku7fmoLw6IDQ5NTcuNzkzMzgwMDU1OTk0ICDlvZPliY3ku7fmoLw6IDQ5NTcuNzkzMzgwMDU1
OTk0CiAgICAgICAgICAgIA==

--===============7663560129522561489==--

2026-03-20 09:28:59,551 - INFO - 正在连接到 smtp.qq.com:465
2026-03-20 09:28:59,551 - INFO - 使用用户名: 2741023538@qq.com
2026-03-20 09:28:59,604 - ERROR - 监控异常: 'ascii' codec can't encode characters in position 19-21: ordinal not in range(128)
2026-03-20 09:29:14,627 - INFO - 
============================================================
2026-03-20 09:29:14,627 - INFO - 触发原因: 打印调试
2026-03-20 09:29:14,628 - INFO - 当前时间: 2026-03-20 09:29:14
2026-03-20 09:29:14,628 - INFO - 数据时间: 2026-03-20 09:29:14
2026-03-20 09:29:14,628 - INFO - 当前价格: 4944.78833428402
2026-03-20 09:29:14,628 - INFO - 上次打印时间: 2026-03-20 09:28:59
2026-03-20 09:29:14,628 - INFO - 上次打印价格: 4957.793380055994
2026-03-20 09:29:14,629 - INFO - 当前价格: 4944.78833428402
2026-03-20 09:29:14,629 - INFO - ============================================================

2026-03-20 09:29:14,629 - INFO - 
============================================================
2026-03-20 09:29:14,629 - INFO - 触发原因: 价格下跌超过整数变化
2026-03-20 09:29:14,629 - INFO - 当前时间: 2026-03-20 09:29:14
2026-03-20 09:29:14,629 - INFO - 数据时间: 2026-03-20 09:29:14
2026-03-20 09:29:14,629 - INFO - 当前价格: 4944.78833428402
2026-03-20 09:29:14,629 - INFO - 上次打印时间: 2026-03-20 09:28:59
2026-03-20 09:29:14,630 - INFO - 上次打印价格: 4957.793380055994
2026-03-20 09:29:14,630 - INFO - 当前价格: 4944.78833428402
2026-03-20 09:29:14,630 - INFO - Content-Type: multipart/mixed; boundary="===============0214791895349334111=="
MIME-Version: 1.0
Subject: =?utf-8?b?6buE6YeR5Lu35qC85o+Q6YaSIC0g5Lu35qC85LiL6LeM6LaF6L+H5pW05pWw5Y+Y5YyWLOW9k+WJjeS7t+agvDQ5NDQuNzg4MzM0Mjg0MDI=?=
From: 2741023538@qq.com
To: 2741023538@qq.com

--===============0214791895349334111==
Content-Type: text/plain; charset="utf-8"
MIME-Version: 1.0
Content-Transfer-Encoding: base64

CiAgICAgICAgICAgIOm7hOmHkeS7t+agvOebkeaOp+aPkOmGkgogICAgICAgICAgICDop6blj5Hl
jp/lm6A6IOS7t+agvOS4i+i3jOi2hei/h+aVtOaVsOWPmOWMlgogICAgICAgICAgICDlvZPliY3m
l7bpl7Q6IDIwMjYtMDMtMjAgMDk6Mjk6MTQKICAgICAgICAgICAg5pWw5o2u5pe26Ze0OiAyMDI2
LTAzLTIwIDA5OjI5OjE0CiAgICAgICAgICAgIOW9k+WJjeS7t+agvDogNDk0NC43ODgzMzQyODQw
MgogICAgICAgICAgICDlt7Lop6blj5Hnm67moIc6IFs0OTUwXQoKICAgICAgICAgICAg5LiK5qyh
5omT5Y2w5pe26Ze0OiAyMDI2LTAzLTIwIDA5OjI5OjE0CiAgICAgICAgICAgIOS4iuasoeaJk+WN
sOS7t+agvDogNDk0NC43ODgzMzQyODQwMiAg5b2T5YmN5Lu35qC8OiA0OTQ0Ljc4ODMzNDI4NDAy
CiAgICAgICAgICAgIA==

--===============0214791895349334111==--

2026-03-20 09:29:14,913 - INFO - 正在连接到 smtp.qq.com:465
2026-03-20 09:29:14,914 - INFO - 使用用户名: 2741023538@qq.com
2026-03-20 09:29:14,975 - ERROR - 监控异常: 'ascii' codec can't encode characters in position 19-21: ordinal not in range(128)
2026-03-20 09:29:29,988 - INFO - 
============================================================
2026-03-20 09:29:29,988 - INFO - 触发原因: 打印调试
2026-03-20 09:29:29,988 - INFO - 当前时间: 2026-03-20 09:29:29
2026-03-20 09:29:29,989 - INFO - 数据时间: 2026-03-20 09:29:29
2026-03-20 09:29:29,989 - INFO - 当前价格: 4951.430002392156
2026-03-20 09:29:29,989 - INFO - 上次打印时间: 2026-03-20 09:29:14
2026-03-20 09:29:29,989 - INFO - 上次打印价格: 4944.78833428402
2026-03-20 09:29:29,989 - INFO - 当前价格: 4951.430002392156
2026-03-20 09:29:29,990 - INFO - ============================================================

2026-03-20 09:29:39,990 - INFO - 
============================================================
2026-03-20 09:29:39,991 - INFO - 触发原因: 打印调试
2026-03-20 09:29:39,991 - INFO - 当前时间: 2026-03-20 09:29:39
2026-03-20 09:29:39,991 - INFO - 数据时间: 2026-03-20 09:29:39
2026-03-20 09:29:39,991 - INFO - 当前价格: 4948.6966911584805
2026-03-20 09:29:39,992 - INFO - 上次打印时间: 2026-03-20 09:29:14
2026-03-20 09:29:39,992 - INFO - 上次打印价格: 4944.78833428402
2026-03-20 09:29:39,992 - INFO - 当前价格: 4948.6966911584805
2026-03-20 09:29:39,992 - INFO - ============================================================

2026-03-20 09:29:49,998 - INFO - 
============================================================
2026-03-20 09:29:49,998 - INFO - 触发原因: 打印调试
2026-03-20 09:29:49,998 - INFO - 当前时间: 2026-03-20 09:29:49
2026-03-20 09:29:49,999 - INFO - 数据时间: 2026-03-20 09:29:49
2026-03-20 09:29:49,999 - INFO - 当前价格: 4959.55785242035
2026-03-20 09:29:49,999 - INFO - 上次打印时间: 2026-03-20 09:29:14
2026-03-20 09:29:49,999 - INFO - 上次打印价格: 4944.78833428402
2026-03-20 09:29:49,999 - INFO - 当前价格: 4959.55785242035
2026-03-20 09:29:50,000 - INFO - ============================================================

2026-03-20 09:29:50,000 - INFO - 
============================================================
2026-03-20 09:29:50,000 - INFO - 触发原因: 价格上涨超过整数变化
2026-03-20 09:29:50,000 - INFO - 当前时间: 2026-03-20 09:29:50
2026-03-20 09:29:50,000 - INFO - 数据时间: 2026-03-20 09:29:49
2026-03-20 09:29:50,000 - INFO - 当前价格: 4959.55785242035
2026-03-20 09:29:50,000 - INFO - 上次打印时间: 2026-03-20 09:29:14
2026-03-20 09:29:50,001 - INFO - 上次打印价格: 4944.78833428402
2026-03-20 09:29:50,001 - INFO - 当前价格: 4959.55785242035
2026-03-20 09:29:50,001 - INFO - Content-Type: multipart/mixed; boundary="===============7938258614143037542=="
MIME-Version: 1.0
Subject: =?utf-8?b?6buE6YeR5Lu35qC85o+Q6YaSIC0g5Lu35qC85LiK5rao6LaF6L+H5pW05pWw5Y+Y5YyWLOW9k+WJjeS7t+agvDQ5NTkuNTU3ODUyNDIwMzU=?=
From: 2741023538@qq.com
To: 2741023538@qq.com

--===============7938258614143037542==
Content-Type: text/plain; charset="utf-8"
MIME-Version: 1.0
Content-Transfer-Encoding: base64

CiAgICAgICAgICAgIOm7hOmHkeS7t+agvOebkeaOp+aPkOmGkgogICAgICAgICAgICDop6blj5Hl
jp/lm6A6IOS7t+agvOS4iua2qOi2hei/h+aVtOaVsOWPmOWMlgogICAgICAgICAgICDlvZPliY3m
l7bpl7Q6IDIwMjYtMDMtMjAgMDk6Mjk6NTAKICAgICAgICAgICAg5pWw5o2u5pe26Ze0OiAyMDI2
LTAzLTIwIDA5OjI5OjQ5CiAgICAgICAgICAgIOW9k+WJjeS7t+agvDogNDk1OS41NTc4NTI0MjAz
NQogICAgICAgICAgICDlt7Lop6blj5Hnm67moIc6IFs0OTUwXQoKICAgICAgICAgICAg5LiK5qyh
5omT5Y2w5pe26Ze0OiAyMDI2LTAzLTIwIDA5OjI5OjUwCiAgICAgICAgICAgIOS4iuasoeaJk+WN
sOS7t+agvDogNDk1OS41NTc4NTI0MjAzNSAg5b2T5YmN5Lu35qC8OiA0OTU5LjU1Nzg1MjQyMDM1
CiAgICAgICAgICAgIA==

--===============7938258614143037542==--

2026-03-20 09:29:50,282 - INFO - 正在连接到 smtp.qq.com:465
2026-03-20 09:29:50,282 - INFO - 使用用户名: 2741023538@qq.com
2026-03-20 09:29:50,343 - ERROR - 监控异常: 'ascii' codec can't encode characters in position 19-21: ordinal not in range(128)
2026-03-20 09:30:05,353 - INFO - 
============================================================
2026-03-20 09:30:05,353 - INFO - 触发原因: 打印调试
2026-03-20 09:30:05,354 - INFO - 当前时间: 2026-03-20 09:30:05
2026-03-20 09:30:05,354 - INFO - 数据时间: 2026-03-20 09:30:05
2026-03-20 09:30:05,354 - INFO - 当前价格: 4941.224100067835
2026-03-20 09:30:05,354 - INFO - 上次打印时间: 2026-03-20 09:29:50
2026-03-20 09:30:05,355 - INFO - 上次打印价格: 4959.55785242035
2026-03-20 09:30:05,355 - INFO - 当前价格: 4941.224100067835
2026-03-20 09:30:05,355 - INFO - ============================================================

2026-03-20 09:30:05,355 - INFO - 
============================================================
2026-03-20 09:30:05,355 - INFO - 触发原因: 价格下跌超过整数变化
2026-03-20 09:30:05,355 - INFO - 当前时间: 2026-03-20 09:30:05
2026-03-20 09:30:05,356 - INFO - 数据时间: 2026-03-20 09:30:05
2026-03-20 09:30:05,356 - INFO - 当前价格: 4941.224100067835
2026-03-20 09:30:05,356 - INFO - 上次打印时间: 2026-03-20 09:29:50
2026-03-20 09:30:05,356 - INFO - 上次打印价格: 4959.55785242035
2026-03-20 09:30:05,356 - INFO - 当前价格: 4941.224100067835
2026-03-20 09:30:05,357 - INFO - Content-Type: multipart/mixed; boundary="===============4555748694159179883=="
MIME-Version: 1.0
Subject: =?utf-8?b?6buE6YeR5Lu35qC85o+Q6YaSIC0g5Lu35qC85LiL6LeM6LaF6L+H5pW05pWw5Y+Y5YyWLOW9k+WJjeS7t+agvDQ5NDEuMjI0MTAwMDY3ODM1?=
From: 2741023538@qq.com
To: 2741023538@qq.com

--===============4555748694159179883==
Content-Type: text/plain; charset="utf-8"
MIME-Version: 1.0
Content-Transfer-Encoding: base64

CiAgICAgICAgICAgIOm7hOmHkeS7t+agvOebkeaOp+aPkOmGkgogICAgICAgICAgICDop6blj5Hl
jp/lm6A6IOS7t+agvOS4i+i3jOi2hei/h+aVtOaVsOWPmOWMlgogICAgICAgICAgICDlvZPliY3m
l7bpl7Q6IDIwMjYtMDMtMjAgMDk6MzA6MDUKICAgICAgICAgICAg5pWw5o2u5pe26Ze0OiAyMDI2
LTAzLTIwIDA5OjMwOjA1CiAgICAgICAgICAgIOW9k+WJjeS7t+agvDogNDk0MS4yMjQxMDAwNjc4
MzUKICAgICAgICAgICAg5bey6Kem5Y+R55uu5qCHOiBbNDk1MF0KCiAgICAgICAgICAgIOS4iuas
oeaJk+WNsOaXtumXtDogMjAyNi0wMy0yMCAwOTozMDowNQogICAgICAgICAgICDkuIrmrKHmiZPl
jbDku7fmoLw6IDQ5NDEuMjI0MTAwMDY3ODM1ICDlvZPliY3ku7fmoLw6IDQ5NDEuMjI0MTAwMDY3
ODM1CiAgICAgICAgICAgIA==

--===============4555748694159179883==--

2026-03-20 09:30:05,594 - INFO - 正在连接到 smtp.qq.com:465
2026-03-20 09:30:05,594 - INFO - 使用用户名: 2741023538@qq.com
2026-03-20 09:30:05,655 - ERROR - 监控异常: 'ascii' codec can't encode characters in position 19-21: ordinal not in range(128)
2026-03-20 09:30:20,675 - INFO - 
============================================================
2026-03-20 09:30:20,675 - INFO - 触发原因: 打印调试
2026-03-20 09:30:20,675 - INFO - 当前时间: 2026-03-20 09:30:20
2026-03-20 09:30:20,675 - INFO - 数据时间: 2026-03-20 09:30:20
2026-03-20 09:30:20,675 - INFO - 当前价格: 4953.225151739219
2026-03-20 09:30:20,676 - INFO - 上次打印时间: 2026-03-20 09:30:05
2026-03-20 09:30:20,676 - INFO - 上次打印价格: 4941.224100067835
2026-03-20 09:30:20,676 - INFO - 当前价格: 4953.225151739219
2026-03-20 09:30:20,676 - INFO - ============================================================

2026-03-20 09:30:20,676 - INFO - 
============================================================
2026-03-20 09:30:20,676 - INFO - 触发原因: 价格上涨超过整数变化
2026-03-20 09:30:20,676 - INFO - 当前时间: 2026-03-20 09:30:20
2026-03-20 09:30:20,676 - INFO - 数据时间: 2026-03-20 09:30:20
2026-03-20 09:30:20,676 - INFO - 当前价格: 4953.225151739219
2026-03-20 09:30:20,676 - INFO - 上次打印时间: 2026-03-20 09:30:05
2026-03-20 09:30:20,677 - INFO - 上次打印价格: 4941.224100067835
2026-03-20 09:30:20,677 - INFO - 当前价格: 4953.225151739219
2026-03-20 09:30:20,677 - INFO - Content-Type: multipart/mixed; boundary="===============7554346015486056141=="
MIME-Version: 1.0
Subject: =?utf-8?b?6buE6YeR5Lu35qC85o+Q6YaSIC0g5Lu35qC85LiK5rao6LaF6L+H5pW05pWw5Y+Y5YyWLOW9k+WJjeS7t+agvDQ5NTMuMjI1MTUxNzM5MjE5?=
From: 2741023538@qq.com
To: 2741023538@qq.com

--===============7554346015486056141==
Content-Type: text/plain; charset="utf-8"
MIME-Version: 1.0
Content-Transfer-Encoding: base64

CiAgICAgICAgICAgIOm7hOmHkeS7t+agvOebkeaOp+aPkOmGkgogICAgICAgICAgICDop6blj5Hl
jp/lm6A6IOS7t+agvOS4iua2qOi2hei/h+aVtOaVsOWPmOWMlgogICAgICAgICAgICDlvZPliY3m
l7bpl7Q6IDIwMjYtMDMtMjAgMDk6MzA6MjAKICAgICAgICAgICAg5pWw5o2u5pe26Ze0OiAyMDI2
LTAzLTIwIDA5OjMwOjIwCiAgICAgICAgICAgIOW9k+WJjeS7t+agvDogNDk1My4yMjUxNTE3Mzky
MTkKICAgICAgICAgICAg5bey6Kem5Y+R55uu5qCHOiBbNDk1MF0KCiAgICAgICAgICAgIOS4iuas
oeaJk+WNsOaXtumXtDogMjAyNi0wMy0yMCAwOTozMDoyMAogICAgICAgICAgICDkuIrmrKHmiZPl
jbDku7fmoLw6IDQ5NTMuMjI1MTUxNzM5MjE5ICDlvZPliY3ku7fmoLw6IDQ5NTMuMjI1MTUxNzM5
MjE5CiAgICAgICAgICAgIA==

--===============7554346015486056141==--

2026-03-20 09:30:20,954 - INFO - 正在连接到 smtp.qq.com:465
2026-03-20 09:30:20,954 - INFO - 使用用户名: 2741023538@qq.com
2026-03-20 09:30:21,019 - ERROR - 监控异常: 'ascii' codec can't encode characters in position 19-21: ordinal not in range(128)
2026-03-20 09:30:36,033 - INFO - 
============================================================
2026-03-20 09:30:36,034 - INFO - 触发原因: 打印调试
2026-03-20 09:30:36,034 - INFO - 当前时间: 2026-03-20 09:30:36
2026-03-20 09:30:36,034 - INFO - 数据时间: 2026-03-20 09:30:36
2026-03-20 09:30:36,034 - INFO - 当前价格: 4944.345706770117
2026-03-20 09:30:36,034 - INFO - 上次打印时间: 2026-03-20 09:30:20
2026-03-20 09:30:36,034 - INFO - 上次打印价格: 4953.225151739219
2026-03-20 09:30:36,034 - INFO - 当前价格: 4944.345706770117
2026-03-20 09:30:36,034 - INFO - ============================================================

2026-03-20 09:30:46,039 - INFO - 
============================================================
2026-03-20 09:30:46,039 - INFO - 触发原因: 打印调试
2026-03-20 09:30:46,039 - INFO - 当前时间: 2026-03-20 09:30:46
2026-03-20 09:30:46,039 - INFO - 数据时间: 2026-03-20 09:30:46
2026-03-20 09:30:46,039 - INFO - 当前价格: 4950.76706562448
2026-03-20 09:30:46,039 - INFO - 上次打印时间: 2026-03-20 09:30:20
2026-03-20 09:30:46,040 - INFO - 上次打印价格: 4953.225151739219
2026-03-20 09:30:46,040 - INFO - 当前价格: 4950.76706562448
2026-03-20 09:30:46,040 - INFO - ============================================================

2026-03-20 09:30:56,049 - INFO - 
============================================================
2026-03-20 09:30:56,049 - INFO - 触发原因: 打印调试
2026-03-20 09:30:56,050 - INFO - 当前时间: 2026-03-20 09:30:56
2026-03-20 09:30:56,050 - INFO - 数据时间: 2026-03-20 09:30:56
2026-03-20 09:30:56,050 - INFO - 当前价格: 4942.289621451418
2026-03-20 09:30:56,050 - INFO - 上次打印时间: 2026-03-20 09:30:20
2026-03-20 09:30:56,050 - INFO - 上次打印价格: 4953.225151739219
2026-03-20 09:30:56,051 - INFO - 当前价格: 4942.289621451418
2026-03-20 09:30:56,051 - INFO - ============================================================

2026-03-20 09:30:56,051 - INFO - 
============================================================
2026-03-20 09:30:56,051 - INFO - 触发原因: 价格下跌超过整数变化
2026-03-20 09:30:56,051 - INFO - 当前时间: 2026-03-20 09:30:56
2026-03-20 09:30:56,051 - INFO - 数据时间: 2026-03-20 09:30:56
2026-03-20 09:30:56,052 - INFO - 当前价格: 4942.289621451418
2026-03-20 09:30:56,052 - INFO - 上次打印时间: 2026-03-20 09:30:20
2026-03-20 09:30:56,052 - INFO - 上次打印价格: 4953.225151739219
2026-03-20 09:30:56,052 - INFO - 当前价格: 4942.289621451418
2026-03-20 09:30:56,053 - INFO - Content-Type: multipart/mixed; boundary="===============3186264698552206215=="
MIME-Version: 1.0
Subject: =?utf-8?b?6buE6YeR5Lu35qC85o+Q6YaSIC0g5Lu35qC85LiL6LeM6LaF6L+H5pW05pWw5Y+Y5YyWLOW9k+WJjeS7t+agvDQ5NDIuMjg5NjIxNDUxNDE4?=
From: 2741023538@qq.com
To: 2741023538@qq.com

--===============3186264698552206215==
Content-Type: text/plain; charset="utf-8"
MIME-Version: 1.0
Content-Transfer-Encoding: base64

CiAgICAgICAgICAgIOm7hOmHkeS7t+agvOebkeaOp+aPkOmGkgogICAgICAgICAgICDop6blj5Hl
jp/lm6A6IOS7t+agvOS4i+i3jOi2hei/h+aVtOaVsOWPmOWMlgogICAgICAgICAgICDlvZPliY3m
l7bpl7Q6IDIwMjYtMDMtMjAgMDk6MzA6NTYKICAgICAgICAgICAg5pWw5o2u5pe26Ze0OiAyMDI2
LTAzLTIwIDA5OjMwOjU2CiAgICAgICAgICAgIOW9k+WJjeS7t+agvDogNDk0Mi4yODk2MjE0NTE0
MTgKICAgICAgICAgICAg5bey6Kem5Y+R55uu5qCHOiBbNDk1MF0KCiAgICAgICAgICAgIOS4iuas
oeaJk+WNsOaXtumXtDogMjAyNi0wMy0yMCAwOTozMDo1NgogICAgICAgICAgICDkuIrmrKHmiZPl
jbDku7fmoLw6IDQ5NDIuMjg5NjIxNDUxNDE4ICDlvZPliY3ku7fmoLw6IDQ5NDIuMjg5NjIxNDUx
NDE4CiAgICAgICAgICAgIA==

--===============3186264698552206215==--

2026-03-20 09:30:56,295 - INFO - 正在连接到 smtp.qq.com:465
2026-03-20 09:30:56,296 - INFO - 使用用户名: 2741023538@qq.com
2026-03-20 09:30:56,350 - ERROR - 监控异常: 'ascii' codec can't encode characters in position 19-21: ordinal not in range(128)
2026-03-20 09:31:11,358 - INFO - 
============================================================
2026-03-20 09:31:11,358 - INFO - 触发原因: 打印调试
2026-03-20 09:31:11,358 - INFO - 当前时间: 2026-03-20 09:31:11
2026-03-20 09:31:11,358 - INFO - 数据时间: 2026-03-20 09:31:11
2026-03-20 09:31:11,358 - INFO - 当前价格: 4957.402372911463
2026-03-20 09:31:11,358 - INFO - 上次打印时间: 2026-03-20 09:30:56
2026-03-20 09:31:11,358 - INFO - 上次打印价格: 4942.289621451418
2026-03-20 09:31:11,358 - INFO - 当前价格: 4957.402372911463
2026-03-20 09:31:11,359 - INFO - ============================================================

2026-03-20 09:31:11,359 - INFO - 
============================================================
2026-03-20 09:31:11,359 - INFO - 触发原因: 价格上涨超过整数变化
2026-03-20 09:31:11,359 - INFO - 当前时间: 2026-03-20 09:31:11
2026-03-20 09:31:11,359 - INFO - 数据时间: 2026-03-20 09:31:11
2026-03-20 09:31:11,359 - INFO - 当前价格: 4957.402372911463
2026-03-20 09:31:11,359 - INFO - 上次打印时间: 2026-03-20 09:30:56
2026-03-20 09:31:11,360 - INFO - 上次打印价格: 4942.289621451418
2026-03-20 09:31:11,360 - INFO - 当前价格: 4957.402372911463
2026-03-20 09:31:11,360 - INFO - Content-Type: multipart/mixed; boundary="===============2771109235848026810=="
MIME-Version: 1.0
Subject: =?utf-8?b?6buE6YeR5Lu35qC85o+Q6YaSIC0g5Lu35qC85LiK5rao6LaF6L+H5pW05pWw5Y+Y5YyWLOW9k+WJjeS7t+agvDQ5NTcuNDAyMzcyOTExNDYz?=
From: 2741023538@qq.com
To: 2741023538@qq.com

--===============2771109235848026810==
Content-Type: text/plain; charset="utf-8"
MIME-Version: 1.0
Content-Transfer-Encoding: base64

CiAgICAgICAgICAgIOm7hOmHkeS7t+agvOebkeaOp+aPkOmGkgogICAgICAgICAgICDop6blj5Hl
jp/lm6A6IOS7t+agvOS4iua2qOi2hei/h+aVtOaVsOWPmOWMlgogICAgICAgICAgICDlvZPliY3m
l7bpl7Q6IDIwMjYtMDMtMjAgMDk6MzE6MTEKICAgICAgICAgICAg5pWw5o2u5pe26Ze0OiAyMDI2
LTAzLTIwIDA5OjMxOjExCiAgICAgICAgICAgIOW9k+WJjeS7t+agvDogNDk1Ny40MDIzNzI5MTE0
NjMKICAgICAgICAgICAg5bey6Kem5Y+R55uu5qCHOiBbNDk1MF0KCiAgICAgICAgICAgIOS4iuas
oeaJk+WNsOaXtumXtDogMjAyNi0wMy0yMCAwOTozMToxMQogICAgICAgICAgICDkuIrmrKHmiZPl
jbDku7fmoLw6IDQ5NTcuNDAyMzcyOTExNDYzICDlvZPliY3ku7fmoLw6IDQ5NTcuNDAyMzcyOTEx
NDYzCiAgICAgICAgICAgIA==

--===============2771109235848026810==--

2026-03-20 09:31:11,607 - INFO - 正在连接到 smtp.qq.com:465
2026-03-20 09:31:11,607 - INFO - 使用用户名: 2741023538@qq.com
2026-03-20 09:31:11,662 - ERROR - 监控异常: 'ascii' codec can't encode characters in position 19-21: ordinal not in range(128)
2026-03-20 09:31:26,671 - INFO - 
============================================================
2026-03-20 09:31:26,671 - INFO - 触发原因: 打印调试
2026-03-20 09:31:26,671 - INFO - 当前时间: 2026-03-20 09:31:26
2026-03-20 09:31:26,672 - INFO - 数据时间: 2026-03-20 09:31:26
2026-03-20 09:31:26,672 - INFO - 当前价格: 4948.339509632227
2026-03-20 09:31:26,672 - INFO - 上次打印时间: 2026-03-20 09:31:11
2026-03-20 09:31:26,672 - INFO - 上次打印价格: 4957.402372911463
2026-03-20 09:31:26,672 - INFO - 当前价格: 4948.339509632227
2026-03-20 09:31:26,673 - INFO - ============================================================

2026-03-20 09:31:36,676 - INFO - 
============================================================
2026-03-20 09:31:36,676 - INFO - 触发原因: 打印调试
2026-03-20 09:31:36,677 - INFO - 当前时间: 2026-03-20 09:31:36
2026-03-20 09:31:36,677 - INFO - 数据时间: 2026-03-20 09:31:36
2026-03-20 09:31:36,677 - INFO - 当前价格: 4948.745939677022
2026-03-20 09:31:36,677 - INFO - 上次打印时间: 2026-03-20 09:31:11
2026-03-20 09:31:36,677 - INFO - 上次打印价格: 4957.402372911463
2026-03-20 09:31:36,678 - INFO - 当前价格: 4948.745939677022
2026-03-20 09:31:36,678 - INFO - ============================================================

2026-03-20 09:31:46,690 - INFO - 
============================================================
2026-03-20 09:31:46,690 - INFO - 触发原因: 打印调试
2026-03-20 09:31:46,690 - INFO - 当前时间: 2026-03-20 09:31:46
2026-03-20 09:31:46,691 - INFO - 数据时间: 2026-03-20 09:31:46
2026-03-20 09:31:46,691 - INFO - 当前价格: 4951.913272816642
2026-03-20 09:31:46,691 - INFO - 上次打印时间: 2026-03-20 09:31:11
2026-03-20 09:31:46,691 - INFO - 上次打印价格: 4957.402372911463
2026-03-20 09:31:46,691 - INFO - 当前价格: 4951.913272816642
2026-03-20 09:31:46,691 - INFO - ============================================================

2026-03-20 09:31:56,695 - INFO - 
============================================================
2026-03-20 09:31:56,695 - INFO - 触发原因: 打印调试
2026-03-20 09:31:56,695 - INFO - 当前时间: 2026-03-20 09:31:56
2026-03-20 09:31:56,695 - INFO - 数据时间: 2026-03-20 09:31:56
2026-03-20 09:31:56,695 - INFO - 当前价格: 4957.629368720149
2026-03-20 09:31:56,695 - INFO - 上次打印时间: 2026-03-20 09:31:11
2026-03-20 09:31:56,696 - INFO - 上次打印价格: 4957.402372911463
2026-03-20 09:31:56,696 - INFO - 当前价格: 4957.629368720149
2026-03-20 09:31:56,696 - INFO - ============================================================

2026-03-20 09:32:06,698 - INFO - 
============================================================
2026-03-20 09:32:06,699 - INFO - 触发原因: 打印调试
2026-03-20 09:32:06,699 - INFO - 当前时间: 2026-03-20 09:32:06
2026-03-20 09:32:06,699 - INFO - 数据时间: 2026-03-20 09:32:06
2026-03-20 09:32:06,699 - INFO - 当前价格: 4959.800476616281
2026-03-20 09:32:06,699 - INFO - 上次打印时间: 2026-03-20 09:31:11
2026-03-20 09:32:06,699 - INFO - 上次打印价格: 4957.402372911463
2026-03-20 09:32:06,699 - INFO - 当前价格: 4959.800476616281
2026-03-20 09:32:06,699 - INFO - ============================================================

2026-03-20 09:32:16,713 - INFO - 
============================================================
2026-03-20 09:32:16,713 - INFO - 触发原因: 打印调试
2026-03-20 09:32:16,713 - INFO - 当前时间: 2026-03-20 09:32:16
2026-03-20 09:32:16,713 - INFO - 数据时间: 2026-03-20 09:32:16
2026-03-20 09:32:16,713 - INFO - 当前价格: 4956.403439467776
2026-03-20 09:32:16,714 - INFO - 上次打印时间: 2026-03-20 09:31:11
2026-03-20 09:32:16,714 - INFO - 上次打印价格: 4957.402372911463
2026-03-20 09:32:16,714 - INFO - 当前价格: 4956.403439467776
2026-03-20 09:32:16,714 - INFO - ============================================================

2026-03-20 09:32:26,720 - INFO - 
============================================================
2026-03-20 09:32:26,720 - INFO - 触发原因: 打印调试
2026-03-20 09:32:26,721 - INFO - 当前时间: 2026-03-20 09:32:26
2026-03-20 09:32:26,721 - INFO - 数据时间: 2026-03-20 09:32:26
2026-03-20 09:32:26,721 - INFO - 当前价格: 4942.45678961686
2026-03-20 09:32:26,721 - INFO - 上次打印时间: 2026-03-20 09:31:11
2026-03-20 09:32:26,721 - INFO - 上次打印价格: 4957.402372911463
2026-03-20 09:32:26,721 - INFO - 当前价格: 4942.45678961686
2026-03-20 09:32:26,721 - INFO - ============================================================

2026-03-20 09:32:26,722 - INFO - 
============================================================
2026-03-20 09:32:26,722 - INFO - 触发原因: 价格下跌超过整数变化
2026-03-20 09:32:26,722 - INFO - 当前时间: 2026-03-20 09:32:26
2026-03-20 09:32:26,722 - INFO - 数据时间: 2026-03-20 09:32:26
2026-03-20 09:32:26,722 - INFO - 当前价格: 4942.45678961686
2026-03-20 09:32:26,722 - INFO - 上次打印时间: 2026-03-20 09:31:11
2026-03-20 09:32:26,722 - INFO - 上次打印价格: 4957.402372911463
2026-03-20 09:32:26,722 - INFO - 当前价格: 4942.45678961686
2026-03-20 09:32:26,723 - INFO - Content-Type: multipart/mixed; boundary="===============1437405560002575300=="
MIME-Version: 1.0
Subject: =?utf-8?b?6buE6YeR5Lu35qC85o+Q6YaSIC0g5Lu35qC85LiL6LeM6LaF6L+H5pW05pWw5Y+Y5YyWLOW9k+WJjeS7t+agvDQ5NDIuNDU2Nzg5NjE2ODY=?=
From: 2741023538@qq.com
To: 2741023538@qq.com

--===============1437405560002575300==
Content-Type: text/plain; charset="utf-8"
MIME-Version: 1.0
Content-Transfer-Encoding: base64

CiAgICAgICAgICAgIOm7hOmHkeS7t+agvOebkeaOp+aPkOmGkgogICAgICAgICAgICDop6blj5Hl
jp/lm6A6IOS7t+agvOS4i+i3jOi2hei/h+aVtOaVsOWPmOWMlgogICAgICAgICAgICDlvZPliY3m
l7bpl7Q6IDIwMjYtMDMtMjAgMDk6MzI6MjYKICAgICAgICAgICAg5pWw5o2u5pe26Ze0OiAyMDI2
LTAzLTIwIDA5OjMyOjI2CiAgICAgICAgICAgIOW9k+WJjeS7t+agvDogNDk0Mi40NTY3ODk2MTY4
NgogICAgICAgICAgICDlt7Lop6blj5Hnm67moIc6IFs0OTUwXQoKICAgICAgICAgICAg5LiK5qyh
5omT5Y2w5pe26Ze0OiAyMDI2LTAzLTIwIDA5OjMyOjI2CiAgICAgICAgICAgIOS4iuasoeaJk+WN
sOS7t+agvDogNDk0Mi40NTY3ODk2MTY4NiAg5b2T5YmN5Lu35qC8OiA0OTQyLjQ1Njc4OTYxNjg2
CiAgICAgICAgICAgIA==

--===============1437405560002575300==--

2026-03-20 09:32:26,999 - INFO - 正在连接到 smtp.qq.com:465
2026-03-20 09:32:27,000 - INFO - 使用用户名: 2741023538@qq.com
2026-03-20 09:32:27,060 - ERROR - 监控异常: 'ascii' codec can't encode characters in position 19-21: ordinal not in range(128)
2026-03-20 09:32:42,066 - INFO - 
============================================================
2026-03-20 09:32:42,066 - INFO - 触发原因: 打印调试
2026-03-20 09:32:42,066 - INFO - 当前时间: 2026-03-20 09:32:42
2026-03-20 09:32:42,066 - INFO - 数据时间: 2026-03-20 09:32:42
2026-03-20 09:32:42,067 - INFO - 当前价格: 4940.804682538201
2026-03-20 09:32:42,067 - INFO - 上次打印时间: 2026-03-20 09:32:26
2026-03-20 09:32:42,067 - INFO - 上次打印价格: 4942.45678961686
2026-03-20 09:32:42,067 - INFO - 当前价格: 4940.804682538201
2026-03-20 09:32:42,067 - INFO - ============================================================

2026-03-20 09:32:52,074 - INFO - 
============================================================
2026-03-20 09:32:52,074 - INFO - 触发原因: 打印调试
2026-03-20 09:32:52,074 - INFO - 当前时间: 2026-03-20 09:32:52
2026-03-20 09:32:52,074 - INFO - 数据时间: 2026-03-20 09:32:52
2026-03-20 09:32:52,074 - INFO - 当前价格: 4946.766909162968
2026-03-20 09:32:52,075 - INFO - 上次打印时间: 2026-03-20 09:32:26
2026-03-20 09:32:52,075 - INFO - 上次打印价格: 4942.45678961686
2026-03-20 09:32:52,075 - INFO - 当前价格: 4946.766909162968
2026-03-20 09:32:52,075 - INFO - ============================================================

2026-03-20 09:33:02,088 - INFO - 
============================================================
2026-03-20 09:33:02,088 - INFO - 触发原因: 打印调试
2026-03-20 09:33:02,088 - INFO - 当前时间: 2026-03-20 09:33:02
2026-03-20 09:33:02,088 - INFO - 数据时间: 2026-03-20 09:33:02
2026-03-20 09:33:02,089 - INFO - 当前价格: 4951.312067268959
2026-03-20 09:33:02,089 - INFO - 上次打印时间: 2026-03-20 09:32:26
2026-03-20 09:33:02,089 - INFO - 上次打印价格: 4942.45678961686
2026-03-20 09:33:02,089 - INFO - 当前价格: 4951.312067268959
2026-03-20 09:33:02,089 - INFO - ============================================================

2026-03-20 09:33:12,096 - INFO - 
============================================================
2026-03-20 09:33:12,096 - INFO - 触发原因: 打印调试
2026-03-20 09:33:12,097 - INFO - 当前时间: 2026-03-20 09:33:12
2026-03-20 09:33:12,097 - INFO - 数据时间: 2026-03-20 09:33:12
2026-03-20 09:33:12,097 - INFO - 当前价格: 4948.932549608931
2026-03-20 09:33:12,097 - INFO - 上次打印时间: 2026-03-20 09:32:26
2026-03-20 09:33:12,097 - INFO - 上次打印价格: 4942.45678961686
2026-03-20 09:33:12,098 - INFO - 当前价格: 4948.932549608931
2026-03-20 09:33:12,098 - INFO - ============================================================

2026-03-20 09:33:22,101 - INFO - 
============================================================
2026-03-20 09:33:22,101 - INFO - 触发原因: 打印调试
2026-03-20 09:33:22,101 - INFO - 当前时间: 2026-03-20 09:33:22
2026-03-20 09:33:22,102 - INFO - 数据时间: 2026-03-20 09:33:22
2026-03-20 09:33:22,102 - INFO - 当前价格: 4956.49790259283
2026-03-20 09:33:22,102 - INFO - 上次打印时间: 2026-03-20 09:32:26
2026-03-20 09:33:22,102 - INFO - 上次打印价格: 4942.45678961686
2026-03-20 09:33:22,102 - INFO - 当前价格: 4956.49790259283
2026-03-20 09:33:22,102 - INFO - ============================================================

2026-03-20 09:33:22,102 - INFO - 
============================================================
2026-03-20 09:33:22,102 - INFO - 触发原因: 价格上涨超过整数变化
2026-03-20 09:33:22,102 - INFO - 当前时间: 2026-03-20 09:33:22
2026-03-20 09:33:22,102 - INFO - 数据时间: 2026-03-20 09:33:22
2026-03-20 09:33:22,102 - INFO - 当前价格: 4956.49790259283
2026-03-20 09:33:22,103 - INFO - 上次打印时间: 2026-03-20 09:32:26
2026-03-20 09:33:22,103 - INFO - 上次打印价格: 4942.45678961686
2026-03-20 09:33:22,103 - INFO - 当前价格: 4956.49790259283
2026-03-20 09:33:22,103 - INFO - Content-Type: multipart/mixed; boundary="===============7262107017698529114=="
MIME-Version: 1.0
Subject: =?utf-8?b?6buE6YeR5Lu35qC85o+Q6YaSIC0g5Lu35qC85LiK5rao6LaF6L+H5pW05pWw5Y+Y5YyWLOW9k+WJjeS7t+agvDQ5NTYuNDk3OTAyNTkyODM=?=
From: 2741023538@qq.com
To: 2741023538@qq.com

--===============7262107017698529114==
Content-Type: text/plain; charset="utf-8"
MIME-Version: 1.0
Content-Transfer-Encoding: base64

CiAgICAgICAgICAgIOm7hOmHkeS7t+agvOebkeaOp+aPkOmGkgogICAgICAgICAgICDop6blj5Hl
jp/lm6A6IOS7t+agvOS4iua2qOi2hei/h+aVtOaVsOWPmOWMlgogICAgICAgICAgICDlvZPliY3m
l7bpl7Q6IDIwMjYtMDMtMjAgMDk6MzM6MjIKICAgICAgICAgICAg5pWw5o2u5pe26Ze0OiAyMDI2
LTAzLTIwIDA5OjMzOjIyCiAgICAgICAgICAgIOW9k+WJjeS7t+agvDogNDk1Ni40OTc5MDI1OTI4
MwogICAgICAgICAgICDlt7Lop6blj5Hnm67moIc6IFs0OTUwXQoKICAgICAgICAgICAg5LiK5qyh
5omT5Y2w5pe26Ze0OiAyMDI2LTAzLTIwIDA5OjMzOjIyCiAgICAgICAgICAgIOS4iuasoeaJk+WN
sOS7t+agvDogNDk1Ni40OTc5MDI1OTI4MyAg5b2T5YmN5Lu35qC8OiA0OTU2LjQ5NzkwMjU5Mjgz
CiAgICAgICAgICAgIA==

--===============7262107017698529114==--

2026-03-20 09:33:22,335 - INFO - 正在连接到 smtp.qq.com:465
2026-03-20 09:33:22,335 - INFO - 使用用户名: 2741023538@qq.com
2026-03-20 09:33:22,392 - ERROR - 监控异常: 'ascii' codec can't encode characters in position 19-21: ordinal not in range(128)
2026-03-20 09:33:37,407 - INFO - 
============================================================
2026-03-20 09:33:37,407 - INFO - 触发原因: 打印调试
2026-03-20 09:33:37,407 - INFO - 当前时间: 2026-03-20 09:33:37
2026-03-20 09:33:37,408 - INFO - 数据时间: 2026-03-20 09:33:37
2026-03-20 09:33:37,408 - INFO - 当前价格: 4948.75197890612
2026-03-20 09:33:37,408 - INFO - 上次打印时间: 2026-03-20 09:33:22
2026-03-20 09:33:37,408 - INFO - 上次打印价格: 4956.49790259283
2026-03-20 09:33:37,408 - INFO - 当前价格: 4948.75197890612
2026-03-20 09:33:37,408 - INFO - ============================================================

2026-03-20 09:33:47,414 - INFO - 
============================================================
2026-03-20 09:33:47,414 - INFO - 触发原因: 打印调试
2026-03-20 09:33:47,415 - INFO - 当前时间: 2026-03-20 09:33:47
2026-03-20 09:33:47,415 - INFO - 数据时间: 2026-03-20 09:33:47
2026-03-20 09:33:47,415 - INFO - 当前价格: 4951.758551338996
2026-03-20 09:33:47,415 - INFO - 上次打印时间: 2026-03-20 09:33:22
2026-03-20 09:33:47,415 - INFO - 上次打印价格: 4956.49790259283
2026-03-20 09:33:47,415 - INFO - 当前价格: 4951.758551338996
2026-03-20 09:33:47,415 - INFO - ============================================================

2026-03-20 09:33:57,423 - INFO - 
============================================================
2026-03-20 09:33:57,423 - INFO - 触发原因: 打印调试
2026-03-20 09:33:57,423 - INFO - 当前时间: 2026-03-20 09:33:57
2026-03-20 09:33:57,423 - INFO - 数据时间: 2026-03-20 09:33:57
2026-03-20 09:33:57,423 - INFO - 当前价格: 4957.017165739447
2026-03-20 09:33:57,423 - INFO - 上次打印时间: 2026-03-20 09:33:22
2026-03-20 09:33:57,423 - INFO - 上次打印价格: 4956.49790259283
2026-03-20 09:33:57,423 - INFO - 当前价格: 4957.017165739447
2026-03-20 09:33:57,424 - INFO - ============================================================

2026-03-20 09:34:07,427 - INFO - 
============================================================
2026-03-20 09:34:07,427 - INFO - 触发原因: 打印调试
2026-03-20 09:34:07,427 - INFO - 当前时间: 2026-03-20 09:34:07
2026-03-20 09:34:07,428 - INFO - 数据时间: 2026-03-20 09:34:07
2026-03-20 09:34:07,428 - INFO - 当前价格: 4951.473684427751
2026-03-20 09:34:07,428 - INFO - 上次打印时间: 2026-03-20 09:33:22
2026-03-20 09:34:07,428 - INFO - 上次打印价格: 4956.49790259283
2026-03-20 09:34:07,428 - INFO - 当前价格: 4951.473684427751
2026-03-20 09:34:07,428 - INFO - ============================================================

2026-03-20 09:34:17,437 - INFO - 
============================================================
2026-03-20 09:34:17,437 - INFO - 触发原因: 打印调试
2026-03-20 09:34:17,437 - INFO - 当前时间: 2026-03-20 09:34:17
2026-03-20 09:34:17,437 - INFO - 数据时间: 2026-03-20 09:34:17
2026-03-20 09:34:17,437 - INFO - 当前价格: 4942.302717452881
2026-03-20 09:34:17,437 - INFO - 上次打印时间: 2026-03-20 09:33:22
2026-03-20 09:34:17,438 - INFO - 上次打印价格: 4956.49790259283
2026-03-20 09:34:17,438 - INFO - 当前价格: 4942.302717452881
2026-03-20 09:34:17,438 - INFO - ============================================================

2026-03-20 09:34:17,438 - INFO - 
============================================================
2026-03-20 09:34:17,438 - INFO - 触发原因: 价格下跌超过整数变化
2026-03-20 09:34:17,439 - INFO - 当前时间: 2026-03-20 09:34:17
2026-03-20 09:34:17,439 - INFO - 数据时间: 2026-03-20 09:34:17
2026-03-20 09:34:17,439 - INFO - 当前价格: 4942.302717452881
2026-03-20 09:34:17,439 - INFO - 上次打印时间: 2026-03-20 09:33:22
2026-03-20 09:34:17,439 - INFO - 上次打印价格: 4956.49790259283
2026-03-20 09:34:17,439 - INFO - 当前价格: 4942.302717452881
2026-03-20 09:34:17,441 - INFO - Content-Type: multipart/mixed; boundary="===============1628110166885547160=="
MIME-Version: 1.0
Subject: =?utf-8?b?6buE6YeR5Lu35qC85o+Q6YaSIC0g5Lu35qC85LiL6LeM6LaF6L+H5pW05pWw5Y+Y5YyWLOW9k+WJjeS7t+agvDQ5NDIuMzAyNzE3NDUyODgx?=
From: 2741023538@qq.com
To: 2741023538@qq.com

--===============1628110166885547160==
Content-Type: text/plain; charset="utf-8"
MIME-Version: 1.0
Content-Transfer-Encoding: base64

CiAgICAgICAgICAgIOm7hOmHkeS7t+agvOebkeaOp+aPkOmGkgogICAgICAgICAgICDop6blj5Hl
jp/lm6A6IOS7t+agvOS4i+i3jOi2hei/h+aVtOaVsOWPmOWMlgogICAgICAgICAgICDlvZPliY3m
l7bpl7Q6IDIwMjYtMDMtMjAgMDk6MzQ6MTcKICAgICAgICAgICAg5pWw5o2u5pe26Ze0OiAyMDI2
LTAzLTIwIDA5OjM0OjE3CiAgICAgICAgICAgIOW9k+WJjeS7t+agvDogNDk0Mi4zMDI3MTc0NTI4
ODEKICAgICAgICAgICAg5bey6Kem5Y+R55uu5qCHOiBbNDk1MF0KCiAgICAgICAgICAgIOS4iuas
oeaJk+WNsOaXtumXtDogMjAyNi0wMy0yMCAwOTozNDoxNwogICAgICAgICAgICDkuIrmrKHmiZPl
jbDku7fmoLw6IDQ5NDIuMzAyNzE3NDUyODgxICDlvZPliY3ku7fmoLw6IDQ5NDIuMzAyNzE3NDUy
ODgxCiAgICAgICAgICAgIA==

--===============1628110166885547160==--

2026-03-20 09:34:17,704 - INFO - 正在连接到 smtp.qq.com:465
2026-03-20 09:34:17,705 - INFO - 使用用户名: 2741023538@qq.com
2026-03-20 09:34:17,763 - ERROR - 监控异常: 'ascii' codec can't encode characters in position 19-21: ordinal not in range(128)
2026-03-20 09:34:32,776 - INFO - 
============================================================
2026-03-20 09:34:32,776 - INFO - 触发原因: 打印调试
2026-03-20 09:34:32,777 - INFO - 当前时间: 2026-03-20 09:34:32
2026-03-20 09:34:32,777 - INFO - 数据时间: 2026-03-20 09:34:32
2026-03-20 09:34:32,777 - INFO - 当前价格: 4949.082833218546
2026-03-20 09:34:32,777 - INFO - 上次打印时间: 2026-03-20 09:34:17
2026-03-20 09:34:32,777 - INFO - 上次打印价格: 4942.302717452881
2026-03-20 09:34:32,777 - INFO - 当前价格: 4949.082833218546
2026-03-20 09:34:32,778 - INFO - ============================================================

2026-03-20 09:34:42,784 - INFO - 
============================================================
2026-03-20 09:34:42,784 - INFO - 触发原因: 打印调试
2026-03-20 09:34:42,784 - INFO - 当前时间: 2026-03-20 09:34:42
2026-03-20 09:34:42,784 - INFO - 数据时间: 2026-03-20 09:34:42
2026-03-20 09:34:42,784 - INFO - 当前价格: 4958.446663501549
2026-03-20 09:34:42,785 - INFO - 上次打印时间: 2026-03-20 09:34:17
2026-03-20 09:34:42,785 - INFO - 上次打印价格: 4942.302717452881
2026-03-20 09:34:42,785 - INFO - 当前价格: 4958.446663501549
2026-03-20 09:34:42,785 - INFO - ============================================================

2026-03-20 09:34:42,786 - INFO - 
============================================================
2026-03-20 09:34:42,786 - INFO - 触发原因: 价格上涨超过整数变化
2026-03-20 09:34:42,786 - INFO - 当前时间: 2026-03-20 09:34:42
2026-03-20 09:34:42,786 - INFO - 数据时间: 2026-03-20 09:34:42
2026-03-20 09:34:42,786 - INFO - 当前价格: 4958.446663501549
2026-03-20 09:34:42,787 - INFO - 上次打印时间: 2026-03-20 09:34:17
2026-03-20 09:34:42,787 - INFO - 上次打印价格: 4942.302717452881
2026-03-20 09:34:42,787 - INFO - 当前价格: 4958.446663501549
2026-03-20 09:34:42,788 - INFO - Content-Type: multipart/mixed; boundary="===============2289635903301138679=="
MIME-Version: 1.0
Subject: =?utf-8?b?6buE6YeR5Lu35qC85o+Q6YaSIC0g5Lu35qC85LiK5rao6LaF6L+H5pW05pWw5Y+Y5YyWLOW9k+WJjeS7t+agvDQ5NTguNDQ2NjYzNTAxNTQ5?=
From: 2741023538@qq.com
To: 2741023538@qq.com

--===============2289635903301138679==
Content-Type: text/plain; charset="utf-8"
MIME-Version: 1.0
Content-Transfer-Encoding: base64

CiAgICAgICAgICAgIOm7hOmHkeS7t+agvOebkeaOp+aPkOmGkgogICAgICAgICAgICDop6blj5Hl
jp/lm6A6IOS7t+agvOS4iua2qOi2hei/h+aVtOaVsOWPmOWMlgogICAgICAgICAgICDlvZPliY3m
l7bpl7Q6IDIwMjYtMDMtMjAgMDk6MzQ6NDIKICAgICAgICAgICAg5pWw5o2u5pe26Ze0OiAyMDI2
LTAzLTIwIDA5OjM0OjQyCiAgICAgICAgICAgIOW9k+WJjeS7t+agvDogNDk1OC40NDY2NjM1MDE1
NDkKICAgICAgICAgICAg5bey6Kem5Y+R55uu5qCHOiBbNDk1MF0KCiAgICAgICAgICAgIOS4iuas
oeaJk+WNsOaXtumXtDogMjAyNi0wMy0yMCAwOTozNDo0MgogICAgICAgICAgICDkuIrmrKHmiZPl
jbDku7fmoLw6IDQ5NTguNDQ2NjYzNTAxNTQ5ICDlvZPliY3ku7fmoLw6IDQ5NTguNDQ2NjYzNTAx
NTQ5CiAgICAgICAgICAgIA==

--===============2289635903301138679==--

2026-03-20 09:34:43,036 - INFO - 正在连接到 smtp.qq.com:465
2026-03-20 09:34:43,036 - INFO - 使用用户名: 2741023538@qq.com
2026-03-20 09:34:43,099 - ERROR - 监控异常: 'ascii' codec can't encode characters in position 19-21: ordinal not in range(128)
2026-03-20 09:34:58,112 - INFO - 
============================================================
2026-03-20 09:34:58,112 - INFO - 触发原因: 打印调试
2026-03-20 09:34:58,112 - INFO - 当前时间: 2026-03-20 09:34:58
2026-03-20 09:34:58,112 - INFO - 数据时间: 2026-03-20 09:34:58
2026-03-20 09:34:58,112 - INFO - 当前价格: 4956.1566723193755
2026-03-20 09:34:58,112 - INFO - 上次打印时间: 2026-03-20 09:34:42
2026-03-20 09:34:58,112 - INFO - 上次打印价格: 4958.446663501549
2026-03-20 09:34:58,113 - INFO - 当前价格: 4956.1566723193755
2026-03-20 09:34:58,113 - INFO - ============================================================

2026-03-20 09:35:08,120 - INFO - 
============================================================
2026-03-20 09:35:08,121 - INFO - 触发原因: 打印调试
2026-03-20 09:35:08,121 - INFO - 当前时间: 2026-03-20 09:35:08
2026-03-20 09:35:08,121 - INFO - 数据时间: 2026-03-20 09:35:08
2026-03-20 09:35:08,121 - INFO - 当前价格: 4950.870109989942
2026-03-20 09:35:08,121 - INFO - 上次打印时间: 2026-03-20 09:34:42
2026-03-20 09:35:08,121 - INFO - 上次打印价格: 4958.446663501549
2026-03-20 09:35:08,121 - INFO - 当前价格: 4950.870109989942
2026-03-20 09:35:08,122 - INFO - ============================================================

2026-03-20 09:35:18,134 - INFO - 
============================================================
2026-03-20 09:35:18,135 - INFO - 触发原因: 打印调试
2026-03-20 09:35:18,135 - INFO - 当前时间: 2026-03-20 09:35:18
2026-03-20 09:35:18,135 - INFO - 数据时间: 2026-03-20 09:35:18
2026-03-20 09:35:18,135 - INFO - 当前价格: 4950.250750941023
2026-03-20 09:35:18,135 - INFO - 上次打印时间: 2026-03-20 09:34:42
2026-03-20 09:35:18,135 - INFO - 上次打印价格: 4958.446663501549
2026-03-20 09:35:18,135 - INFO - 当前价格: 4950.250750941023
2026-03-20 09:35:18,135 - INFO - ============================================================

2026-03-20 09:35:28,147 - INFO - 
============================================================
2026-03-20 09:35:28,147 - INFO - 触发原因: 打印调试
2026-03-20 09:35:28,147 - INFO - 当前时间: 2026-03-20 09:35:28
2026-03-20 09:35:28,147 - INFO - 数据时间: 2026-03-20 09:35:28
2026-03-20 09:35:28,148 - INFO - 当前价格: 4954.601501582731
2026-03-20 09:35:28,148 - INFO - 上次打印时间: 2026-03-20 09:34:42
2026-03-20 09:35:28,148 - INFO - 上次打印价格: 4958.446663501549
2026-03-20 09:35:28,148 - INFO - 当前价格: 4954.601501582731
2026-03-20 09:35:28,148 - INFO - ============================================================

2026-03-20 09:35:38,150 - INFO - 
============================================================
2026-03-20 09:35:38,150 - INFO - 触发原因: 打印调试
2026-03-20 09:35:38,151 - INFO - 当前时间: 2026-03-20 09:35:38
2026-03-20 09:35:38,151 - INFO - 数据时间: 2026-03-20 09:35:38
2026-03-20 09:35:38,151 - INFO - 当前价格: 4951.990011209703
2026-03-20 09:35:38,151 - INFO - 上次打印时间: 2026-03-20 09:34:42
2026-03-20 09:35:38,151 - INFO - 上次打印价格: 4958.446663501549
2026-03-20 09:35:38,151 - INFO - 当前价格: 4951.990011209703
2026-03-20 09:35:38,151 - INFO - ============================================================

2026-03-20 09:35:48,153 - INFO - 
============================================================
2026-03-20 09:35:48,153 - INFO - 触发原因: 打印调试
2026-03-20 09:35:48,154 - INFO - 当前时间: 2026-03-20 09:35:48
2026-03-20 09:35:48,154 - INFO - 数据时间: 2026-03-20 09:35:48
2026-03-20 09:35:48,154 - INFO - 当前价格: 4941.214515648313
2026-03-20 09:35:48,154 - INFO - 上次打印时间: 2026-03-20 09:34:42
2026-03-20 09:35:48,155 - INFO - 上次打印价格: 4958.446663501549
2026-03-20 09:35:48,155 - INFO - 当前价格: 4941.214515648313
2026-03-20 09:35:48,156 - INFO - ============================================================

2026-03-20 09:35:48,157 - INFO - 
============================================================
2026-03-20 09:35:48,157 - INFO - 触发原因: 价格下跌超过整数变化
2026-03-20 09:35:48,157 - INFO - 当前时间: 2026-03-20 09:35:48
2026-03-20 09:35:48,157 - INFO - 数据时间: 2026-03-20 09:35:48
2026-03-20 09:35:48,157 - INFO - 当前价格: 4941.214515648313
2026-03-20 09:35:48,157 - INFO - 上次打印时间: 2026-03-20 09:34:42
2026-03-20 09:35:48,157 - INFO - 上次打印价格: 4958.446663501549
2026-03-20 09:35:48,158 - INFO - 当前价格: 4941.214515648313
2026-03-20 09:35:48,159 - INFO - Content-Type: multipart/mixed; boundary="===============8699543588614643004=="
MIME-Version: 1.0
Subject: =?utf-8?b?6buE6YeR5Lu35qC85o+Q6YaSIC0g5Lu35qC85LiL6LeM6LaF6L+H5pW05pWw5Y+Y5YyWLOW9k+WJjeS7t+agvDQ5NDEuMjE0NTE1NjQ4MzEz?=
From: 2741023538@qq.com
To: 2741023538@qq.com

--===============8699543588614643004==
Content-Type: text/plain; charset="utf-8"
MIME-Version: 1.0
Content-Transfer-Encoding: base64

CiAgICAgICAgICAgIOm7hOmHkeS7t+agvOebkeaOp+aPkOmGkgogICAgICAgICAgICDop6blj5Hl
jp/lm6A6IOS7t+agvOS4i+i3jOi2hei/h+aVtOaVsOWPmOWMlgogICAgICAgICAgICDlvZPliY3m
l7bpl7Q6IDIwMjYtMDMtMjAgMDk6MzU6NDgKICAgICAgICAgICAg5pWw5o2u5pe26Ze0OiAyMDI2
LTAzLTIwIDA5OjM1OjQ4CiAgICAgICAgICAgIOW9k+WJjeS7t+agvDogNDk0MS4yMTQ1MTU2NDgz
MTMKICAgICAgICAgICAg5bey6Kem5Y+R55uu5qCHOiBbNDk1MF0KCiAgICAgICAgICAgIOS4iuas
oeaJk+WNsOaXtumXtDogMjAyNi0wMy0yMCAwOTozNTo0OAogICAgICAgICAgICDkuIrmrKHmiZPl
jbDku7fmoLw6IDQ5NDEuMjE0NTE1NjQ4MzEzICDlvZPliY3ku7fmoLw6IDQ5NDEuMjE0NTE1NjQ4
MzEzCiAgICAgICAgICAgIA==

--===============8699543588614643004==--

2026-03-20 09:35:48,468 - INFO - 正在连接到 smtp.qq.com:465
2026-03-20 09:35:48,468 - INFO - 使用用户名: 2741023538@qq.com
2026-03-20 09:35:48,538 - ERROR - 监控异常: 'ascii' codec can't encode characters in position 19-21: ordinal not in range(128)
2026-03-20 09:36:03,541 - INFO - 
============================================================
2026-03-20 09:36:03,542 - INFO - 触发原因: 打印调试
2026-03-20 09:36:03,542 - INFO - 当前时间: 2026-03-20 09:36:03
2026-03-20 09:36:03,542 - INFO - 数据时间: 2026-03-20 09:36:03
2026-03-20 09:36:03,542 - INFO - 当前价格: 4947.178290735938
2026-03-20 09:36:03,542 - INFO - 上次打印时间: 2026-03-20 09:35:48
2026-03-20 09:36:03,542 - INFO - 上次打印价格: 4941.214515648313
2026-03-20 09:36:03,542 - INFO - 当前价格: 4947.178290735938
2026-03-20 09:36:03,542 - INFO - ============================================================

2026-03-20 09:36:13,550 - INFO - 
============================================================
2026-03-20 09:36:13,550 - INFO - 触发原因: 打印调试
2026-03-20 09:36:13,550 - INFO - 当前时间: 2026-03-20 09:36:13
2026-03-20 09:36:13,550 - INFO - 数据时间: 2026-03-20 09:36:13
2026-03-20 09:36:13,550 - INFO - 当前价格: 4958.191845581106
2026-03-20 09:36:13,550 - INFO - 上次打印时间: 2026-03-20 09:35:48
2026-03-20 09:36:13,550 - INFO - 上次打印价格: 4941.214515648313
2026-03-20 09:36:13,550 - INFO - 当前价格: 4958.191845581106
2026-03-20 09:36:13,551 - INFO - ============================================================

2026-03-20 09:36:13,551 - INFO - 
============================================================
2026-03-20 09:36:13,551 - INFO - 触发原因: 价格上涨超过整数变化
2026-03-20 09:36:13,551 - INFO - 当前时间: 2026-03-20 09:36:13
2026-03-20 09:36:13,551 - INFO - 数据时间: 2026-03-20 09:36:13
2026-03-20 09:36:13,551 - INFO - 当前价格: 4958.191845581106
2026-03-20 09:36:13,551 - INFO - 上次打印时间: 2026-03-20 09:35:48
2026-03-20 09:36:13,551 - INFO - 上次打印价格: 4941.214515648313
2026-03-20 09:36:13,551 - INFO - 当前价格: 4958.191845581106
2026-03-20 09:36:13,552 - INFO - Content-Type: multipart/mixed; boundary="===============6479130403207055076=="
MIME-Version: 1.0
Subject: =?utf-8?b?6buE6YeR5Lu35qC85o+Q6YaSIC0g5Lu35qC85LiK5rao6LaF6L+H5pW05pWw5Y+Y5YyWLOW9k+WJjeS7t+agvDQ5NTguMTkxODQ1NTgxMTA2?=
From: 2741023538@qq.com
To: 2741023538@qq.com

--===============6479130403207055076==
Content-Type: text/plain; charset="utf-8"
MIME-Version: 1.0
Content-Transfer-Encoding: base64

CiAgICAgICAgICAgIOm7hOmHkeS7t+agvOebkeaOp+aPkOmGkgogICAgICAgICAgICDop6blj5Hl
jp/lm6A6IOS7t+agvOS4iua2qOi2hei/h+aVtOaVsOWPmOWMlgogICAgICAgICAgICDlvZPliY3m
l7bpl7Q6IDIwMjYtMDMtMjAgMDk6MzY6MTMKICAgICAgICAgICAg5pWw5o2u5pe26Ze0OiAyMDI2
LTAzLTIwIDA5OjM2OjEzCiAgICAgICAgICAgIOW9k+WJjeS7t+agvDogNDk1OC4xOTE4NDU1ODEx
MDYKICAgICAgICAgICAg5bey6Kem5Y+R55uu5qCHOiBbNDk1MF0KCiAgICAgICAgICAgIOS4iuas
oeaJk+WNsOaXtumXtDogMjAyNi0wMy0yMCAwOTozNjoxMwogICAgICAgICAgICDkuIrmrKHmiZPl
jbDku7fmoLw6IDQ5NTguMTkxODQ1NTgxMTA2ICDlvZPliY3ku7fmoLw6IDQ5NTguMTkxODQ1NTgx
MTA2CiAgICAgICAgICAgIA==

--===============6479130403207055076==--

2026-03-20 09:36:13,815 - INFO - 正在连接到 smtp.qq.com:465
2026-03-20 09:36:13,815 - INFO - 使用用户名: 2741023538@qq.com
2026-03-20 09:36:13,872 - ERROR - 监控异常: 'ascii' codec can't encode characters in position 19-21: ordinal not in range(128)
2026-03-20 09:36:28,889 - INFO - 
============================================================
2026-03-20 09:36:28,889 - INFO - 触发原因: 打印调试
2026-03-20 09:36:28,889 - INFO - 当前时间: 2026-03-20 09:36:28
2026-03-20 09:36:28,890 - INFO - 数据时间: 2026-03-20 09:36:28
2026-03-20 09:36:28,890 - INFO - 当前价格: 4941.468202214918
2026-03-20 09:36:28,890 - INFO - 上次打印时间: 2026-03-20 09:36:13
2026-03-20 09:36:28,890 - INFO - 上次打印价格: 4958.191845581106
2026-03-20 09:36:28,890 - INFO - 当前价格: 4941.468202214918
2026-03-20 09:36:28,890 - INFO - ============================================================

2026-03-20 09:36:28,891 - INFO - 
============================================================
2026-03-20 09:36:28,891 - INFO - 触发原因: 价格下跌超过整数变化
2026-03-20 09:36:28,891 - INFO - 当前时间: 2026-03-20 09:36:28
2026-03-20 09:36:28,891 - INFO - 数据时间: 2026-03-20 09:36:28
2026-03-20 09:36:28,891 - INFO - 当前价格: 4941.468202214918
2026-03-20 09:36:28,891 - INFO - 上次打印时间: 2026-03-20 09:36:13
2026-03-20 09:36:28,892 - INFO - 上次打印价格: 4958.191845581106
2026-03-20 09:36:28,892 - INFO - 当前价格: 4941.468202214918
2026-03-20 09:36:28,892 - INFO - Content-Type: multipart/mixed; boundary="===============1916191648056133841=="
MIME-Version: 1.0
Subject: =?utf-8?b?6buE6YeR5Lu35qC85o+Q6YaSIC0g5Lu35qC85LiL6LeM6LaF6L+H5pW05pWw5Y+Y5YyWLOW9k+WJjeS7t+agvDQ5NDEuNDY4MjAyMjE0OTE4?=
From: 2741023538@qq.com
To: 2741023538@qq.com

--===============1916191648056133841==
Content-Type: text/plain; charset="utf-8"
MIME-Version: 1.0
Content-Transfer-Encoding: base64

CiAgICAgICAgICAgIOm7hOmHkeS7t+agvOebkeaOp+aPkOmGkgogICAgICAgICAgICDop6blj5Hl
jp/lm6A6IOS7t+agvOS4i+i3jOi2hei/h+aVtOaVsOWPmOWMlgogICAgICAgICAgICDlvZPliY3m
l7bpl7Q6IDIwMjYtMDMtMjAgMDk6MzY6MjgKICAgICAgICAgICAg5pWw5o2u5pe26Ze0OiAyMDI2
LTAzLTIwIDA5OjM2OjI4CiAgICAgICAgICAgIOW9k+WJjeS7t+agvDogNDk0MS40NjgyMDIyMTQ5
MTgKICAgICAgICAgICAg5bey6Kem5Y+R55uu5qCHOiBbNDk1MF0KCiAgICAgICAgICAgIOS4iuas
oeaJk+WNsOaXtumXtDogMjAyNi0wMy0yMCAwOTozNjoyOAogICAgICAgICAgICDkuIrmrKHmiZPl
jbDku7fmoLw6IDQ5NDEuNDY4MjAyMjE0OTE4ICDlvZPliY3ku7fmoLw6IDQ5NDEuNDY4MjAyMjE0
OTE4CiAgICAgICAgICAgIA==

--===============1916191648056133841==--

2026-03-20 09:36:29,174 - INFO - 正在连接到 smtp.qq.com:465
2026-03-20 09:36:29,174 - INFO - 使用用户名: 2741023538@qq.com
2026-03-20 09:36:29,235 - ERROR - 监控异常: 'ascii' codec can't encode characters in position 19-21: ordinal not in range(128)
2026-03-20 09:36:44,246 - INFO - 
============================================================
2026-03-20 09:36:44,246 - INFO - 触发原因: 打印调试
2026-03-20 09:36:44,246 - INFO - 当前时间: 2026-03-20 09:36:44
2026-03-20 09:36:44,247 - INFO - 数据时间: 2026-03-20 09:36:44
2026-03-20 09:36:44,247 - INFO - 当前价格: 4940.420251339208
2026-03-20 09:36:44,247 - INFO - 上次打印时间: 2026-03-20 09:36:28
2026-03-20 09:36:44,247 - INFO - 上次打印价格: 4941.468202214918
2026-03-20 09:36:44,247 - INFO - 当前价格: 4940.420251339208
2026-03-20 09:36:44,247 - INFO - ============================================================

2026-03-20 09:36:54,253 - INFO - 
============================================================
2026-03-20 09:36:54,254 - INFO - 触发原因: 打印调试
2026-03-20 09:36:54,254 - INFO - 当前时间: 2026-03-20 09:36:54
2026-03-20 09:36:54,254 - INFO - 数据时间: 2026-03-20 09:36:54
2026-03-20 09:36:54,254 - INFO - 当前价格: 4942.512884876947
2026-03-20 09:36:54,254 - INFO - 上次打印时间: 2026-03-20 09:36:28
2026-03-20 09:36:54,255 - INFO - 上次打印价格: 4941.468202214918
2026-03-20 09:36:54,255 - INFO - 当前价格: 4942.512884876947
2026-03-20 09:36:54,255 - INFO - ============================================================

2026-03-20 09:37:04,264 - INFO - 
============================================================
2026-03-20 09:37:04,265 - INFO - 触发原因: 打印调试
2026-03-20 09:37:04,265 - INFO - 当前时间: 2026-03-20 09:37:04
2026-03-20 09:37:04,265 - INFO - 数据时间: 2026-03-20 09:37:04
2026-03-20 09:37:04,265 - INFO - 当前价格: 4940.259299085108
2026-03-20 09:37:04,265 - INFO - 上次打印时间: 2026-03-20 09:36:28
2026-03-20 09:37:04,266 - INFO - 上次打印价格: 4941.468202214918
2026-03-20 09:37:04,266 - INFO - 当前价格: 4940.259299085108
2026-03-20 09:37:04,266 - INFO - ============================================================

2026-03-20 09:37:14,271 - INFO - 
============================================================
2026-03-20 09:37:14,271 - INFO - 触发原因: 打印调试
2026-03-20 09:37:14,271 - INFO - 当前时间: 2026-03-20 09:37:14
2026-03-20 09:37:14,271 - INFO - 数据时间: 2026-03-20 09:37:14
2026-03-20 09:37:14,271 - INFO - 当前价格: 4955.921428768975
2026-03-20 09:37:14,272 - INFO - 上次打印时间: 2026-03-20 09:36:28
2026-03-20 09:37:14,272 - INFO - 上次打印价格: 4941.468202214918
2026-03-20 09:37:14,272 - INFO - 当前价格: 4955.921428768975
2026-03-20 09:37:14,272 - INFO - ============================================================

2026-03-20 09:37:14,272 - INFO - 
============================================================
2026-03-20 09:37:14,272 - INFO - 触发原因: 价格上涨超过整数变化
2026-03-20 09:37:14,272 - INFO - 当前时间: 2026-03-20 09:37:14
2026-03-20 09:37:14,272 - INFO - 数据时间: 2026-03-20 09:37:14
2026-03-20 09:37:14,272 - INFO - 当前价格: 4955.921428768975
2026-03-20 09:37:14,273 - INFO - 上次打印时间: 2026-03-20 09:36:28
2026-03-20 09:37:14,273 - INFO - 上次打印价格: 4941.468202214918
2026-03-20 09:37:14,273 - INFO - 当前价格: 4955.921428768975
2026-03-20 09:37:14,273 - INFO - Content-Type: multipart/mixed; boundary="===============7526550299064902855=="
MIME-Version: 1.0
Subject: =?utf-8?b?6buE6YeR5Lu35qC85o+Q6YaSIC0g5Lu35qC85LiK5rao6LaF6L+H5pW05pWw5Y+Y5YyWLOW9k+WJjeS7t+agvDQ5NTUuOTIxNDI4NzY4OTc1?=
From: 2741023538@qq.com
To: 2741023538@qq.com

--===============7526550299064902855==
Content-Type: text/plain; charset="utf-8"
MIME-Version: 1.0
Content-Transfer-Encoding: base64

CiAgICAgICAgICAgIOm7hOmHkeS7t+agvOebkeaOp+aPkOmGkgogICAgICAgICAgICDop6blj5Hl
jp/lm6A6IOS7t+agvOS4iua2qOi2hei/h+aVtOaVsOWPmOWMlgogICAgICAgICAgICDlvZPliY3m
l7bpl7Q6IDIwMjYtMDMtMjAgMDk6Mzc6MTQKICAgICAgICAgICAg5pWw5o2u5pe26Ze0OiAyMDI2
LTAzLTIwIDA5OjM3OjE0CiAgICAgICAgICAgIOW9k+WJjeS7t+agvDogNDk1NS45MjE0Mjg3Njg5
NzUKICAgICAgICAgICAg5bey6Kem5Y+R55uu5qCHOiBbNDk1MF0KCiAgICAgICAgICAgIOS4iuas
oeaJk+WNsOaXtumXtDogMjAyNi0wMy0yMCAwOTozNzoxNAogICAgICAgICAgICDkuIrmrKHmiZPl
jbDku7fmoLw6IDQ5NTUuOTIxNDI4NzY4OTc1ICDlvZPliY3ku7fmoLw6IDQ5NTUuOTIxNDI4NzY4
OTc1CiAgICAgICAgICAgIA==

--===============7526550299064902855==--

2026-03-20 09:37:14,533 - INFO - 正在连接到 smtp.qq.com:465
2026-03-20 09:37:14,534 - INFO - 使用用户名: 2741023538@qq.com
2026-03-20 09:37:14,595 - ERROR - 监控异常: 'ascii' codec can't encode characters in position 19-21: ordinal not in range(128)
2026-03-20 09:37:29,608 - INFO - 
============================================================
2026-03-20 09:37:29,608 - INFO - 触发原因: 打印调试
2026-03-20 09:37:29,608 - INFO - 当前时间: 2026-03-20 09:37:29
2026-03-20 09:37:29,608 - INFO - 数据时间: 2026-03-20 09:37:29
2026-03-20 09:37:29,608 - INFO - 当前价格: 4955.118311794429
2026-03-20 09:37:29,608 - INFO - 上次打印时间: 2026-03-20 09:37:14
2026-03-20 09:37:29,609 - INFO - 上次打印价格: 4955.921428768975
2026-03-20 09:37:29,609 - INFO - 当前价格: 4955.118311794429
2026-03-20 09:37:29,609 - INFO - ============================================================

2026-03-20 09:37:39,612 - INFO - 
============================================================
2026-03-20 09:37:39,612 - INFO - 触发原因: 打印调试
2026-03-20 09:37:39,613 - INFO - 当前时间: 2026-03-20 09:37:39
2026-03-20 09:37:39,613 - INFO - 数据时间: 2026-03-20 09:37:39
2026-03-20 09:37:39,613 - INFO - 当前价格: 4948.097626422219
2026-03-20 09:37:39,613 - INFO - 上次打印时间: 2026-03-20 09:37:14
2026-03-20 09:37:39,613 - INFO - 上次打印价格: 4955.921428768975
2026-03-20 09:37:39,613 - INFO - 当前价格: 4948.097626422219
2026-03-20 09:37:39,613 - INFO - ============================================================

2026-03-20 09:37:49,619 - INFO - 
============================================================
2026-03-20 09:37:49,620 - INFO - 触发原因: 打印调试
2026-03-20 09:37:49,620 - INFO - 当前时间: 2026-03-20 09:37:49
2026-03-20 09:37:49,620 - INFO - 数据时间: 2026-03-20 09:37:49
2026-03-20 09:37:49,620 - INFO - 当前价格: 4957.108374381781
2026-03-20 09:37:49,620 - INFO - 上次打印时间: 2026-03-20 09:37:14
2026-03-20 09:37:49,620 - INFO - 上次打印价格: 4955.921428768975
2026-03-20 09:37:49,620 - INFO - 当前价格: 4957.108374381781
2026-03-20 09:37:49,621 - INFO - ============================================================

2026-03-20 09:37:49,621 - INFO - 
============================================================
2026-03-20 09:37:49,621 - INFO - 触发原因: 10分钟定时打印
2026-03-20 09:37:49,621 - INFO - 当前时间: 2026-03-20 09:37:49
2026-03-20 09:37:49,621 - INFO - 数据时间: 2026-03-20 09:37:49
2026-03-20 09:37:49,621 - INFO - 当前价格: 4957.108374381781
2026-03-20 09:37:49,621 - INFO - 上次打印时间: 2026-03-20 09:37:14
2026-03-20 09:37:49,622 - INFO - 上次打印价格: 4955.921428768975
2026-03-20 09:37:49,622 - INFO - 当前价格: 4957.108374381781
2026-03-20 09:37:49,622 - INFO - Content-Type: multipart/mixed; boundary="===============7530949412948287822=="
MIME-Version: 1.0
Subject: =?utf-8?b?6buE6YeR5Lu35qC85o+Q6YaSIC0gMTDliIbpkp/lrprml7bmiZPljbAs5b2T5YmN5Lu35qC8NDk1Ny4xMDgzNzQzODE3ODE=?=
From: 2741023538@qq.com
To: 2741023538@qq.com

--===============7530949412948287822==
Content-Type: text/plain; charset="utf-8"
MIME-Version: 1.0
Content-Transfer-Encoding: base64

CiAgICAgICAgICAgIOm7hOmHkeS7t+agvOebkeaOp+aPkOmGkgogICAgICAgICAgICDop6blj5Hl
jp/lm6A6IDEw5YiG6ZKf5a6a5pe25omT5Y2wCiAgICAgICAgICAgIOW9k+WJjeaXtumXtDogMjAy
Ni0wMy0yMCAwOTozNzo0OQogICAgICAgICAgICDmlbDmja7ml7bpl7Q6IDIwMjYtMDMtMjAgMDk6
Mzc6NDkKICAgICAgICAgICAg5b2T5YmN5Lu35qC8OiA0OTU3LjEwODM3NDM4MTc4MQogICAgICAg
ICAgICDlt7Lop6blj5Hnm67moIc6IFs0OTUwXQoKICAgICAgICAgICAg5LiK5qyh5omT5Y2w5pe2
6Ze0OiAyMDI2LTAzLTIwIDA5OjM3OjQ5CiAgICAgICAgICAgIOS4iuasoeaJk+WNsOS7t+agvDog
NDk1Ny4xMDgzNzQzODE3ODEgIOW9k+WJjeS7t+agvDogNDk1Ny4xMDgzNzQzODE3ODEKICAgICAg
ICAgICAg

--===============7530949412948287822==--

2026-03-20 09:37:49,894 - INFO - 正在连接到 smtp.qq.com:465
2026-03-20 09:37:49,894 - INFO - 使用用户名: 2741023538@qq.com
2026-03-20 09:37:49,954 - ERROR - 监控异常: 'ascii' codec can't encode characters in position 19-21: ordinal not in range(128)
2026-03-20 09:38:04,966 - INFO - 
============================================================
2026-03-20 09:38:04,966 - INFO - 触发原因: 打印调试
2026-03-20 09:38:04,967 - INFO - 当前时间: 2026-03-20 09:38:04
2026-03-20 09:38:04,967 - INFO - 数据时间: 2026-03-20 09:38:04
2026-03-20 09:38:04,967 - INFO - 当前价格: 4943.857575121176
2026-03-20 09:38:04,967 - INFO - 上次打印时间: 2026-03-20 09:37:49
2026-03-20 09:38:04,967 - INFO - 上次打印价格: 4957.108374381781
2026-03-20 09:38:04,967 - INFO - 当前价格: 4943.857575121176
2026-03-20 09:38:04,967 - INFO - ============================================================

2026-03-20 09:38:04,968 - INFO - 
============================================================
2026-03-20 09:38:04,968 - INFO - 触发原因: 价格下跌超过整数变化
2026-03-20 09:38:04,968 - INFO - 当前时间: 2026-03-20 09:38:04
2026-03-20 09:38:04,968 - INFO - 数据时间: 2026-03-20 09:38:04
2026-03-20 09:38:04,968 - INFO - 当前价格: 4943.857575121176
2026-03-20 09:38:04,968 - INFO - 上次打印时间: 2026-03-20 09:37:49
2026-03-20 09:38:04,968 - INFO - 上次打印价格: 4957.108374381781
2026-03-20 09:38:04,968 - INFO - 当前价格: 4943.857575121176
2026-03-20 09:38:04,969 - INFO - Content-Type: multipart/mixed; boundary="===============3271979255926508105=="
MIME-Version: 1.0
Subject: =?utf-8?b?6buE6YeR5Lu35qC85o+Q6YaSIC0g5Lu35qC85LiL6LeM6LaF6L+H5pW05pWw5Y+Y5YyWLOW9k+WJjeS7t+agvDQ5NDMuODU3NTc1MTIxMTc2?=
From: 2741023538@qq.com
To: 2741023538@qq.com

--===============3271979255926508105==
Content-Type: text/plain; charset="utf-8"
MIME-Version: 1.0
Content-Transfer-Encoding: base64

CiAgICAgICAgICAgIOm7hOmHkeS7t+agvOebkeaOp+aPkOmGkgogICAgICAgICAgICDop6blj5Hl
jp/lm6A6IOS7t+agvOS4i+i3jOi2hei/h+aVtOaVsOWPmOWMlgogICAgICAgICAgICDlvZPliY3m
l7bpl7Q6IDIwMjYtMDMtMjAgMDk6Mzg6MDQKICAgICAgICAgICAg5pWw5o2u5pe26Ze0OiAyMDI2
LTAzLTIwIDA5OjM4OjA0CiAgICAgICAgICAgIOW9k+WJjeS7t+agvDogNDk0My44NTc1NzUxMjEx
NzYKICAgICAgICAgICAg5bey6Kem5Y+R55uu5qCHOiBbNDk1MF0KCiAgICAgICAgICAgIOS4iuas
oeaJk+WNsOaXtumXtDogMjAyNi0wMy0yMCAwOTozODowNAogICAgICAgICAgICDkuIrmrKHmiZPl
jbDku7fmoLw6IDQ5NDMuODU3NTc1MTIxMTc2ICDlvZPliY3ku7fmoLw6IDQ5NDMuODU3NTc1MTIx
MTc2CiAgICAgICAgICAgIA==

--===============3271979255926508105==--

2026-03-20 09:38:05,212 - INFO - 正在连接到 smtp.qq.com:465
2026-03-20 09:38:05,213 - INFO - 使用用户名: 2741023538@qq.com
2026-03-20 09:38:05,266 - ERROR - 监控异常: 'ascii' codec can't encode characters in position 19-21: ordinal not in range(128)
2026-03-20 09:38:20,275 - INFO - 
============================================================
2026-03-20 09:38:20,276 - INFO - 触发原因: 打印调试
2026-03-20 09:38:20,276 - INFO - 当前时间: 2026-03-20 09:38:20
2026-03-20 09:38:20,276 - INFO - 数据时间: 2026-03-20 09:38:20
2026-03-20 09:38:20,276 - INFO - 当前价格: 4944.488872908095
2026-03-20 09:38:20,276 - INFO - 上次打印时间: 2026-03-20 09:38:04
2026-03-20 09:38:20,276 - INFO - 上次打印价格: 4943.857575121176
2026-03-20 09:38:20,276 - INFO - 当前价格: 4944.488872908095
2026-03-20 09:38:20,276 - INFO - ============================================================

2026-03-20 09:38:30,280 - INFO - 
============================================================
2026-03-20 09:38:30,280 - INFO - 触发原因: 打印调试
2026-03-20 09:38:30,280 - INFO - 当前时间: 2026-03-20 09:38:30
2026-03-20 09:38:30,280 - INFO - 数据时间: 2026-03-20 09:38:30
2026-03-20 09:38:30,280 - INFO - 当前价格: 4948.421920886333
2026-03-20 09:38:30,281 - INFO - 上次打印时间: 2026-03-20 09:38:04
2026-03-20 09:38:30,281 - INFO - 上次打印价格: 4943.857575121176
2026-03-20 09:38:30,281 - INFO - 当前价格: 4948.421920886333
2026-03-20 09:38:30,281 - INFO - ============================================================

2026-03-20 09:38:40,290 - INFO - 
============================================================
2026-03-20 09:38:40,290 - INFO - 触发原因: 打印调试
2026-03-20 09:38:40,290 - INFO - 当前时间: 2026-03-20 09:38:40
2026-03-20 09:38:40,290 - INFO - 数据时间: 2026-03-20 09:38:40
2026-03-20 09:38:40,290 - INFO - 当前价格: 4940.275026116709
2026-03-20 09:38:40,291 - INFO - 上次打印时间: 2026-03-20 09:38:04
2026-03-20 09:38:40,291 - INFO - 上次打印价格: 4943.857575121176
2026-03-20 09:38:40,291 - INFO - 当前价格: 4940.275026116709
2026-03-20 09:38:40,291 - INFO - ============================================================

2026-03-20 09:38:50,298 - INFO - 
============================================================
2026-03-20 09:38:50,298 - INFO - 触发原因: 打印调试
2026-03-20 09:38:50,299 - INFO - 当前时间: 2026-03-20 09:38:50
2026-03-20 09:38:50,299 - INFO - 数据时间: 2026-03-20 09:38:50
2026-03-20 09:38:50,299 - INFO - 当前价格: 4942.125992692111
2026-03-20 09:38:50,299 - INFO - 上次打印时间: 2026-03-20 09:38:04
2026-03-20 09:38:50,299 - INFO - 上次打印价格: 4943.857575121176
2026-03-20 09:38:50,300 - INFO - 当前价格: 4942.125992692111
2026-03-20 09:38:50,300 - INFO - ============================================================

2026-03-20 09:39:00,301 - INFO - 
============================================================
2026-03-20 09:39:00,301 - INFO - 触发原因: 打印调试
2026-03-20 09:39:00,301 - INFO - 当前时间: 2026-03-20 09:39:00
2026-03-20 09:39:00,301 - INFO - 数据时间: 2026-03-20 09:39:00
2026-03-20 09:39:00,301 - INFO - 当前价格: 4941.634551568472
2026-03-20 09:39:00,301 - INFO - 上次打印时间: 2026-03-20 09:38:04
2026-03-20 09:39:00,302 - INFO - 上次打印价格: 4943.857575121176
2026-03-20 09:39:00,302 - INFO - 当前价格: 4941.634551568472
2026-03-20 09:39:00,302 - INFO - ============================================================

2026-03-20 09:39:10,304 - INFO - 
============================================================
2026-03-20 09:39:10,304 - INFO - 触发原因: 打印调试
2026-03-20 09:39:10,304 - INFO - 当前时间: 2026-03-20 09:39:10
2026-03-20 09:39:10,304 - INFO - 数据时间: 2026-03-20 09:39:10
2026-03-20 09:39:10,304 - INFO - 当前价格: 4958.272998629677
2026-03-20 09:39:10,304 - INFO - 上次打印时间: 2026-03-20 09:38:04
2026-03-20 09:39:10,304 - INFO - 上次打印价格: 4943.857575121176
2026-03-20 09:39:10,304 - INFO - 当前价格: 4958.272998629677
2026-03-20 09:39:10,304 - INFO - ============================================================

2026-03-20 09:39:10,304 - INFO - 
============================================================
2026-03-20 09:39:10,304 - INFO - 触发原因: 价格上涨超过整数变化
2026-03-20 09:39:10,305 - INFO - 当前时间: 2026-03-20 09:39:10
2026-03-20 09:39:10,305 - INFO - 数据时间: 2026-03-20 09:39:10
2026-03-20 09:39:10,305 - INFO - 当前价格: 4958.272998629677
2026-03-20 09:39:10,305 - INFO - 上次打印时间: 2026-03-20 09:38:04
2026-03-20 09:39:10,305 - INFO - 上次打印价格: 4943.857575121176
2026-03-20 09:39:10,305 - INFO - 当前价格: 4958.272998629677
2026-03-20 09:39:10,305 - INFO - Content-Type: multipart/mixed; boundary="===============5996784912503069246=="
MIME-Version: 1.0
Subject: =?utf-8?b?6buE6YeR5Lu35qC85o+Q6YaSIC0g5Lu35qC85LiK5rao6LaF6L+H5pW05pWw5Y+Y5YyWLOW9k+WJjeS7t+agvDQ5NTguMjcyOTk4NjI5Njc3?=
From: 2741023538@qq.com
To: 2741023538@qq.com

--===============5996784912503069246==
Content-Type: text/plain; charset="utf-8"
MIME-Version: 1.0
Content-Transfer-Encoding: base64

CiAgICAgICAgICAgIOm7hOmHkeS7t+agvOebkeaOp+aPkOmGkgogICAgICAgICAgICDop6blj5Hl
jp/lm6A6IOS7t+agvOS4iua2qOi2hei/h+aVtOaVsOWPmOWMlgogICAgICAgICAgICDlvZPliY3m
l7bpl7Q6IDIwMjYtMDMtMjAgMDk6Mzk6MTAKICAgICAgICAgICAg5pWw5o2u5pe26Ze0OiAyMDI2
LTAzLTIwIDA5OjM5OjEwCiAgICAgICAgICAgIOW9k+WJjeS7t+agvDogNDk1OC4yNzI5OTg2Mjk2
NzcKICAgICAgICAgICAg5bey6Kem5Y+R55uu5qCHOiBbNDk1MF0KCiAgICAgICAgICAgIOS4iuas
oeaJk+WNsOaXtumXtDogMjAyNi0wMy0yMCAwOTozOToxMAogICAgICAgICAgICDkuIrmrKHmiZPl
jbDku7fmoLw6IDQ5NTguMjcyOTk4NjI5Njc3ICDlvZPliY3ku7fmoLw6IDQ5NTguMjcyOTk4NjI5
Njc3CiAgICAgICAgICAgIA==

--===============5996784912503069246==--

2026-03-20 09:39:10,631 - INFO - 正在连接到 smtp.qq.com:465
2026-03-20 09:39:10,632 - INFO - 使用用户名: 2741023538@qq.com
2026-03-20 09:39:10,697 - ERROR - 监控异常: 'ascii' codec can't encode characters in position 19-21: ordinal not in range(128)
2026-03-20 09:39:25,713 - INFO - 
============================================================
2026-03-20 09:39:25,713 - INFO - 触发原因: 打印调试
2026-03-20 09:39:25,713 - INFO - 当前时间: 2026-03-20 09:39:25
2026-03-20 09:39:25,714 - INFO - 数据时间: 2026-03-20 09:39:25
2026-03-20 09:39:25,714 - INFO - 当前价格: 4957.384021928132
2026-03-20 09:39:25,714 - INFO - 上次打印时间: 2026-03-20 09:39:10
2026-03-20 09:39:25,714 - INFO - 上次打印价格: 4958.272998629677
2026-03-20 09:39:25,714 - INFO - 当前价格: 4957.384021928132
2026-03-20 09:39:25,715 - INFO - ============================================================

2026-03-20 09:39:35,718 - INFO - 
============================================================
2026-03-20 09:39:35,718 - INFO - 触发原因: 打印调试
2026-03-20 09:39:35,719 - INFO - 当前时间: 2026-03-20 09:39:35
2026-03-20 09:39:35,719 - INFO - 数据时间: 2026-03-20 09:39:35
2026-03-20 09:39:35,719 - INFO - 当前价格: 4951.613667279208
2026-03-20 09:39:35,719 - INFO - 上次打印时间: 2026-03-20 09:39:10
2026-03-20 09:39:35,719 - INFO - 上次打印价格: 4958.272998629677
2026-03-20 09:39:35,719 - INFO - 当前价格: 4951.613667279208
2026-03-20 09:39:35,719 - INFO - ============================================================

2026-03-20 09:39:45,726 - INFO - 
============================================================
2026-03-20 09:39:45,726 - INFO - 触发原因: 打印调试
2026-03-20 09:39:45,727 - INFO - 当前时间: 2026-03-20 09:39:45
2026-03-20 09:39:45,727 - INFO - 数据时间: 2026-03-20 09:39:45
2026-03-20 09:39:45,727 - INFO - 当前价格: 4958.214708368754
2026-03-20 09:39:45,727 - INFO - 上次打印时间: 2026-03-20 09:39:10
2026-03-20 09:39:45,727 - INFO - 上次打印价格: 4958.272998629677
2026-03-20 09:39:45,727 - INFO - 当前价格: 4958.214708368754
2026-03-20 09:39:45,727 - INFO - ============================================================

2026-03-20 09:39:55,738 - INFO - 
============================================================
2026-03-20 09:39:55,738 - INFO - 触发原因: 打印调试
2026-03-20 09:39:55,739 - INFO - 当前时间: 2026-03-20 09:39:55
2026-03-20 09:39:55,739 - INFO - 数据时间: 2026-03-20 09:39:55
2026-03-20 09:39:55,739 - INFO - 当前价格: 4952.840905082016
2026-03-20 09:39:55,739 - INFO - 上次打印时间: 2026-03-20 09:39:10
2026-03-20 09:39:55,739 - INFO - 上次打印价格: 4958.272998629677
2026-03-20 09:39:55,739 - INFO - 当前价格: 4952.840905082016
2026-03-20 09:39:55,739 - INFO - ============================================================

2026-03-20 09:40:05,745 - INFO - 
============================================================
2026-03-20 09:40:05,745 - INFO - 触发原因: 打印调试
2026-03-20 09:40:05,745 - INFO - 当前时间: 2026-03-20 09:40:05
2026-03-20 09:40:05,745 - INFO - 数据时间: 2026-03-20 09:40:05
2026-03-20 09:40:05,745 - INFO - 当前价格: 4941.437894406448
2026-03-20 09:40:05,745 - INFO - 上次打印时间: 2026-03-20 09:39:10
2026-03-20 09:40:05,746 - INFO - 上次打印价格: 4958.272998629677
2026-03-20 09:40:05,746 - INFO - 当前价格: 4941.437894406448
2026-03-20 09:40:05,746 - INFO - ============================================================

2026-03-20 09:40:05,746 - INFO - 
============================================================
2026-03-20 09:40:05,746 - INFO - 触发原因: 价格下跌超过整数变化
2026-03-20 09:40:05,746 - INFO - 当前时间: 2026-03-20 09:40:05
2026-03-20 09:40:05,746 - INFO - 数据时间: 2026-03-20 09:40:05
2026-03-20 09:40:05,746 - INFO - 当前价格: 4941.437894406448
2026-03-20 09:40:05,746 - INFO - 上次打印时间: 2026-03-20 09:39:10
2026-03-20 09:40:05,746 - INFO - 上次打印价格: 4958.272998629677
2026-03-20 09:40:05,747 - INFO - 当前价格: 4941.437894406448
2026-03-20 09:40:05,747 - INFO - Content-Type: multipart/mixed; boundary="===============6334763622778037240=="
MIME-Version: 1.0
Subject: =?utf-8?b?6buE6YeR5Lu35qC85o+Q6YaSIC0g5Lu35qC85LiL6LeM6LaF6L+H5pW05pWw5Y+Y5YyWLOW9k+WJjeS7t+agvDQ5NDEuNDM3ODk0NDA2NDQ4?=
From: 2741023538@qq.com
To: 2741023538@qq.com

--===============6334763622778037240==
Content-Type: text/plain; charset="utf-8"
MIME-Version: 1.0
Content-Transfer-Encoding: base64

CiAgICAgICAgICAgIOm7hOmHkeS7t+agvOebkeaOp+aPkOmGkgogICAgICAgICAgICDop6blj5Hl
jp/lm6A6IOS7t+agvOS4i+i3jOi2hei/h+aVtOaVsOWPmOWMlgogICAgICAgICAgICDlvZPliY3m
l7bpl7Q6IDIwMjYtMDMtMjAgMDk6NDA6MDUKICAgICAgICAgICAg5pWw5o2u5pe26Ze0OiAyMDI2
LTAzLTIwIDA5OjQwOjA1CiAgICAgICAgICAgIOW9k+WJjeS7t+agvDogNDk0MS40Mzc4OTQ0MDY0
NDgKICAgICAgICAgICAg5bey6Kem5Y+R55uu5qCHOiBbNDk1MF0KCiAgICAgICAgICAgIOS4iuas
oeaJk+WNsOaXtumXtDogMjAyNi0wMy0yMCAwOTo0MDowNQogICAgICAgICAgICDkuIrmrKHmiZPl
jbDku7fmoLw6IDQ5NDEuNDM3ODk0NDA2NDQ4ICDlvZPliY3ku7fmoLw6IDQ5NDEuNDM3ODk0NDA2
NDQ4CiAgICAgICAgICAgIA==

--===============6334763622778037240==--

2026-03-20 09:40:06,004 - INFO - 正在连接到 smtp.qq.com:465
2026-03-20 09:40:06,004 - INFO - 使用用户名: 2741023538@qq.com
2026-03-20 09:40:06,065 - ERROR - 监控异常: 'ascii' codec can't encode characters in position 19-21: ordinal not in range(128)
2026-03-20 09:40:21,086 - INFO - 
============================================================
2026-03-20 09:40:21,087 - INFO - 触发原因: 打印调试
2026-03-20 09:40:21,087 - INFO - 当前时间: 2026-03-20 09:40:21
2026-03-20 09:40:21,087 - INFO - 数据时间: 2026-03-20 09:40:21
2026-03-20 09:40:21,087 - INFO - 当前价格: 4948.739256468685
2026-03-20 09:40:21,087 - INFO - 上次打印时间: 2026-03-20 09:40:05
2026-03-20 09:40:21,087 - INFO - 上次打印价格: 4941.437894406448
2026-03-20 09:40:21,088 - INFO - 当前价格: 4948.739256468685
2026-03-20 09:40:21,088 - INFO - ============================================================

2026-03-20 09:40:31,103 - INFO - 
============================================================
2026-03-20 09:40:31,104 - INFO - 触发原因: 打印调试
2026-03-20 09:40:31,104 - INFO - 当前时间: 2026-03-20 09:40:31
2026-03-20 09:40:31,104 - INFO - 数据时间: 2026-03-20 09:40:31
2026-03-20 09:40:31,104 - INFO - 当前价格: 4957.448462244726
2026-03-20 09:40:31,105 - INFO - 上次打印时间: 2026-03-20 09:40:05
2026-03-20 09:40:31,105 - INFO - 上次打印价格: 4941.437894406448
2026-03-20 09:40:31,105 - INFO - 当前价格: 4957.448462244726
2026-03-20 09:40:31,105 - INFO - ============================================================

2026-03-20 09:40:31,105 - INFO - 
============================================================
2026-03-20 09:40:31,105 - INFO - 触发原因: 价格上涨超过整数变化
2026-03-20 09:40:31,105 - INFO - 当前时间: 2026-03-20 09:40:31
2026-03-20 09:40:31,105 - INFO - 数据时间: 2026-03-20 09:40:31
2026-03-20 09:40:31,106 - INFO - 当前价格: 4957.448462244726
2026-03-20 09:40:31,106 - INFO - 上次打印时间: 2026-03-20 09:40:05
2026-03-20 09:40:31,106 - INFO - 上次打印价格: 4941.437894406448
2026-03-20 09:40:31,106 - INFO - 当前价格: 4957.448462244726
2026-03-20 09:40:31,106 - INFO - Content-Type: multipart/mixed; boundary="===============6086384326776335379=="
MIME-Version: 1.0
Subject: =?utf-8?b?6buE6YeR5Lu35qC85o+Q6YaSIC0g5Lu35qC85LiK5rao6LaF6L+H5pW05pWw5Y+Y5YyWLOW9k+WJjeS7t+agvDQ5NTcuNDQ4NDYyMjQ0NzI2?=
From: 2741023538@qq.com
To: 2741023538@qq.com

--===============6086384326776335379==
Content-Type: text/plain; charset="utf-8"
MIME-Version: 1.0
Content-Transfer-Encoding: base64

CiAgICAgICAgICAgIOm7hOmHkeS7t+agvOebkeaOp+aPkOmGkgogICAgICAgICAgICDop6blj5Hl
jp/lm6A6IOS7t+agvOS4iua2qOi2hei/h+aVtOaVsOWPmOWMlgogICAgICAgICAgICDlvZPliY3m
l7bpl7Q6IDIwMjYtMDMtMjAgMDk6NDA6MzEKICAgICAgICAgICAg5pWw5o2u5pe26Ze0OiAyMDI2
LTAzLTIwIDA5OjQwOjMxCiAgICAgICAgICAgIOW9k+WJjeS7t+agvDogNDk1Ny40NDg0NjIyNDQ3
MjYKICAgICAgICAgICAg5bey6Kem5Y+R55uu5qCHOiBbNDk1MF0KCiAgICAgICAgICAgIOS4iuas
oeaJk+WNsOaXtumXtDogMjAyNi0wMy0yMCAwOTo0MDozMQogICAgICAgICAgICDkuIrmrKHmiZPl
jbDku7fmoLw6IDQ5NTcuNDQ4NDYyMjQ0NzI2ICDlvZPliY3ku7fmoLw6IDQ5NTcuNDQ4NDYyMjQ0
NzI2CiAgICAgICAgICAgIA==

--===============6086384326776335379==--

2026-03-20 09:40:31,364 - INFO - 正在连接到 smtp.qq.com:465
2026-03-20 09:40:31,364 - INFO - 使用用户名: 2741023538@qq.com
2026-03-20 09:40:31,421 - ERROR - 监控异常: 'ascii' codec can't encode characters in position 19-21: ordinal not in range(128)
2026-03-20 09:40:46,433 - INFO - 
============================================================
2026-03-20 09:40:46,433 - INFO - 触发原因: 打印调试
2026-03-20 09:40:46,434 - INFO - 当前时间: 2026-03-20 09:40:46
2026-03-20 09:40:46,434 - INFO - 数据时间: 2026-03-20 09:40:46
2026-03-20 09:40:46,434 - INFO - 当前价格: 4948.1487153596045
2026-03-20 09:40:46,434 - INFO - 上次打印时间: 2026-03-20 09:40:31
2026-03-20 09:40:46,434 - INFO - 上次打印价格: 4957.448462244726
2026-03-20 09:40:46,434 - INFO - 当前价格: 4948.1487153596045
2026-03-20 09:40:46,435 - INFO - ============================================================

2026-03-20 09:40:56,436 - INFO - 
============================================================
2026-03-20 09:40:56,436 - INFO - 触发原因: 打印调试
2026-03-20 09:40:56,436 - INFO - 当前时间: 2026-03-20 09:40:56
2026-03-20 09:40:56,436 - INFO - 数据时间: 2026-03-20 09:40:56
2026-03-20 09:40:56,436 - INFO - 当前价格: 4943.77577074467
2026-03-20 09:40:56,437 - INFO - 上次打印时间: 2026-03-20 09:40:31
2026-03-20 09:40:56,437 - INFO - 上次打印价格: 4957.448462244726
2026-03-20 09:40:56,437 - INFO - 当前价格: 4943.77577074467
2026-03-20 09:40:56,437 - INFO - ============================================================

2026-03-20 09:40:56,437 - INFO - 
============================================================
2026-03-20 09:40:56,437 - INFO - 触发原因: 价格下跌超过整数变化
2026-03-20 09:40:56,438 - INFO - 当前时间: 2026-03-20 09:40:56
2026-03-20 09:40:56,438 - INFO - 数据时间: 2026-03-20 09:40:56
2026-03-20 09:40:56,438 - INFO - 当前价格: 4943.77577074467
2026-03-20 09:40:56,438 - INFO - 上次打印时间: 2026-03-20 09:40:31
2026-03-20 09:40:56,438 - INFO - 上次打印价格: 4957.448462244726
2026-03-20 09:40:56,438 - INFO - 当前价格: 4943.77577074467
2026-03-20 09:40:56,439 - INFO - Content-Type: multipart/mixed; boundary="===============8357578845006278251=="
MIME-Version: 1.0
Subject: =?utf-8?b?6buE6YeR5Lu35qC85o+Q6YaSIC0g5Lu35qC85LiL6LeM6LaF6L+H5pW05pWw5Y+Y5YyWLOW9k+WJjeS7t+agvDQ5NDMuNzc1NzcwNzQ0Njc=?=
From: 2741023538@qq.com
To: 2741023538@qq.com

--===============8357578845006278251==
Content-Type: text/plain; charset="utf-8"
MIME-Version: 1.0
Content-Transfer-Encoding: base64

CiAgICAgICAgICAgIOm7hOmHkeS7t+agvOebkeaOp+aPkOmGkgogICAgICAgICAgICDop6blj5Hl
jp/lm6A6IOS7t+agvOS4i+i3jOi2hei/h+aVtOaVsOWPmOWMlgogICAgICAgICAgICDlvZPliY3m
l7bpl7Q6IDIwMjYtMDMtMjAgMDk6NDA6NTYKICAgICAgICAgICAg5pWw5o2u5pe26Ze0OiAyMDI2
LTAzLTIwIDA5OjQwOjU2CiAgICAgICAgICAgIOW9k+WJjeS7t+agvDogNDk0My43NzU3NzA3NDQ2
NwogICAgICAgICAgICDlt7Lop6blj5Hnm67moIc6IFs0OTUwXQoKICAgICAgICAgICAg5LiK5qyh
5omT5Y2w5pe26Ze0OiAyMDI2LTAzLTIwIDA5OjQwOjU2CiAgICAgICAgICAgIOS4iuasoeaJk+WN
sOS7t+agvDogNDk0My43NzU3NzA3NDQ2NyAg5b2T5YmN5Lu35qC8OiA0OTQzLjc3NTc3MDc0NDY3
CiAgICAgICAgICAgIA==

--===============8357578845006278251==--

2026-03-20 09:40:56,674 - INFO - 正在连接到 smtp.qq.com:465
2026-03-20 09:40:56,675 - INFO - 使用用户名: 2741023538@qq.com
2026-03-20 09:40:56,726 - ERROR - 监控异常: 'ascii' codec can't encode characters in position 19-21: ordinal not in range(128)
2026-03-20 09:41:11,736 - INFO - 
============================================================
2026-03-20 09:41:11,737 - INFO - 触发原因: 打印调试
2026-03-20 09:41:11,737 - INFO - 当前时间: 2026-03-20 09:41:11
2026-03-20 09:41:11,737 - INFO - 数据时间: 2026-03-20 09:41:11
2026-03-20 09:41:11,737 - INFO - 当前价格: 4954.199888801897
2026-03-20 09:41:11,737 - INFO - 上次打印时间: 2026-03-20 09:40:56
2026-03-20 09:41:11,737 - INFO - 上次打印价格: 4943.77577074467
2026-03-20 09:41:11,737 - INFO - 当前价格: 4954.199888801897
2026-03-20 09:41:11,737 - INFO - ============================================================

2026-03-20 09:41:11,737 - INFO - 
============================================================
2026-03-20 09:41:11,738 - INFO - 触发原因: 价格上涨超过整数变化
2026-03-20 09:41:11,738 - INFO - 当前时间: 2026-03-20 09:41:11
2026-03-20 09:41:11,738 - INFO - 数据时间: 2026-03-20 09:41:11
2026-03-20 09:41:11,738 - INFO - 当前价格: 4954.199888801897
2026-03-20 09:41:11,738 - INFO - 上次打印时间: 2026-03-20 09:40:56
2026-03-20 09:41:11,738 - INFO - 上次打印价格: 4943.77577074467
2026-03-20 09:41:11,738 - INFO - 当前价格: 4954.199888801897
2026-03-20 09:41:11,739 - INFO - Content-Type: multipart/mixed; boundary="===============6216955540799136608=="
MIME-Version: 1.0
Subject: =?utf-8?b?6buE6YeR5Lu35qC85o+Q6YaSIC0g5Lu35qC85LiK5rao6LaF6L+H5pW05pWw5Y+Y5YyWLOW9k+WJjeS7t+agvDQ5NTQuMTk5ODg4ODAxODk3?=
From: 2741023538@qq.com
To: 2741023538@qq.com

--===============6216955540799136608==
Content-Type: text/plain; charset="utf-8"
MIME-Version: 1.0
Content-Transfer-Encoding: base64

CiAgICAgICAgICAgIOm7hOmHkeS7t+agvOebkeaOp+aPkOmGkgogICAgICAgICAgICDop6blj5Hl
jp/lm6A6IOS7t+agvOS4iua2qOi2hei/h+aVtOaVsOWPmOWMlgogICAgICAgICAgICDlvZPliY3m
l7bpl7Q6IDIwMjYtMDMtMjAgMDk6NDE6MTEKICAgICAgICAgICAg5pWw5o2u5pe26Ze0OiAyMDI2
LTAzLTIwIDA5OjQxOjExCiAgICAgICAgICAgIOW9k+WJjeS7t+agvDogNDk1NC4xOTk4ODg4MDE4
OTcKICAgICAgICAgICAg5bey6Kem5Y+R55uu5qCHOiBbNDk1MF0KCiAgICAgICAgICAgIOS4iuas
oeaJk+WNsOaXtumXtDogMjAyNi0wMy0yMCAwOTo0MToxMQogICAgICAgICAgICDkuIrmrKHmiZPl
jbDku7fmoLw6IDQ5NTQuMTk5ODg4ODAxODk3ICDlvZPliY3ku7fmoLw6IDQ5NTQuMTk5ODg4ODAx
ODk3CiAgICAgICAgICAgIA==

--===============6216955540799136608==--

2026-03-20 09:41:11,979 - INFO - 正在连接到 smtp.qq.com:465
2026-03-20 09:41:11,979 - INFO - 使用用户名: 2741023538@qq.com
2026-03-20 09:41:12,027 - ERROR - 监控异常: 'ascii' codec can't encode characters in position 19-21: ordinal not in range(128)
2026-03-20 09:41:27,039 - INFO - 
============================================================
2026-03-20 09:41:27,039 - INFO - 触发原因: 打印调试
2026-03-20 09:41:27,039 - INFO - 当前时间: 2026-03-20 09:41:27
2026-03-20 09:41:27,039 - INFO - 数据时间: 2026-03-20 09:41:27
2026-03-20 09:41:27,039 - INFO - 当前价格: 4959.419665975924
2026-03-20 09:41:27,040 - INFO - 上次打印时间: 2026-03-20 09:41:11
2026-03-20 09:41:27,040 - INFO - 上次打印价格: 4954.199888801897
2026-03-20 09:41:27,040 - INFO - 当前价格: 4959.419665975924
2026-03-20 09:41:27,040 - INFO - ============================================================

2026-03-20 09:41:37,047 - INFO - 
============================================================
2026-03-20 09:41:37,047 - INFO - 触发原因: 打印调试
2026-03-20 09:41:37,047 - INFO - 当前时间: 2026-03-20 09:41:37
2026-03-20 09:41:37,047 - INFO - 数据时间: 2026-03-20 09:41:37
2026-03-20 09:41:37,048 - INFO - 当前价格: 4953.629745422411
2026-03-20 09:41:37,048 - INFO - 上次打印时间: 2026-03-20 09:41:11
2026-03-20 09:41:37,048 - INFO - 上次打印价格: 4954.199888801897
2026-03-20 09:41:37,048 - INFO - 当前价格: 4953.629745422411
2026-03-20 09:41:37,048 - INFO - ============================================================

2026-03-20 09:41:47,057 - INFO - 
============================================================
2026-03-20 09:41:47,057 - INFO - 触发原因: 打印调试
2026-03-20 09:41:47,057 - INFO - 当前时间: 2026-03-20 09:41:47
2026-03-20 09:41:47,057 - INFO - 数据时间: 2026-03-20 09:41:47
2026-03-20 09:41:47,058 - INFO - 当前价格: 4956.710662234562
2026-03-20 09:41:47,058 - INFO - 上次打印时间: 2026-03-20 09:41:11
2026-03-20 09:41:47,058 - INFO - 上次打印价格: 4954.199888801897
2026-03-20 09:41:47,058 - INFO - 当前价格: 4956.710662234562
2026-03-20 09:41:47,058 - INFO - ============================================================

2026-03-20 09:41:57,066 - INFO - 
============================================================
2026-03-20 09:41:57,066 - INFO - 触发原因: 打印调试
2026-03-20 09:41:57,067 - INFO - 当前时间: 2026-03-20 09:41:57
2026-03-20 09:41:57,067 - INFO - 数据时间: 2026-03-20 09:41:57
2026-03-20 09:41:57,067 - INFO - 当前价格: 4951.962737140253
2026-03-20 09:41:57,067 - INFO - 上次打印时间: 2026-03-20 09:41:11
2026-03-20 09:41:57,067 - INFO - 上次打印价格: 4954.199888801897
2026-03-20 09:41:57,068 - INFO - 当前价格: 4951.962737140253
2026-03-20 09:41:57,068 - INFO - ============================================================

2026-03-20 09:42:07,072 - INFO - 
============================================================
2026-03-20 09:42:07,072 - INFO - 触发原因: 打印调试
2026-03-20 09:42:07,072 - INFO - 当前时间: 2026-03-20 09:42:07
2026-03-20 09:42:07,073 - INFO - 数据时间: 2026-03-20 09:42:07
2026-03-20 09:42:07,073 - INFO - 当前价格: 4955.271620444077
2026-03-20 09:42:07,073 - INFO - 上次打印时间: 2026-03-20 09:41:11
2026-03-20 09:42:07,073 - INFO - 上次打印价格: 4954.199888801897
2026-03-20 09:42:07,073 - INFO - 当前价格: 4955.271620444077
2026-03-20 09:42:07,074 - INFO - ============================================================

2026-03-20 09:42:17,083 - INFO - 
============================================================
2026-03-20 09:42:17,083 - INFO - 触发原因: 打印调试
2026-03-20 09:42:17,084 - INFO - 当前时间: 2026-03-20 09:42:17
2026-03-20 09:42:17,084 - INFO - 数据时间: 2026-03-20 09:42:17
2026-03-20 09:42:17,084 - INFO - 当前价格: 4950.12162872512
2026-03-20 09:42:17,085 - INFO - 上次打印时间: 2026-03-20 09:41:11
2026-03-20 09:42:17,085 - INFO - 上次打印价格: 4954.199888801897
2026-03-20 09:42:17,085 - INFO - 当前价格: 4950.12162872512
2026-03-20 09:42:17,085 - INFO - ============================================================

2026-03-20 09:42:27,089 - INFO - 
============================================================
2026-03-20 09:42:27,089 - INFO - 触发原因: 打印调试
2026-03-20 09:42:27,089 - INFO - 当前时间: 2026-03-20 09:42:27
2026-03-20 09:42:27,090 - INFO - 数据时间: 2026-03-20 09:42:27
2026-03-20 09:42:27,090 - INFO - 当前价格: 4947.180524587437
2026-03-20 09:42:27,090 - INFO - 上次打印时间: 2026-03-20 09:41:11
2026-03-20 09:42:27,090 - INFO - 上次打印价格: 4954.199888801897
2026-03-20 09:42:27,091 - INFO - 当前价格: 4947.180524587437
2026-03-20 09:42:27,091 - INFO - ============================================================

2026-03-20 09:42:37,099 - INFO - 
============================================================
2026-03-20 09:42:37,099 - INFO - 触发原因: 打印调试
2026-03-20 09:42:37,100 - INFO - 当前时间: 2026-03-20 09:42:37
2026-03-20 09:42:37,100 - INFO - 数据时间: 2026-03-20 09:42:37
2026-03-20 09:42:37,100 - INFO - 当前价格: 4950.310324577955
2026-03-20 09:42:37,100 - INFO - 上次打印时间: 2026-03-20 09:41:11
2026-03-20 09:42:37,101 - INFO - 上次打印价格: 4954.199888801897
2026-03-20 09:42:37,101 - INFO - 当前价格: 4950.310324577955
2026-03-20 09:42:37,101 - INFO - ============================================================

2026-03-20 09:42:47,103 - INFO - 
============================================================
2026-03-20 09:42:47,104 - INFO - 触发原因: 打印调试
2026-03-20 09:42:47,104 - INFO - 当前时间: 2026-03-20 09:42:47
2026-03-20 09:42:47,104 - INFO - 数据时间: 2026-03-20 09:42:47
2026-03-20 09:42:47,104 - INFO - 当前价格: 4941.0318508817
2026-03-20 09:42:47,104 - INFO - 上次打印时间: 2026-03-20 09:41:11
2026-03-20 09:42:47,104 - INFO - 上次打印价格: 4954.199888801897
2026-03-20 09:42:47,104 - INFO - 当前价格: 4941.0318508817
2026-03-20 09:42:47,104 - INFO - ============================================================

2026-03-20 09:42:47,105 - INFO - 
============================================================
2026-03-20 09:42:47,105 - INFO - 触发原因: 价格下跌超过整数变化
2026-03-20 09:42:47,105 - INFO - 当前时间: 2026-03-20 09:42:47
2026-03-20 09:42:47,105 - INFO - 数据时间: 2026-03-20 09:42:47
2026-03-20 09:42:47,105 - INFO - 当前价格: 4941.0318508817
2026-03-20 09:42:47,105 - INFO - 上次打印时间: 2026-03-20 09:41:11
2026-03-20 09:42:47,105 - INFO - 上次打印价格: 4954.199888801897
2026-03-20 09:42:47,105 - INFO - 当前价格: 4941.0318508817
2026-03-20 09:42:47,106 - INFO - Content-Type: multipart/mixed; boundary="===============5679263055351751173=="
MIME-Version: 1.0
Subject: =?utf-8?b?6buE6YeR5Lu35qC85o+Q6YaSIC0g5Lu35qC85LiL6LeM6LaF6L+H5pW05pWw5Y+Y5YyWLOW9k+WJjeS7t+agvDQ5NDEuMDMxODUwODgxNw==?=
From: 2741023538@qq.com
To: 2741023538@qq.com

--===============5679263055351751173==
Content-Type: text/plain; charset="utf-8"
MIME-Version: 1.0
Content-Transfer-Encoding: base64

CiAgICAgICAgICAgIOm7hOmHkeS7t+agvOebkeaOp+aPkOmGkgogICAgICAgICAgICDop6blj5Hl
jp/lm6A6IOS7t+agvOS4i+i3jOi2hei/h+aVtOaVsOWPmOWMlgogICAgICAgICAgICDlvZPliY3m
l7bpl7Q6IDIwMjYtMDMtMjAgMDk6NDI6NDcKICAgICAgICAgICAg5pWw5o2u5pe26Ze0OiAyMDI2
LTAzLTIwIDA5OjQyOjQ3CiAgICAgICAgICAgIOW9k+WJjeS7t+agvDogNDk0MS4wMzE4NTA4ODE3
CiAgICAgICAgICAgIOW3suinpuWPkeebruaghzogWzQ5NTBdCgogICAgICAgICAgICDkuIrmrKHm
iZPljbDml7bpl7Q6IDIwMjYtMDMtMjAgMDk6NDI6NDcKICAgICAgICAgICAg5LiK5qyh5omT5Y2w
5Lu35qC8OiA0OTQxLjAzMTg1MDg4MTcgIOW9k+WJjeS7t+agvDogNDk0MS4wMzE4NTA4ODE3CiAg
ICAgICAgICAgIA==

--===============5679263055351751173==--

2026-03-20 09:42:47,382 - INFO - 正在连接到 smtp.qq.com:465
2026-03-20 09:42:47,382 - INFO - 使用用户名: 2741023538@qq.com
2026-03-20 09:42:47,438 - ERROR - 监控异常: 'ascii' codec can't encode characters in position 19-21: ordinal not in range(128)
2026-03-20 09:43:02,445 - INFO - 
============================================================
2026-03-20 09:43:02,445 - INFO - 触发原因: 打印调试
2026-03-20 09:43:02,445 - INFO - 当前时间: 2026-03-20 09:43:02
2026-03-20 09:43:02,446 - INFO - 数据时间: 2026-03-20 09:43:02
2026-03-20 09:43:02,446 - INFO - 当前价格: 4941.8455052189365
2026-03-20 09:43:02,446 - INFO - 上次打印时间: 2026-03-20 09:42:47
2026-03-20 09:43:02,446 - INFO - 上次打印价格: 4941.0318508817
2026-03-20 09:43:02,446 - INFO - 当前价格: 4941.8455052189365
2026-03-20 09:43:02,446 - INFO - ============================================================

2026-03-20 09:43:12,452 - INFO - 
============================================================
2026-03-20 09:43:12,452 - INFO - 触发原因: 打印调试
2026-03-20 09:43:12,452 - INFO - 当前时间: 2026-03-20 09:43:12
2026-03-20 09:43:12,452 - INFO - 数据时间: 2026-03-20 09:43:12
2026-03-20 09:43:12,452 - INFO - 当前价格: 4941.0563323575925
2026-03-20 09:43:12,453 - INFO - 上次打印时间: 2026-03-20 09:42:47
2026-03-20 09:43:12,453 - INFO - 上次打印价格: 4941.0318508817
2026-03-20 09:43:12,453 - INFO - 当前价格: 4941.0563323575925
2026-03-20 09:43:12,453 - INFO - ============================================================

2026-03-20 09:43:22,462 - INFO - 
============================================================
2026-03-20 09:43:22,462 - INFO - 触发原因: 打印调试
2026-03-20 09:43:22,462 - INFO - 当前时间: 2026-03-20 09:43:22
2026-03-20 09:43:22,462 - INFO - 数据时间: 2026-03-20 09:43:22
2026-03-20 09:43:22,462 - INFO - 当前价格: 4948.156217947335
2026-03-20 09:43:22,463 - INFO - 上次打印时间: 2026-03-20 09:42:47
2026-03-20 09:43:22,463 - INFO - 上次打印价格: 4941.0318508817
2026-03-20 09:43:22,463 - INFO - 当前价格: 4948.156217947335
2026-03-20 09:43:22,463 - INFO - ============================================================

2026-03-20 09:43:32,467 - INFO - 
============================================================
2026-03-20 09:43:32,467 - INFO - 触发原因: 打印调试
2026-03-20 09:43:32,467 - INFO - 当前时间: 2026-03-20 09:43:32
2026-03-20 09:43:32,467 - INFO - 数据时间: 2026-03-20 09:43:32
2026-03-20 09:43:32,467 - INFO - 当前价格: 4947.353151743831
2026-03-20 09:43:32,467 - INFO - 上次打印时间: 2026-03-20 09:42:47
2026-03-20 09:43:32,468 - INFO - 上次打印价格: 4941.0318508817
2026-03-20 09:43:32,468 - INFO - 当前价格: 4947.353151743831
2026-03-20 09:43:32,468 - INFO - ============================================================

2026-03-20 09:43:42,476 - INFO - 
============================================================
2026-03-20 09:43:42,476 - INFO - 触发原因: 打印调试
2026-03-20 09:43:42,476 - INFO - 当前时间: 2026-03-20 09:43:42
2026-03-20 09:43:42,476 - INFO - 数据时间: 2026-03-20 09:43:42
2026-03-20 09:43:42,477 - INFO - 当前价格: 4945.400516893012
2026-03-20 09:43:42,477 - INFO - 上次打印时间: 2026-03-20 09:42:47
2026-03-20 09:43:42,477 - INFO - 上次打印价格: 4941.0318508817
2026-03-20 09:43:42,477 - INFO - 当前价格: 4945.400516893012
2026-03-20 09:43:42,477 - INFO - ============================================================

2026-03-20 09:43:52,484 - INFO - 
============================================================
2026-03-20 09:43:52,484 - INFO - 触发原因: 打印调试
2026-03-20 09:43:52,484 - INFO - 当前时间: 2026-03-20 09:43:52
2026-03-20 09:43:52,484 - INFO - 数据时间: 2026-03-20 09:43:52
2026-03-20 09:43:52,484 - INFO - 当前价格: 4954.171272771354
2026-03-20 09:43:52,485 - INFO - 上次打印时间: 2026-03-20 09:42:47
2026-03-20 09:43:52,485 - INFO - 上次打印价格: 4941.0318508817
2026-03-20 09:43:52,485 - INFO - 当前价格: 4954.171272771354
2026-03-20 09:43:52,485 - INFO - ============================================================

2026-03-20 09:43:52,485 - INFO - 
============================================================
2026-03-20 09:43:52,485 - INFO - 触发原因: 价格上涨超过整数变化
2026-03-20 09:43:52,485 - INFO - 当前时间: 2026-03-20 09:43:52
2026-03-20 09:43:52,485 - INFO - 数据时间: 2026-03-20 09:43:52
2026-03-20 09:43:52,485 - INFO - 当前价格: 4954.171272771354
2026-03-20 09:43:52,486 - INFO - 上次打印时间: 2026-03-20 09:42:47
2026-03-20 09:43:52,486 - INFO - 上次打印价格: 4941.0318508817
2026-03-20 09:43:52,486 - INFO - 当前价格: 4954.171272771354
2026-03-20 09:43:52,486 - INFO - Content-Type: multipart/mixed; boundary="===============3404889481036586665=="
MIME-Version: 1.0
Subject: =?utf-8?b?6buE6YeR5Lu35qC85o+Q6YaSIC0g5Lu35qC85LiK5rao6LaF6L+H5pW05pWw5Y+Y5YyWLOW9k+WJjeS7t+agvDQ5NTQuMTcxMjcyNzcxMzU0?=
From: 2741023538@qq.com
To: 2741023538@qq.com

--===============3404889481036586665==
Content-Type: text/plain; charset="utf-8"
MIME-Version: 1.0
Content-Transfer-Encoding: base64

CiAgICAgICAgICAgIOm7hOmHkeS7t+agvOebkeaOp+aPkOmGkgogICAgICAgICAgICDop6blj5Hl
jp/lm6A6IOS7t+agvOS4iua2qOi2hei/h+aVtOaVsOWPmOWMlgogICAgICAgICAgICDlvZPliY3m
l7bpl7Q6IDIwMjYtMDMtMjAgMDk6NDM6NTIKICAgICAgICAgICAg5pWw5o2u5pe26Ze0OiAyMDI2
LTAzLTIwIDA5OjQzOjUyCiAgICAgICAgICAgIOW9k+WJjeS7t+agvDogNDk1NC4xNzEyNzI3NzEz
NTQKICAgICAgICAgICAg5bey6Kem5Y+R55uu5qCHOiBbNDk1MF0KCiAgICAgICAgICAgIOS4iuas
oeaJk+WNsOaXtumXtDogMjAyNi0wMy0yMCAwOTo0Mzo1MgogICAgICAgICAgICDkuIrmrKHmiZPl
jbDku7fmoLw6IDQ5NTQuMTcxMjcyNzcxMzU0ICDlvZPliY3ku7fmoLw6IDQ5NTQuMTcxMjcyNzcx
MzU0CiAgICAgICAgICAgIA==

--===============3404889481036586665==--

2026-03-20 09:43:52,730 - INFO - 正在连接到 smtp.qq.com:465
2026-03-20 09:43:52,731 - INFO - 使用用户名: 2741023538@qq.com
2026-03-20 09:43:52,786 - ERROR - 监控异常: 'ascii' codec can't encode characters in position 19-21: ordinal not in range(128)
2026-03-20 09:44:07,798 - INFO - 
============================================================
2026-03-20 09:44:07,798 - INFO - 触发原因: 打印调试
2026-03-20 09:44:07,798 - INFO - 当前时间: 2026-03-20 09:44:07
2026-03-20 09:44:07,799 - INFO - 数据时间: 2026-03-20 09:44:07
2026-03-20 09:44:07,799 - INFO - 当前价格: 4941.50203571936
2026-03-20 09:44:07,799 - INFO - 上次打印时间: 2026-03-20 09:43:52
2026-03-20 09:44:07,799 - INFO - 上次打印价格: 4954.171272771354
2026-03-20 09:44:07,799 - INFO - 当前价格: 4941.50203571936
2026-03-20 09:44:07,799 - INFO - ============================================================

2026-03-20 09:44:07,799 - INFO - 
============================================================
2026-03-20 09:44:07,799 - INFO - 触发原因: 价格下跌超过整数变化
2026-03-20 09:44:07,800 - INFO - 当前时间: 2026-03-20 09:44:07
2026-03-20 09:44:07,800 - INFO - 数据时间: 2026-03-20 09:44:07
2026-03-20 09:44:07,800 - INFO - 当前价格: 4941.50203571936
2026-03-20 09:44:07,800 - INFO - 上次打印时间: 2026-03-20 09:43:52
2026-03-20 09:44:07,800 - INFO - 上次打印价格: 4954.171272771354
2026-03-20 09:44:07,800 - INFO - 当前价格: 4941.50203571936
2026-03-20 09:44:07,801 - INFO - Content-Type: multipart/mixed; boundary="===============7011666876477920959=="
MIME-Version: 1.0
Subject: =?utf-8?b?6buE6YeR5Lu35qC85o+Q6YaSIC0g5Lu35qC85LiL6LeM6LaF6L+H5pW05pWw5Y+Y5YyWLOW9k+WJjeS7t+agvDQ5NDEuNTAyMDM1NzE5MzY=?=
From: 2741023538@qq.com
To: 2741023538@qq.com

--===============7011666876477920959==
Content-Type: text/plain; charset="utf-8"
MIME-Version: 1.0
Content-Transfer-Encoding: base64

CiAgICAgICAgICAgIOm7hOmHkeS7t+agvOebkeaOp+aPkOmGkgogICAgICAgICAgICDop6blj5Hl
jp/lm6A6IOS7t+agvOS4i+i3jOi2hei/h+aVtOaVsOWPmOWMlgogICAgICAgICAgICDlvZPliY3m
l7bpl7Q6IDIwMjYtMDMtMjAgMDk6NDQ6MDcKICAgICAgICAgICAg5pWw5o2u5pe26Ze0OiAyMDI2
LTAzLTIwIDA5OjQ0OjA3CiAgICAgICAgICAgIOW9k+WJjeS7t+agvDogNDk0MS41MDIwMzU3MTkz
NgogICAgICAgICAgICDlt7Lop6blj5Hnm67moIc6IFs0OTUwXQoKICAgICAgICAgICAg5LiK5qyh
5omT5Y2w5pe26Ze0OiAyMDI2LTAzLTIwIDA5OjQ0OjA3CiAgICAgICAgICAgIOS4iuasoeaJk+WN
sOS7t+agvDogNDk0MS41MDIwMzU3MTkzNiAg5b2T5YmN5Lu35qC8OiA0OTQxLjUwMjAzNTcxOTM2
CiAgICAgICAgICAgIA==

--===============7011666876477920959==--

2026-03-20 09:44:08,039 - INFO - 正在连接到 smtp.qq.com:465
2026-03-20 09:44:08,039 - INFO - 使用用户名: 2741023538@qq.com
2026-03-20 09:44:08,100 - ERROR - 监控异常: 'ascii' codec can't encode characters in position 19-21: ordinal not in range(128)
2026-03-20 09:44:23,116 - INFO - 
============================================================
2026-03-20 09:44:23,116 - INFO - 触发原因: 打印调试
2026-03-20 09:44:23,116 - INFO - 当前时间: 2026-03-20 09:44:23
2026-03-20 09:44:23,116 - INFO - 数据时间: 2026-03-20 09:44:23
2026-03-20 09:44:23,116 - INFO - 当前价格: 4951.759705555101
2026-03-20 09:44:23,116 - INFO - 上次打印时间: 2026-03-20 09:44:07
2026-03-20 09:44:23,116 - INFO - 上次打印价格: 4941.50203571936
2026-03-20 09:44:23,116 - INFO - 当前价格: 4951.759705555101
2026-03-20 09:44:23,117 - INFO - ============================================================

2026-03-20 09:44:23,117 - INFO - 
============================================================
2026-03-20 09:44:23,117 - INFO - 触发原因: 价格上涨超过整数变化
2026-03-20 09:44:23,117 - INFO - 当前时间: 2026-03-20 09:44:23
2026-03-20 09:44:23,117 - INFO - 数据时间: 2026-03-20 09:44:23
2026-03-20 09:44:23,117 - INFO - 当前价格: 4951.759705555101
2026-03-20 09:44:23,117 - INFO - 上次打印时间: 2026-03-20 09:44:07
2026-03-20 09:44:23,117 - INFO - 上次打印价格: 4941.50203571936
2026-03-20 09:44:23,117 - INFO - 当前价格: 4951.759705555101
2026-03-20 09:44:23,118 - INFO - Content-Type: multipart/mixed; boundary="===============7069838253123826087=="
MIME-Version: 1.0
Subject: =?utf-8?b?6buE6YeR5Lu35qC85o+Q6YaSIC0g5Lu35qC85LiK5rao6LaF6L+H5pW05pWw5Y+Y5YyWLOW9k+WJjeS7t+agvDQ5NTEuNzU5NzA1NTU1MTAx?=
From: 2741023538@qq.com
To: 2741023538@qq.com

--===============7069838253123826087==
Content-Type: text/plain; charset="utf-8"
MIME-Version: 1.0
Content-Transfer-Encoding: base64

CiAgICAgICAgICAgIOm7hOmHkeS7t+agvOebkeaOp+aPkOmGkgogICAgICAgICAgICDop6blj5Hl
jp/lm6A6IOS7t+agvOS4iua2qOi2hei/h+aVtOaVsOWPmOWMlgogICAgICAgICAgICDlvZPliY3m
l7bpl7Q6IDIwMjYtMDMtMjAgMDk6NDQ6MjMKICAgICAgICAgICAg5pWw5o2u5pe26Ze0OiAyMDI2
LTAzLTIwIDA5OjQ0OjIzCiAgICAgICAgICAgIOW9k+WJjeS7t+agvDogNDk1MS43NTk3MDU1NTUx
MDEKICAgICAgICAgICAg5bey6Kem5Y+R55uu5qCHOiBbNDk1MF0KCiAgICAgICAgICAgIOS4iuas
oeaJk+WNsOaXtumXtDogMjAyNi0wMy0yMCAwOTo0NDoyMwogICAgICAgICAgICDkuIrmrKHmiZPl
jbDku7fmoLw6IDQ5NTEuNzU5NzA1NTU1MTAxICDlvZPliY3ku7fmoLw6IDQ5NTEuNzU5NzA1NTU1
MTAxCiAgICAgICAgICAgIA==

--===============7069838253123826087==--

2026-03-20 09:44:23,379 - INFO - 正在连接到 smtp.qq.com:465
2026-03-20 09:44:23,379 - INFO - 使用用户名: 2741023538@qq.com
2026-03-20 09:44:23,435 - ERROR - 监控异常: 'ascii' codec can't encode characters in position 19-21: ordinal not in range(128)
2026-03-20 09:44:38,446 - INFO - 
============================================================
2026-03-20 09:44:38,446 - INFO - 触发原因: 打印调试
2026-03-20 09:44:38,447 - INFO - 当前时间: 2026-03-20 09:44:38
2026-03-20 09:44:38,447 - INFO - 数据时间: 2026-03-20 09:44:38
2026-03-20 09:44:38,447 - INFO - 当前价格: 4941.610658729964
2026-03-20 09:44:38,447 - INFO - 上次打印时间: 2026-03-20 09:44:23
2026-03-20 09:44:38,447 - INFO - 上次打印价格: 4951.759705555101
2026-03-20 09:44:38,447 - INFO - 当前价格: 4941.610658729964
2026-03-20 09:44:38,448 - INFO - ============================================================

2026-03-20 09:44:38,448 - INFO - 
============================================================
2026-03-20 09:44:38,448 - INFO - 触发原因: 价格下跌超过整数变化
2026-03-20 09:44:38,448 - INFO - 当前时间: 2026-03-20 09:44:38
2026-03-20 09:44:38,448 - INFO - 数据时间: 2026-03-20 09:44:38
2026-03-20 09:44:38,448 - INFO - 当前价格: 4941.610658729964
2026-03-20 09:44:38,448 - INFO - 上次打印时间: 2026-03-20 09:44:23
2026-03-20 09:44:38,448 - INFO - 上次打印价格: 4951.759705555101
2026-03-20 09:44:38,449 - INFO - 当前价格: 4941.610658729964
2026-03-20 09:44:38,449 - INFO - Content-Type: multipart/mixed; boundary="===============7611275241095484106=="
MIME-Version: 1.0
Subject: =?utf-8?b?6buE6YeR5Lu35qC85o+Q6YaSIC0g5Lu35qC85LiL6LeM6LaF6L+H5pW05pWw5Y+Y5YyWLOW9k+WJjeS7t+agvDQ5NDEuNjEwNjU4NzI5OTY0?=
From: 2741023538@qq.com
To: 2741023538@qq.com

--===============7611275241095484106==
Content-Type: text/plain; charset="utf-8"
MIME-Version: 1.0
Content-Transfer-Encoding: base64

CiAgICAgICAgICAgIOm7hOmHkeS7t+agvOebkeaOp+aPkOmGkgogICAgICAgICAgICDop6blj5Hl
jp/lm6A6IOS7t+agvOS4i+i3jOi2hei/h+aVtOaVsOWPmOWMlgogICAgICAgICAgICDlvZPliY3m
l7bpl7Q6IDIwMjYtMDMtMjAgMDk6NDQ6MzgKICAgICAgICAgICAg5pWw5o2u5pe26Ze0OiAyMDI2
LTAzLTIwIDA5OjQ0OjM4CiAgICAgICAgICAgIOW9k+WJjeS7t+agvDogNDk0MS42MTA2NTg3Mjk5
NjQKICAgICAgICAgICAg5bey6Kem5Y+R55uu5qCHOiBbNDk1MF0KCiAgICAgICAgICAgIOS4iuas
oeaJk+WNsOaXtumXtDogMjAyNi0wMy0yMCAwOTo0NDozOAogICAgICAgICAgICDkuIrmrKHmiZPl
jbDku7fmoLw6IDQ5NDEuNjEwNjU4NzI5OTY0ICDlvZPliY3ku7fmoLw6IDQ5NDEuNjEwNjU4NzI5
OTY0CiAgICAgICAgICAgIA==

--===============7611275241095484106==--

2026-03-20 09:44:38,709 - INFO - 正在连接到 smtp.qq.com:465
2026-03-20 09:44:38,709 - INFO - 使用用户名: 2741023538@qq.com
2026-03-20 09:44:38,772 - ERROR - 监控异常: 'ascii' codec can't encode characters in position 19-21: ordinal not in range(128)
2026-03-20 09:44:53,785 - INFO - 
============================================================
2026-03-20 09:44:53,785 - INFO - 触发原因: 打印调试
2026-03-20 09:44:53,785 - INFO - 当前时间: 2026-03-20 09:44:53
2026-03-20 09:44:53,785 - INFO - 数据时间: 2026-03-20 09:44:53
2026-03-20 09:44:53,786 - INFO - 当前价格: 4950.008727740026
2026-03-20 09:44:53,786 - INFO - 上次打印时间: 2026-03-20 09:44:38
2026-03-20 09:44:53,786 - INFO - 上次打印价格: 4941.610658729964
2026-03-20 09:44:53,786 - INFO - 当前价格: 4950.008727740026
2026-03-20 09:44:53,786 - INFO - ============================================================

2026-03-20 09:45:03,795 - INFO - 
============================================================
2026-03-20 09:45:03,795 - INFO - 触发原因: 打印调试
2026-03-20 09:45:03,795 - INFO - 当前时间: 2026-03-20 09:45:03
2026-03-20 09:45:03,796 - INFO - 数据时间: 2026-03-20 09:45:03
2026-03-20 09:45:03,796 - INFO - 当前价格: 4954.077850643549
2026-03-20 09:45:03,796 - INFO - 上次打印时间: 2026-03-20 09:44:38
2026-03-20 09:45:03,796 - INFO - 上次打印价格: 4941.610658729964
2026-03-20 09:45:03,796 - INFO - 当前价格: 4954.077850643549
2026-03-20 09:45:03,796 - INFO - ============================================================

2026-03-20 09:45:03,796 - INFO - 
============================================================
2026-03-20 09:45:03,796 - INFO - 触发原因: 价格上涨超过整数变化
2026-03-20 09:45:03,797 - INFO - 当前时间: 2026-03-20 09:45:03
2026-03-20 09:45:03,797 - INFO - 数据时间: 2026-03-20 09:45:03
2026-03-20 09:45:03,797 - INFO - 当前价格: 4954.077850643549
2026-03-20 09:45:03,797 - INFO - 上次打印时间: 2026-03-20 09:44:38
2026-03-20 09:45:03,797 - INFO - 上次打印价格: 4941.610658729964
2026-03-20 09:45:03,797 - INFO - 当前价格: 4954.077850643549
2026-03-20 09:45:03,798 - INFO - Content-Type: multipart/mixed; boundary="===============6239323175050761498=="
MIME-Version: 1.0
Subject: =?utf-8?b?6buE6YeR5Lu35qC85o+Q6YaSIC0g5Lu35qC85LiK5rao6LaF6L+H5pW05pWw5Y+Y5YyWLOW9k+WJjeS7t+agvDQ5NTQuMDc3ODUwNjQzNTQ5?=
From: 2741023538@qq.com
To: 2741023538@qq.com

--===============6239323175050761498==
Content-Type: text/plain; charset="utf-8"
MIME-Version: 1.0
Content-Transfer-Encoding: base64

CiAgICAgICAgICAgIOm7hOmHkeS7t+agvOebkeaOp+aPkOmGkgogICAgICAgICAgICDop6blj5Hl
jp/lm6A6IOS7t+agvOS4iua2qOi2hei/h+aVtOaVsOWPmOWMlgogICAgICAgICAgICDlvZPliY3m
l7bpl7Q6IDIwMjYtMDMtMjAgMDk6NDU6MDMKICAgICAgICAgICAg5pWw5o2u5pe26Ze0OiAyMDI2
LTAzLTIwIDA5OjQ1OjAzCiAgICAgICAgICAgIOW9k+WJjeS7t+agvDogNDk1NC4wNzc4NTA2NDM1
NDkKICAgICAgICAgICAg5bey6Kem5Y+R55uu5qCHOiBbNDk1MF0KCiAgICAgICAgICAgIOS4iuas
oeaJk+WNsOaXtumXtDogMjAyNi0wMy0yMCAwOTo0NTowMwogICAgICAgICAgICDkuIrmrKHmiZPl
jbDku7fmoLw6IDQ5NTQuMDc3ODUwNjQzNTQ5ICDlvZPliY3ku7fmoLw6IDQ5NTQuMDc3ODUwNjQz
NTQ5CiAgICAgICAgICAgIA==

--===============6239323175050761498==--

2026-03-20 09:45:04,051 - INFO - 正在连接到 smtp.qq.com:465
2026-03-20 09:45:04,051 - INFO - 使用用户名: 2741023538@qq.com
2026-03-20 09:45:04,107 - ERROR - 监控异常: 'ascii' codec can't encode characters in position 19-21: ordinal not in range(128)
2026-03-20 09:45:19,120 - INFO - 
============================================================
2026-03-20 09:45:19,120 - INFO - 触发原因: 打印调试
2026-03-20 09:45:19,120 - INFO - 当前时间: 2026-03-20 09:45:19
2026-03-20 09:45:19,121 - INFO - 数据时间: 2026-03-20 09:45:19
2026-03-20 09:45:19,121 - INFO - 当前价格: 4950.982100026068
2026-03-20 09:45:19,121 - INFO - 上次打印时间: 2026-03-20 09:45:03
2026-03-20 09:45:19,121 - INFO - 上次打印价格: 4954.077850643549
2026-03-20 09:45:19,121 - INFO - 当前价格: 4950.982100026068
2026-03-20 09:45:19,121 - INFO - ============================================================

2026-03-20 09:45:29,122 - INFO - 
============================================================
2026-03-20 09:45:29,122 - INFO - 触发原因: 打印调试
2026-03-20 09:45:29,123 - INFO - 当前时间: 2026-03-20 09:45:29
2026-03-20 09:45:29,123 - INFO - 数据时间: 2026-03-20 09:45:29
2026-03-20 09:45:29,123 - INFO - 当前价格: 4947.525306961645
2026-03-20 09:45:29,123 - INFO - 上次打印时间: 2026-03-20 09:45:03
2026-03-20 09:45:29,123 - INFO - 上次打印价格: 4954.077850643549
2026-03-20 09:45:29,123 - INFO - 当前价格: 4947.525306961645
2026-03-20 09:45:29,123 - INFO - ============================================================

2026-03-20 09:45:39,125 - INFO - 
============================================================
2026-03-20 09:45:39,125 - INFO - 触发原因: 打印调试
2026-03-20 09:45:39,125 - INFO - 当前时间: 2026-03-20 09:45:39
2026-03-20 09:45:39,126 - INFO - 数据时间: 2026-03-20 09:45:39
2026-03-20 09:45:39,126 - INFO - 当前价格: 4940.545318731842
2026-03-20 09:45:39,126 - INFO - 上次打印时间: 2026-03-20 09:45:03
2026-03-20 09:45:39,126 - INFO - 上次打印价格: 4954.077850643549
2026-03-20 09:45:39,126 - INFO - 当前价格: 4940.545318731842
2026-03-20 09:45:39,126 - INFO - ============================================================

2026-03-20 09:45:39,126 - INFO - 
============================================================
2026-03-20 09:45:39,126 - INFO - 触发原因: 价格下跌超过整数变化
2026-03-20 09:45:39,127 - INFO - 当前时间: 2026-03-20 09:45:39
2026-03-20 09:45:39,127 - INFO - 数据时间: 2026-03-20 09:45:39
2026-03-20 09:45:39,127 - INFO - 当前价格: 4940.545318731842
2026-03-20 09:45:39,127 - INFO - 上次打印时间: 2026-03-20 09:45:03
2026-03-20 09:45:39,127 - INFO - 上次打印价格: 4954.077850643549
2026-03-20 09:45:39,127 - INFO - 当前价格: 4940.545318731842
2026-03-20 09:45:39,128 - INFO - Content-Type: multipart/mixed; boundary="===============1473001571356520817=="
MIME-Version: 1.0
Subject: =?utf-8?b?6buE6YeR5Lu35qC85o+Q6YaSIC0g5Lu35qC85LiL6LeM6LaF6L+H5pW05pWw5Y+Y5YyWLOW9k+WJjeS7t+agvDQ5NDAuNTQ1MzE4NzMxODQy?=
From: 2741023538@qq.com
To: 2741023538@qq.com

--===============1473001571356520817==
Content-Type: text/plain; charset="utf-8"
MIME-Version: 1.0
Content-Transfer-Encoding: base64

CiAgICAgICAgICAgIOm7hOmHkeS7t+agvOebkeaOp+aPkOmGkgogICAgICAgICAgICDop6blj5Hl
jp/lm6A6IOS7t+agvOS4i+i3jOi2hei/h+aVtOaVsOWPmOWMlgogICAgICAgICAgICDlvZPliY3m
l7bpl7Q6IDIwMjYtMDMtMjAgMDk6NDU6MzkKICAgICAgICAgICAg5pWw5o2u5pe26Ze0OiAyMDI2
LTAzLTIwIDA5OjQ1OjM5CiAgICAgICAgICAgIOW9k+WJjeS7t+agvDogNDk0MC41NDUzMTg3MzE4
NDIKICAgICAgICAgICAg5bey6Kem5Y+R55uu5qCHOiBbNDk1MF0KCiAgICAgICAgICAgIOS4iuas
oeaJk+WNsOaXtumXtDogMjAyNi0wMy0yMCAwOTo0NTozOQogICAgICAgICAgICDkuIrmrKHmiZPl
jbDku7fmoLw6IDQ5NDAuNTQ1MzE4NzMxODQyICDlvZPliY3ku7fmoLw6IDQ5NDAuNTQ1MzE4NzMx
ODQyCiAgICAgICAgICAgIA==

--===============1473001571356520817==--

2026-03-20 09:45:39,392 - INFO - 正在连接到 smtp.qq.com:465
2026-03-20 09:45:39,392 - INFO - 使用用户名: 2741023538@qq.com
2026-03-20 09:45:39,449 - ERROR - 监控异常: 'ascii' codec can't encode characters in position 19-21: ordinal not in range(128)
2026-03-20 09:45:54,466 - INFO - 
============================================================
2026-03-20 09:45:54,466 - INFO - 触发原因: 打印调试
2026-03-20 09:45:54,466 - INFO - 当前时间: 2026-03-20 09:45:54
2026-03-20 09:45:54,466 - INFO - 数据时间: 2026-03-20 09:45:54
2026-03-20 09:45:54,466 - INFO - 当前价格: 4942.272056406055
2026-03-20 09:45:54,466 - INFO - 上次打印时间: 2026-03-20 09:45:39
2026-03-20 09:45:54,466 - INFO - 上次打印价格: 4940.545318731842
2026-03-20 09:45:54,467 - INFO - 当前价格: 4942.272056406055
2026-03-20 09:45:54,467 - INFO - ============================================================

2026-03-20 09:46:04,470 - INFO - 
============================================================
2026-03-20 09:46:04,471 - INFO - 触发原因: 打印调试
2026-03-20 09:46:04,471 - INFO - 当前时间: 2026-03-20 09:46:04
2026-03-20 09:46:04,471 - INFO - 数据时间: 2026-03-20 09:46:04
2026-03-20 09:46:04,471 - INFO - 当前价格: 4944.029348069958
2026-03-20 09:46:04,471 - INFO - 上次打印时间: 2026-03-20 09:45:39
2026-03-20 09:46:04,471 - INFO - 上次打印价格: 4940.545318731842
2026-03-20 09:46:04,471 - INFO - 当前价格: 4944.029348069958
2026-03-20 09:46:04,471 - INFO - ============================================================

2026-03-20 09:46:14,473 - INFO - 
============================================================
2026-03-20 09:46:14,473 - INFO - 触发原因: 打印调试
2026-03-20 09:46:14,473 - INFO - 当前时间: 2026-03-20 09:46:14
2026-03-20 09:46:14,474 - INFO - 数据时间: 2026-03-20 09:46:14
2026-03-20 09:46:14,474 - INFO - 当前价格: 4958.7634859267255
2026-03-20 09:46:14,474 - INFO - 上次打印时间: 2026-03-20 09:45:39
2026-03-20 09:46:14,474 - INFO - 上次打印价格: 4940.545318731842
2026-03-20 09:46:14,474 - INFO - 当前价格: 4958.7634859267255
2026-03-20 09:46:14,474 - INFO - ============================================================

2026-03-20 09:46:14,475 - INFO - 
============================================================
2026-03-20 09:46:14,475 - INFO - 触发原因: 价格上涨超过整数变化
2026-03-20 09:46:14,475 - INFO - 当前时间: 2026-03-20 09:46:14
2026-03-20 09:46:14,475 - INFO - 数据时间: 2026-03-20 09:46:14
2026-03-20 09:46:14,475 - INFO - 当前价格: 4958.7634859267255
2026-03-20 09:46:14,476 - INFO - 上次打印时间: 2026-03-20 09:45:39
2026-03-20 09:46:14,476 - INFO - 上次打印价格: 4940.545318731842
2026-03-20 09:46:14,476 - INFO - 当前价格: 4958.7634859267255
2026-03-20 09:46:14,477 - INFO - Content-Type: multipart/mixed; boundary="===============8920590973055192370=="
MIME-Version: 1.0
Subject: =?utf-8?b?6buE6YeR5Lu35qC85o+Q6YaSIC0g5Lu35qC85LiK5rao6LaF6L+H5pW05pWw5Y+Y5YyWLOW9k+WJjeS7t+agvDQ5NTguNzYzNDg1OTI2NzI1NQ==?=
From: 2741023538@qq.com
To: 2741023538@qq.com

--===============8920590973055192370==
Content-Type: text/plain; charset="utf-8"
MIME-Version: 1.0
Content-Transfer-Encoding: base64

CiAgICAgICAgICAgIOm7hOmHkeS7t+agvOebkeaOp+aPkOmGkgogICAgICAgICAgICDop6blj5Hl
jp/lm6A6IOS7t+agvOS4iua2qOi2hei/h+aVtOaVsOWPmOWMlgogICAgICAgICAgICDlvZPliY3m
l7bpl7Q6IDIwMjYtMDMtMjAgMDk6NDY6MTQKICAgICAgICAgICAg5pWw5o2u5pe26Ze0OiAyMDI2
LTAzLTIwIDA5OjQ2OjE0CiAgICAgICAgICAgIOW9k+WJjeS7t+agvDogNDk1OC43NjM0ODU5MjY3
MjU1CiAgICAgICAgICAgIOW3suinpuWPkeebruaghzogWzQ5NTBdCgogICAgICAgICAgICDkuIrm
rKHmiZPljbDml7bpl7Q6IDIwMjYtMDMtMjAgMDk6NDY6MTQKICAgICAgICAgICAg5LiK5qyh5omT
5Y2w5Lu35qC8OiA0OTU4Ljc2MzQ4NTkyNjcyNTUgIOW9k+WJjeS7t+agvDogNDk1OC43NjM0ODU5
MjY3MjU1CiAgICAgICAgICAgIA==

--===============8920590973055192370==--

2026-03-20 09:46:14,705 - INFO - 正在连接到 smtp.qq.com:465
2026-03-20 09:46:14,706 - INFO - 使用用户名: 2741023538@qq.com
2026-03-20 09:46:14,770 - ERROR - 监控异常: 'ascii' codec can't encode characters in position 19-21: ordinal not in range(128)
2026-03-20 09:46:29,778 - INFO - 
============================================================
2026-03-20 09:46:29,778 - INFO - 触发原因: 打印调试
2026-03-20 09:46:29,778 - INFO - 当前时间: 2026-03-20 09:46:29
2026-03-20 09:46:29,779 - INFO - 数据时间: 2026-03-20 09:46:29
2026-03-20 09:46:29,779 - INFO - 当前价格: 4951.565798678054
2026-03-20 09:46:29,779 - INFO - 上次打印时间: 2026-03-20 09:46:14
2026-03-20 09:46:29,779 - INFO - 上次打印价格: 4958.7634859267255
2026-03-20 09:46:29,779 - INFO - 当前价格: 4951.565798678054
2026-03-20 09:46:29,779 - INFO - ============================================================

2026-03-20 09:46:39,786 - INFO - 
============================================================
2026-03-20 09:46:39,787 - INFO - 触发原因: 打印调试
2026-03-20 09:46:39,787 - INFO - 当前时间: 2026-03-20 09:46:39
2026-03-20 09:46:39,787 - INFO - 数据时间: 2026-03-20 09:46:39
2026-03-20 09:46:39,787 - INFO - 当前价格: 4954.399344462089
2026-03-20 09:46:39,788 - INFO - 上次打印时间: 2026-03-20 09:46:14
2026-03-20 09:46:39,788 - INFO - 上次打印价格: 4958.7634859267255
2026-03-20 09:46:39,788 - INFO - 当前价格: 4954.399344462089
2026-03-20 09:46:39,788 - INFO - ============================================================

2026-03-20 09:46:49,798 - INFO - 
============================================================
2026-03-20 09:46:49,798 - INFO - 触发原因: 打印调试
2026-03-20 09:46:49,798 - INFO - 当前时间: 2026-03-20 09:46:49
2026-03-20 09:46:49,799 - INFO - 数据时间: 2026-03-20 09:46:49
2026-03-20 09:46:49,799 - INFO - 当前价格: 4956.399808966753
2026-03-20 09:46:49,799 - INFO - 上次打印时间: 2026-03-20 09:46:14
2026-03-20 09:46:49,799 - INFO - 上次打印价格: 4958.7634859267255
2026-03-20 09:46:49,799 - INFO - 当前价格: 4956.399808966753
2026-03-20 09:46:49,799 - INFO - ============================================================

2026-03-20 09:46:59,810 - INFO - 
============================================================
2026-03-20 09:46:59,810 - INFO - 触发原因: 打印调试
2026-03-20 09:46:59,811 - INFO - 当前时间: 2026-03-20 09:46:59
2026-03-20 09:46:59,811 - INFO - 数据时间: 2026-03-20 09:46:59
2026-03-20 09:46:59,811 - INFO - 当前价格: 4943.458336293324
2026-03-20 09:46:59,811 - INFO - 上次打印时间: 2026-03-20 09:46:14
2026-03-20 09:46:59,811 - INFO - 上次打印价格: 4958.7634859267255
2026-03-20 09:46:59,811 - INFO - 当前价格: 4943.458336293324
2026-03-20 09:46:59,811 - INFO - ============================================================

2026-03-20 09:46:59,812 - INFO - 
============================================================
2026-03-20 09:46:59,812 - INFO - 触发原因: 价格下跌超过整数变化
2026-03-20 09:46:59,812 - INFO - 当前时间: 2026-03-20 09:46:59
2026-03-20 09:46:59,812 - INFO - 数据时间: 2026-03-20 09:46:59
2026-03-20 09:46:59,812 - INFO - 当前价格: 4943.458336293324
2026-03-20 09:46:59,812 - INFO - 上次打印时间: 2026-03-20 09:46:14
2026-03-20 09:46:59,813 - INFO - 上次打印价格: 4958.7634859267255
2026-03-20 09:46:59,813 - INFO - 当前价格: 4943.458336293324
2026-03-20 09:46:59,814 - INFO - Content-Type: multipart/mixed; boundary="===============7553728161470665780=="
MIME-Version: 1.0
Subject: =?utf-8?b?6buE6YeR5Lu35qC85o+Q6YaSIC0g5Lu35qC85LiL6LeM6LaF6L+H5pW05pWw5Y+Y5YyWLOW9k+WJjeS7t+agvDQ5NDMuNDU4MzM2MjkzMzI0?=
From: 2741023538@qq.com
To: 2741023538@qq.com

--===============7553728161470665780==
Content-Type: text/plain; charset="utf-8"
MIME-Version: 1.0
Content-Transfer-Encoding: base64

CiAgICAgICAgICAgIOm7hOmHkeS7t+agvOebkeaOp+aPkOmGkgogICAgICAgICAgICDop6blj5Hl
jp/lm6A6IOS7t+agvOS4i+i3jOi2hei/h+aVtOaVsOWPmOWMlgogICAgICAgICAgICDlvZPliY3m
l7bpl7Q6IDIwMjYtMDMtMjAgMDk6NDY6NTkKICAgICAgICAgICAg5pWw5o2u5pe26Ze0OiAyMDI2
LTAzLTIwIDA5OjQ2OjU5CiAgICAgICAgICAgIOW9k+WJjeS7t+agvDogNDk0My40NTgzMzYyOTMz
MjQKICAgICAgICAgICAg5bey6Kem5Y+R55uu5qCHOiBbNDk1MF0KCiAgICAgICAgICAgIOS4iuas
oeaJk+WNsOaXtumXtDogMjAyNi0wMy0yMCAwOTo0Njo1OQogICAgICAgICAgICDkuIrmrKHmiZPl
jbDku7fmoLw6IDQ5NDMuNDU4MzM2MjkzMzI0ICDlvZPliY3ku7fmoLw6IDQ5NDMuNDU4MzM2Mjkz
MzI0CiAgICAgICAgICAgIA==

--===============7553728161470665780==--

2026-03-20 09:47:00,067 - INFO - 正在连接到 smtp.qq.com:465
2026-03-20 09:47:00,067 - INFO - 使用用户名: 2741023538@qq.com
2026-03-20 09:47:00,130 - ERROR - 监控异常: 'ascii' codec can't encode characters in position 19-21: ordinal not in range(128)
2026-03-20 09:47:15,148 - INFO - 
============================================================
2026-03-20 09:47:15,149 - INFO - 触发原因: 打印调试
2026-03-20 09:47:15,149 - INFO - 当前时间: 2026-03-20 09:47:15
2026-03-20 09:47:15,149 - INFO - 数据时间: 2026-03-20 09:47:15
2026-03-20 09:47:15,149 - INFO - 当前价格: 4949.898235850155
2026-03-20 09:47:15,150 - INFO - 上次打印时间: 2026-03-20 09:46:59
2026-03-20 09:47:15,150 - INFO - 上次打印价格: 4943.458336293324
2026-03-20 09:47:15,150 - INFO - 当前价格: 4949.898235850155
2026-03-20 09:47:15,150 - INFO - ============================================================

2026-03-20 09:47:25,155 - INFO - 
============================================================
2026-03-20 09:47:25,156 - INFO - 触发原因: 打印调试
2026-03-20 09:47:25,156 - INFO - 当前时间: 2026-03-20 09:47:25
2026-03-20 09:47:25,156 - INFO - 数据时间: 2026-03-20 09:47:25
2026-03-20 09:47:25,156 - INFO - 当前价格: 4957.818741001642
2026-03-20 09:47:25,156 - INFO - 上次打印时间: 2026-03-20 09:46:59
2026-03-20 09:47:25,156 - INFO - 上次打印价格: 4943.458336293324
2026-03-20 09:47:25,156 - INFO - 当前价格: 4957.818741001642
2026-03-20 09:47:25,156 - INFO - ============================================================

2026-03-20 09:47:25,157 - INFO - 
============================================================
2026-03-20 09:47:25,157 - INFO - 触发原因: 价格上涨超过整数变化
2026-03-20 09:47:25,157 - INFO - 当前时间: 2026-03-20 09:47:25
2026-03-20 09:47:25,157 - INFO - 数据时间: 2026-03-20 09:47:25
2026-03-20 09:47:25,157 - INFO - 当前价格: 4957.818741001642
2026-03-20 09:47:25,157 - INFO - 上次打印时间: 2026-03-20 09:46:59
2026-03-20 09:47:25,157 - INFO - 上次打印价格: 4943.458336293324
2026-03-20 09:47:25,157 - INFO - 当前价格: 4957.818741001642
2026-03-20 09:47:25,159 - INFO - Content-Type: multipart/mixed; boundary="===============1539174463606462977=="
MIME-Version: 1.0
Subject: =?utf-8?b?6buE6YeR5Lu35qC85o+Q6YaSIC0g5Lu35qC85LiK5rao6LaF6L+H5pW05pWw5Y+Y5YyWLOW9k+WJjeS7t+agvDQ5NTcuODE4NzQxMDAxNjQy?=
From: 2741023538@qq.com
To: 2741023538@qq.com

--===============1539174463606462977==
Content-Type: text/plain; charset="utf-8"
MIME-Version: 1.0
Content-Transfer-Encoding: base64

CiAgICAgICAgICAgIOm7hOmHkeS7t+agvOebkeaOp+aPkOmGkgogICAgICAgICAgICDop6blj5Hl
jp/lm6A6IOS7t+agvOS4iua2qOi2hei/h+aVtOaVsOWPmOWMlgogICAgICAgICAgICDlvZPliY3m
l7bpl7Q6IDIwMjYtMDMtMjAgMDk6NDc6MjUKICAgICAgICAgICAg5pWw5o2u5pe26Ze0OiAyMDI2
LTAzLTIwIDA5OjQ3OjI1CiAgICAgICAgICAgIOW9k+WJjeS7t+agvDogNDk1Ny44MTg3NDEwMDE2
NDIKICAgICAgICAgICAg5bey6Kem5Y+R55uu5qCHOiBbNDk1MF0KCiAgICAgICAgICAgIOS4iuas
oeaJk+WNsOaXtumXtDogMjAyNi0wMy0yMCAwOTo0NzoyNQogICAgICAgICAgICDkuIrmrKHmiZPl
jbDku7fmoLw6IDQ5NTcuODE4NzQxMDAxNjQyICDlvZPliY3ku7fmoLw6IDQ5NTcuODE4NzQxMDAx
NjQyCiAgICAgICAgICAgIA==

--===============1539174463606462977==--

2026-03-20 09:47:25,380 - INFO - 正在连接到 smtp.qq.com:465
2026-03-20 09:47:25,380 - INFO - 使用用户名: 2741023538@qq.com
2026-03-20 09:47:25,428 - ERROR - 监控异常: 'ascii' codec can't encode characters in position 19-21: ordinal not in range(128)
2026-03-20 09:47:40,436 - INFO - 
============================================================
2026-03-20 09:47:40,437 - INFO - 触发原因: 打印调试
2026-03-20 09:47:40,437 - INFO - 当前时间: 2026-03-20 09:47:40
2026-03-20 09:47:40,437 - INFO - 数据时间: 2026-03-20 09:47:40
2026-03-20 09:47:40,437 - INFO - 当前价格: 4940.698269400133
2026-03-20 09:47:40,437 - INFO - 上次打印时间: 2026-03-20 09:47:25
2026-03-20 09:47:40,437 - INFO - 上次打印价格: 4957.818741001642
2026-03-20 09:47:40,437 - INFO - 当前价格: 4940.698269400133
2026-03-20 09:47:40,437 - INFO - ============================================================

2026-03-20 09:47:40,437 - INFO - 
============================================================
2026-03-20 09:47:40,438 - INFO - 触发原因: 价格下跌超过整数变化
2026-03-20 09:47:40,438 - INFO - 当前时间: 2026-03-20 09:47:40
2026-03-20 09:47:40,438 - INFO - 数据时间: 2026-03-20 09:47:40
2026-03-20 09:47:40,438 - INFO - 当前价格: 4940.698269400133
2026-03-20 09:47:40,438 - INFO - 上次打印时间: 2026-03-20 09:47:25
2026-03-20 09:47:40,438 - INFO - 上次打印价格: 4957.818741001642
2026-03-20 09:47:40,438 - INFO - 当前价格: 4940.698269400133
2026-03-20 09:47:40,440 - INFO - Content-Type: multipart/mixed; boundary="===============8629507271413425566=="
MIME-Version: 1.0
Subject: =?utf-8?b?6buE6YeR5Lu35qC85o+Q6YaSIC0g5Lu35qC85LiL6LeM6LaF6L+H5pW05pWw5Y+Y5YyWLOW9k+WJjeS7t+agvDQ5NDAuNjk4MjY5NDAwMTMz?=
From: 2741023538@qq.com
To: 2741023538@qq.com

--===============8629507271413425566==
Content-Type: text/plain; charset="utf-8"
MIME-Version: 1.0
Content-Transfer-Encoding: base64

CiAgICAgICAgICAgIOm7hOmHkeS7t+agvOebkeaOp+aPkOmGkgogICAgICAgICAgICDop6blj5Hl
jp/lm6A6IOS7t+agvOS4i+i3jOi2hei/h+aVtOaVsOWPmOWMlgogICAgICAgICAgICDlvZPliY3m
l7bpl7Q6IDIwMjYtMDMtMjAgMDk6NDc6NDAKICAgICAgICAgICAg5pWw5o2u5pe26Ze0OiAyMDI2
LTAzLTIwIDA5OjQ3OjQwCiAgICAgICAgICAgIOW9k+WJjeS7t+agvDogNDk0MC42OTgyNjk0MDAx
MzMKICAgICAgICAgICAg5bey6Kem5Y+R55uu5qCHOiBbNDk1MF0KCiAgICAgICAgICAgIOS4iuas
oeaJk+WNsOaXtumXtDogMjAyNi0wMy0yMCAwOTo0Nzo0MAogICAgICAgICAgICDkuIrmrKHmiZPl
jbDku7fmoLw6IDQ5NDAuNjk4MjY5NDAwMTMzICDlvZPliY3ku7fmoLw6IDQ5NDAuNjk4MjY5NDAw
MTMzCiAgICAgICAgICAgIA==

--===============8629507271413425566==--

2026-03-20 09:47:40,694 - INFO - 正在连接到 smtp.qq.com:465
2026-03-20 09:47:40,694 - INFO - 使用用户名: 2741023538@qq.com
2026-03-20 09:47:40,748 - ERROR - 监控异常: 'ascii' codec can't encode characters in position 19-21: ordinal not in range(128)
2026-03-20 09:47:55,759 - INFO - 
============================================================
2026-03-20 09:47:55,759 - INFO - 触发原因: 打印调试
2026-03-20 09:47:55,759 - INFO - 当前时间: 2026-03-20 09:47:55
2026-03-20 09:47:55,760 - INFO - 数据时间: 2026-03-20 09:47:55
2026-03-20 09:47:55,760 - INFO - 当前价格: 4959.332714951892
2026-03-20 09:47:55,760 - INFO - 上次打印时间: 2026-03-20 09:47:40
2026-03-20 09:47:55,760 - INFO - 上次打印价格: 4940.698269400133
2026-03-20 09:47:55,760 - INFO - 当前价格: 4959.332714951892
2026-03-20 09:47:55,760 - INFO - ============================================================

2026-03-20 09:47:55,760 - INFO - 
============================================================
2026-03-20 09:47:55,760 - INFO - 触发原因: 10分钟定时打印
2026-03-20 09:47:55,761 - INFO - 当前时间: 2026-03-20 09:47:55
2026-03-20 09:47:55,761 - INFO - 数据时间: 2026-03-20 09:47:55
2026-03-20 09:47:55,761 - INFO - 当前价格: 4959.332714951892
2026-03-20 09:47:55,761 - INFO - 上次打印时间: 2026-03-20 09:47:40
2026-03-20 09:47:55,761 - INFO - 上次打印价格: 4940.698269400133
2026-03-20 09:47:55,761 - INFO - 当前价格: 4959.332714951892
2026-03-20 09:47:55,762 - INFO - Content-Type: multipart/mixed; boundary="===============0878395436880664707=="
MIME-Version: 1.0
Subject: =?utf-8?b?6buE6YeR5Lu35qC85o+Q6YaSIC0gMTDliIbpkp/lrprml7bmiZPljbAs5b2T5YmN5Lu35qC8NDk1OS4zMzI3MTQ5NTE4OTI=?=
From: 2741023538@qq.com
To: 2741023538@qq.com

--===============0878395436880664707==
Content-Type: text/plain; charset="utf-8"
MIME-Version: 1.0
Content-Transfer-Encoding: base64

CiAgICAgICAgICAgIOm7hOmHkeS7t+agvOebkeaOp+aPkOmGkgogICAgICAgICAgICDop6blj5Hl
jp/lm6A6IDEw5YiG6ZKf5a6a5pe25omT5Y2wCiAgICAgICAgICAgIOW9k+WJjeaXtumXtDogMjAy
Ni0wMy0yMCAwOTo0Nzo1NQogICAgICAgICAgICDmlbDmja7ml7bpl7Q6IDIwMjYtMDMtMjAgMDk6
NDc6NTUKICAgICAgICAgICAg5b2T5YmN5Lu35qC8OiA0OTU5LjMzMjcxNDk1MTg5MgogICAgICAg
ICAgICDlt7Lop6blj5Hnm67moIc6IFs0OTUwXQoKICAgICAgICAgICAg5LiK5qyh5omT5Y2w5pe2
6Ze0OiAyMDI2LTAzLTIwIDA5OjQ3OjU1CiAgICAgICAgICAgIOS4iuasoeaJk+WNsOS7t+agvDog
NDk1OS4zMzI3MTQ5NTE4OTIgIOW9k+WJjeS7t+agvDogNDk1OS4zMzI3MTQ5NTE4OTIKICAgICAg
ICAgICAg

--===============0878395436880664707==--

2026-03-20 09:47:56,026 - INFO - 正在连接到 smtp.qq.com:465
2026-03-20 09:47:56,026 - INFO - 使用用户名: 2741023538@qq.com
2026-03-20 09:47:56,086 - ERROR - 监控异常: 'ascii' codec can't encode characters in position 19-21: ordinal not in range(128)
2026-03-20 09:48:11,096 - INFO - 
============================================================
2026-03-20 09:48:11,096 - INFO - 触发原因: 打印调试
2026-03-20 09:48:11,096 - INFO - 当前时间: 2026-03-20 09:48:11
2026-03-20 09:48:11,096 - INFO - 数据时间: 2026-03-20 09:48:11
2026-03-20 09:48:11,096 - INFO - 当前价格: 4940.69390993195
2026-03-20 09:48:11,097 - INFO - 上次打印时间: 2026-03-20 09:47:55
2026-03-20 09:48:11,097 - INFO - 上次打印价格: 4959.332714951892
2026-03-20 09:48:11,097 - INFO - 当前价格: 4940.69390993195
2026-03-20 09:48:11,097 - INFO - ============================================================

2026-03-20 09:48:21,107 - INFO - 
============================================================
2026-03-20 09:48:21,107 - INFO - 触发原因: 打印调试
2026-03-20 09:48:21,107 - INFO - 当前时间: 2026-03-20 09:48:21
2026-03-20 09:48:21,107 - INFO - 数据时间: 2026-03-20 09:48:21
2026-03-20 09:48:21,108 - INFO - 当前价格: 4958.612761697111
2026-03-20 09:48:21,108 - INFO - 上次打印时间: 2026-03-20 09:47:55
2026-03-20 09:48:21,108 - INFO - 上次打印价格: 4959.332714951892
2026-03-20 09:48:21,108 - INFO - 当前价格: 4958.612761697111
2026-03-20 09:48:21,108 - INFO - ============================================================

2026-03-20 09:48:21,108 - INFO - 
============================================================
2026-03-20 09:48:21,108 - INFO - 触发原因: 价格上涨超过整数变化
2026-03-20 09:48:21,108 - INFO - 当前时间: 2026-03-20 09:48:21
2026-03-20 09:48:21,108 - INFO - 数据时间: 2026-03-20 09:48:21
2026-03-20 09:48:21,108 - INFO - 当前价格: 4958.612761697111
2026-03-20 09:48:21,108 - INFO - 上次打印时间: 2026-03-20 09:47:55
2026-03-20 09:48:21,109 - INFO - 上次打印价格: 4959.332714951892
2026-03-20 09:48:21,109 - INFO - 当前价格: 4958.612761697111
2026-03-20 09:48:21,110 - INFO - Content-Type: multipart/mixed; boundary="===============2750460715657460490=="
MIME-Version: 1.0
Subject: =?utf-8?b?6buE6YeR5Lu35qC85o+Q6YaSIC0g5Lu35qC85LiK5rao6LaF6L+H5pW05pWw5Y+Y5YyWLOW9k+WJjeS7t+agvDQ5NTguNjEyNzYxNjk3MTEx?=
From: 2741023538@qq.com
To: 2741023538@qq.com

--===============2750460715657460490==
Content-Type: text/plain; charset="utf-8"
MIME-Version: 1.0
Content-Transfer-Encoding: base64

CiAgICAgICAgICAgIOm7hOmHkeS7t+agvOebkeaOp+aPkOmGkgogICAgICAgICAgICDop6blj5Hl
jp/lm6A6IOS7t+agvOS4iua2qOi2hei/h+aVtOaVsOWPmOWMlgogICAgICAgICAgICDlvZPliY3m
l7bpl7Q6IDIwMjYtMDMtMjAgMDk6NDg6MjEKICAgICAgICAgICAg5pWw5o2u5pe26Ze0OiAyMDI2
LTAzLTIwIDA5OjQ4OjIxCiAgICAgICAgICAgIOW9k+WJjeS7t+agvDogNDk1OC42MTI3NjE2OTcx
MTEKICAgICAgICAgICAg5bey6Kem5Y+R55uu5qCHOiBbNDk1MF0KCiAgICAgICAgICAgIOS4iuas
oeaJk+WNsOaXtumXtDogMjAyNi0wMy0yMCAwOTo0ODoyMQogICAgICAgICAgICDkuIrmrKHmiZPl
jbDku7fmoLw6IDQ5NTguNjEyNzYxNjk3MTExICDlvZPliY3ku7fmoLw6IDQ5NTguNjEyNzYxNjk3
MTExCiAgICAgICAgICAgIA==

--===============2750460715657460490==--

2026-03-20 09:48:21,354 - INFO - 正在连接到 smtp.qq.com:465
2026-03-20 09:48:21,354 - INFO - 使用用户名: 2741023538@qq.com
2026-03-20 09:48:21,411 - ERROR - 监控异常: 'ascii' codec can't encode characters in position 19-21: ordinal not in range(128)
2026-03-20 09:48:36,417 - INFO - 
============================================================
2026-03-20 09:48:36,417 - INFO - 触发原因: 打印调试
2026-03-20 09:48:36,418 - INFO - 当前时间: 2026-03-20 09:48:36
2026-03-20 09:48:36,418 - INFO - 数据时间: 2026-03-20 09:48:36
2026-03-20 09:48:36,418 - INFO - 当前价格: 4958.581195914019
2026-03-20 09:48:36,418 - INFO - 上次打印时间: 2026-03-20 09:48:21
2026-03-20 09:48:36,418 - INFO - 上次打印价格: 4958.612761697111
2026-03-20 09:48:36,418 - INFO - 当前价格: 4958.581195914019
2026-03-20 09:48:36,419 - INFO - ============================================================

2026-03-20 09:48:46,421 - INFO - 
============================================================
2026-03-20 09:48:46,421 - INFO - 触发原因: 打印调试
2026-03-20 09:48:46,422 - INFO - 当前时间: 2026-03-20 09:48:46
2026-03-20 09:48:46,422 - INFO - 数据时间: 2026-03-20 09:48:46
2026-03-20 09:48:46,422 - INFO - 当前价格: 4948.639252851984
2026-03-20 09:48:46,422 - INFO - 上次打印时间: 2026-03-20 09:48:21
2026-03-20 09:48:46,422 - INFO - 上次打印价格: 4958.612761697111
2026-03-20 09:48:46,422 - INFO - 当前价格: 4948.639252851984
2026-03-20 09:48:46,422 - INFO - ============================================================

2026-03-20 09:48:46,423 - INFO - 
============================================================
2026-03-20 09:48:46,423 - INFO - 触发原因: 价格下跌超过整数变化
2026-03-20 09:48:46,423 - INFO - 当前时间: 2026-03-20 09:48:46
2026-03-20 09:48:46,423 - INFO - 数据时间: 2026-03-20 09:48:46
2026-03-20 09:48:46,423 - INFO - 当前价格: 4948.639252851984
2026-03-20 09:48:46,423 - INFO - 上次打印时间: 2026-03-20 09:48:21
2026-03-20 09:48:46,423 - INFO - 上次打印价格: 4958.612761697111
2026-03-20 09:48:46,423 - INFO - 当前价格: 4948.639252851984
2026-03-20 09:48:46,424 - INFO - Content-Type: multipart/mixed; boundary="===============3115570957831346824=="
MIME-Version: 1.0
Subject: =?utf-8?b?6buE6YeR5Lu35qC85o+Q6YaSIC0g5Lu35qC85LiL6LeM6LaF6L+H5pW05pWw5Y+Y5YyWLOW9k+WJjeS7t+agvDQ5NDguNjM5MjUyODUxOTg0?=
From: 2741023538@qq.com
To: 2741023538@qq.com

--===============3115570957831346824==
Content-Type: text/plain; charset="utf-8"
MIME-Version: 1.0
Content-Transfer-Encoding: base64

CiAgICAgICAgICAgIOm7hOmHkeS7t+agvOebkeaOp+aPkOmGkgogICAgICAgICAgICDop6blj5Hl
jp/lm6A6IOS7t+agvOS4i+i3jOi2hei/h+aVtOaVsOWPmOWMlgogICAgICAgICAgICDlvZPliY3m
l7bpl7Q6IDIwMjYtMDMtMjAgMDk6NDg6NDYKICAgICAgICAgICAg5pWw5o2u5pe26Ze0OiAyMDI2
LTAzLTIwIDA5OjQ4OjQ2CiAgICAgICAgICAgIOW9k+WJjeS7t+agvDogNDk0OC42MzkyNTI4NTE5
ODQKICAgICAgICAgICAg5bey6Kem5Y+R55uu5qCHOiBbNDk1MF0KCiAgICAgICAgICAgIOS4iuas
oeaJk+WNsOaXtumXtDogMjAyNi0wMy0yMCAwOTo0ODo0NgogICAgICAgICAgICDkuIrmrKHmiZPl
jbDku7fmoLw6IDQ5NDguNjM5MjUyODUxOTg0ICDlvZPliY3ku7fmoLw6IDQ5NDguNjM5MjUyODUx
OTg0CiAgICAgICAgICAgIA==

--===============3115570957831346824==--

2026-03-20 09:48:46,678 - INFO - 正在连接到 smtp.qq.com:465
2026-03-20 09:48:46,679 - INFO - 使用用户名: 2741023538@qq.com
2026-03-20 09:48:46,736 - ERROR - 监控异常: 'ascii' codec can't encode characters in position 19-21: ordinal not in range(128)
2026-03-20 09:49:01,749 - INFO - 
============================================================
2026-03-20 09:49:01,749 - INFO - 触发原因: 打印调试
2026-03-20 09:49:01,750 - INFO - 当前时间: 2026-03-20 09:49:01
2026-03-20 09:49:01,750 - INFO - 数据时间: 2026-03-20 09:49:01
2026-03-20 09:49:01,750 - INFO - 当前价格: 4942.959546966325
2026-03-20 09:49:01,750 - INFO - 上次打印时间: 2026-03-20 09:48:46
2026-03-20 09:49:01,750 - INFO - 上次打印价格: 4948.639252851984
2026-03-20 09:49:01,750 - INFO - 当前价格: 4942.959546966325
2026-03-20 09:49:01,750 - INFO - ============================================================

2026-03-20 09:49:11,759 - INFO - 
============================================================
2026-03-20 09:49:11,759 - INFO - 触发原因: 打印调试
2026-03-20 09:49:11,759 - INFO - 当前时间: 2026-03-20 09:49:11
2026-03-20 09:49:11,760 - INFO - 数据时间: 2026-03-20 09:49:11
2026-03-20 09:49:11,760 - INFO - 当前价格: 4942.87340398787
2026-03-20 09:49:11,760 - INFO - 上次打印时间: 2026-03-20 09:48:46
2026-03-20 09:49:11,760 - INFO - 上次打印价格: 4948.639252851984
2026-03-20 09:49:11,760 - INFO - 当前价格: 4942.87340398787
2026-03-20 09:49:11,760 - INFO - ============================================================

2026-03-20 09:49:21,763 - INFO - 
============================================================
2026-03-20 09:49:21,764 - INFO - 触发原因: 打印调试
2026-03-20 09:49:21,764 - INFO - 当前时间: 2026-03-20 09:49:21
2026-03-20 09:49:21,764 - INFO - 数据时间: 2026-03-20 09:49:21
2026-03-20 09:49:21,764 - INFO - 当前价格: 4952.806001298824
2026-03-20 09:49:21,764 - INFO - 上次打印时间: 2026-03-20 09:48:46
2026-03-20 09:49:21,764 - INFO - 上次打印价格: 4948.639252851984
2026-03-20 09:49:21,764 - INFO - 当前价格: 4952.806001298824
2026-03-20 09:49:21,765 - INFO - ============================================================

2026-03-20 09:49:31,776 - INFO - 
============================================================
2026-03-20 09:49:31,776 - INFO - 触发原因: 打印调试
2026-03-20 09:49:31,776 - INFO - 当前时间: 2026-03-20 09:49:31
2026-03-20 09:49:31,776 - INFO - 数据时间: 2026-03-20 09:49:31
2026-03-20 09:49:31,776 - INFO - 当前价格: 4949.997288454841
2026-03-20 09:49:31,776 - INFO - 上次打印时间: 2026-03-20 09:48:46
2026-03-20 09:49:31,776 - INFO - 上次打印价格: 4948.639252851984
2026-03-20 09:49:31,776 - INFO - 当前价格: 4949.997288454841
2026-03-20 09:49:31,777 - INFO - ============================================================

2026-03-20 09:49:41,784 - INFO - 
============================================================
2026-03-20 09:49:41,784 - INFO - 触发原因: 打印调试
2026-03-20 09:49:41,784 - INFO - 当前时间: 2026-03-20 09:49:41
2026-03-20 09:49:41,784 - INFO - 数据时间: 2026-03-20 09:49:41
2026-03-20 09:49:41,784 - INFO - 当前价格: 4946.537315782706
2026-03-20 09:49:41,784 - INFO - 上次打印时间: 2026-03-20 09:48:46
2026-03-20 09:49:41,785 - INFO - 上次打印价格: 4948.639252851984
2026-03-20 09:49:41,785 - INFO - 当前价格: 4946.537315782706
2026-03-20 09:49:41,785 - INFO - ============================================================

2026-03-20 09:49:51,785 - INFO - 
============================================================
2026-03-20 09:49:51,785 - INFO - 触发原因: 打印调试
2026-03-20 09:49:51,786 - INFO - 当前时间: 2026-03-20 09:49:51
2026-03-20 09:49:51,786 - INFO - 数据时间: 2026-03-20 09:49:51
2026-03-20 09:49:51,786 - INFO - 当前价格: 4952.83755650111
2026-03-20 09:49:51,786 - INFO - 上次打印时间: 2026-03-20 09:48:46
2026-03-20 09:49:51,786 - INFO - 上次打印价格: 4948.639252851984
2026-03-20 09:49:51,786 - INFO - 当前价格: 4952.83755650111
2026-03-20 09:49:51,787 - INFO - ============================================================

2026-03-20 09:50:01,794 - INFO - 
============================================================
2026-03-20 09:50:01,794 - INFO - 触发原因: 打印调试
2026-03-20 09:50:01,794 - INFO - 当前时间: 2026-03-20 09:50:01
2026-03-20 09:50:01,794 - INFO - 数据时间: 2026-03-20 09:50:01
2026-03-20 09:50:01,794 - INFO - 当前价格: 4943.709931108121
2026-03-20 09:50:01,795 - INFO - 上次打印时间: 2026-03-20 09:48:46
2026-03-20 09:50:01,795 - INFO - 上次打印价格: 4948.639252851984
2026-03-20 09:50:01,795 - INFO - 当前价格: 4943.709931108121
2026-03-20 09:50:01,796 - INFO - ============================================================

2026-03-20 09:50:11,802 - INFO - 
============================================================
2026-03-20 09:50:11,802 - INFO - 触发原因: 打印调试
2026-03-20 09:50:11,803 - INFO - 当前时间: 2026-03-20 09:50:11
2026-03-20 09:50:11,803 - INFO - 数据时间: 2026-03-20 09:50:11
2026-03-20 09:50:11,803 - INFO - 当前价格: 4940.519053949565
2026-03-20 09:50:11,803 - INFO - 上次打印时间: 2026-03-20 09:48:46
2026-03-20 09:50:11,803 - INFO - 上次打印价格: 4948.639252851984
2026-03-20 09:50:11,803 - INFO - 当前价格: 4940.519053949565
2026-03-20 09:50:11,803 - INFO - ============================================================

2026-03-20 09:50:21,806 - INFO - 
============================================================
2026-03-20 09:50:21,806 - INFO - 触发原因: 打印调试
2026-03-20 09:50:21,806 - INFO - 当前时间: 2026-03-20 09:50:21
2026-03-20 09:50:21,806 - INFO - 数据时间: 2026-03-20 09:50:21
2026-03-20 09:50:21,807 - INFO - 当前价格: 4948.6746089341095
2026-03-20 09:50:21,807 - INFO - 上次打印时间: 2026-03-20 09:48:46
2026-03-20 09:50:21,807 - INFO - 上次打印价格: 4948.639252851984
2026-03-20 09:50:21,807 - INFO - 当前价格: 4948.6746089341095
2026-03-20 09:50:21,807 - INFO - ============================================================

2026-03-20 09:50:31,810 - INFO - 
============================================================
2026-03-20 09:50:31,810 - INFO - 触发原因: 打印调试
2026-03-20 09:50:31,811 - INFO - 当前时间: 2026-03-20 09:50:31
2026-03-20 09:50:31,811 - INFO - 数据时间: 2026-03-20 09:50:31
2026-03-20 09:50:31,811 - INFO - 当前价格: 4955.596811507113
2026-03-20 09:50:31,812 - INFO - 上次打印时间: 2026-03-20 09:48:46
2026-03-20 09:50:31,812 - INFO - 上次打印价格: 4948.639252851984
2026-03-20 09:50:31,813 - INFO - 当前价格: 4955.596811507113
2026-03-20 09:50:31,813 - INFO - ============================================================

2026-03-20 09:50:41,822 - INFO - 
============================================================
2026-03-20 09:50:41,822 - INFO - 触发原因: 打印调试
2026-03-20 09:50:41,822 - INFO - 当前时间: 2026-03-20 09:50:41
2026-03-20 09:50:41,822 - INFO - 数据时间: 2026-03-20 09:50:41
2026-03-20 09:50:41,823 - INFO - 当前价格: 4941.072467484702
2026-03-20 09:50:41,823 - INFO - 上次打印时间: 2026-03-20 09:48:46
2026-03-20 09:50:41,823 - INFO - 上次打印价格: 4948.639252851984
2026-03-20 09:50:41,823 - INFO - 当前价格: 4941.072467484702
2026-03-20 09:50:41,823 - INFO - ============================================================

2026-03-20 09:50:51,828 - INFO - 
============================================================
2026-03-20 09:50:51,828 - INFO - 触发原因: 打印调试
2026-03-20 09:50:51,828 - INFO - 当前时间: 2026-03-20 09:50:51
2026-03-20 09:50:51,828 - INFO - 数据时间: 2026-03-20 09:50:51
2026-03-20 09:50:51,829 - INFO - 当前价格: 4957.165587484418
2026-03-20 09:50:51,829 - INFO - 上次打印时间: 2026-03-20 09:48:46
2026-03-20 09:50:51,829 - INFO - 上次打印价格: 4948.639252851984
2026-03-20 09:50:51,829 - INFO - 当前价格: 4957.165587484418
2026-03-20 09:50:51,829 - INFO - ============================================================

2026-03-20 09:51:01,835 - INFO - 
============================================================
2026-03-20 09:51:01,835 - INFO - 触发原因: 打印调试
2026-03-20 09:51:01,835 - INFO - 当前时间: 2026-03-20 09:51:01
2026-03-20 09:51:01,835 - INFO - 数据时间: 2026-03-20 09:51:01
2026-03-20 09:51:01,835 - INFO - 当前价格: 4947.354998139714
2026-03-20 09:51:01,835 - INFO - 上次打印时间: 2026-03-20 09:48:46
2026-03-20 09:51:01,836 - INFO - 上次打印价格: 4948.639252851984
2026-03-20 09:51:01,836 - INFO - 当前价格: 4947.354998139714
2026-03-20 09:51:01,836 - INFO - ============================================================

2026-03-20 09:51:11,846 - INFO - 
============================================================
2026-03-20 09:51:11,846 - INFO - 触发原因: 打印调试
2026-03-20 09:51:11,846 - INFO - 当前时间: 2026-03-20 09:51:11
2026-03-20 09:51:11,846 - INFO - 数据时间: 2026-03-20 09:51:11
2026-03-20 09:51:11,846 - INFO - 当前价格: 4954.329406770629
2026-03-20 09:51:11,847 - INFO - 上次打印时间: 2026-03-20 09:48:46
2026-03-20 09:51:11,847 - INFO - 上次打印价格: 4948.639252851984
2026-03-20 09:51:11,847 - INFO - 当前价格: 4954.329406770629
2026-03-20 09:51:11,847 - INFO - ============================================================

2026-03-20 09:51:21,855 - INFO - 
============================================================
2026-03-20 09:51:21,855 - INFO - 触发原因: 打印调试
2026-03-20 09:51:21,855 - INFO - 当前时间: 2026-03-20 09:51:21
2026-03-20 09:51:21,856 - INFO - 数据时间: 2026-03-20 09:51:21
2026-03-20 09:51:21,856 - INFO - 当前价格: 4945.155489732028
2026-03-20 09:51:21,856 - INFO - 上次打印时间: 2026-03-20 09:48:46
2026-03-20 09:51:21,856 - INFO - 上次打印价格: 4948.639252851984
2026-03-20 09:51:21,856 - INFO - 当前价格: 4945.155489732028
2026-03-20 09:51:21,857 - INFO - ============================================================

2026-03-20 09:51:31,859 - INFO - 
============================================================
2026-03-20 09:51:31,860 - INFO - 触发原因: 打印调试
2026-03-20 09:51:31,860 - INFO - 当前时间: 2026-03-20 09:51:31
2026-03-20 09:51:31,860 - INFO - 数据时间: 2026-03-20 09:51:31
2026-03-20 09:51:31,860 - INFO - 当前价格: 4950.966437060075
2026-03-20 09:51:31,861 - INFO - 上次打印时间: 2026-03-20 09:48:46
2026-03-20 09:51:31,861 - INFO - 上次打印价格: 4948.639252851984
2026-03-20 09:51:31,861 - INFO - 当前价格: 4950.966437060075
2026-03-20 09:51:31,861 - INFO - ============================================================

2026-03-20 09:51:41,865 - INFO - 
============================================================
2026-03-20 09:51:41,865 - INFO - 触发原因: 打印调试
2026-03-20 09:51:41,865 - INFO - 当前时间: 2026-03-20 09:51:41
2026-03-20 09:51:41,865 - INFO - 数据时间: 2026-03-20 09:51:41
2026-03-20 09:51:41,865 - INFO - 当前价格: 4946.973630319805
2026-03-20 09:51:41,866 - INFO - 上次打印时间: 2026-03-20 09:48:46
2026-03-20 09:51:41,866 - INFO - 上次打印价格: 4948.639252851984
2026-03-20 09:51:41,866 - INFO - 当前价格: 4946.973630319805
2026-03-20 09:51:41,866 - INFO - ============================================================

2026-03-20 09:51:51,875 - INFO - 
============================================================
2026-03-20 09:51:51,875 - INFO - 触发原因: 打印调试
2026-03-20 09:51:51,875 - INFO - 当前时间: 2026-03-20 09:51:51
2026-03-20 09:51:51,876 - INFO - 数据时间: 2026-03-20 09:51:51
2026-03-20 09:51:51,876 - INFO - 当前价格: 4942.5903970992595
2026-03-20 09:51:51,876 - INFO - 上次打印时间: 2026-03-20 09:48:46
2026-03-20 09:51:51,876 - INFO - 上次打印价格: 4948.639252851984
2026-03-20 09:51:51,876 - INFO - 当前价格: 4942.5903970992595
2026-03-20 09:51:51,876 - INFO - ============================================================

2026-03-20 09:52:01,878 - INFO - 
============================================================
2026-03-20 09:52:01,879 - INFO - 触发原因: 打印调试
2026-03-20 09:52:01,879 - INFO - 当前时间: 2026-03-20 09:52:01
2026-03-20 09:52:01,879 - INFO - 数据时间: 2026-03-20 09:52:01
2026-03-20 09:52:01,879 - INFO - 当前价格: 4943.688561398084
2026-03-20 09:52:01,879 - INFO - 上次打印时间: 2026-03-20 09:48:46
2026-03-20 09:52:01,879 - INFO - 上次打印价格: 4948.639252851984
2026-03-20 09:52:01,879 - INFO - 当前价格: 4943.688561398084
2026-03-20 09:52:01,879 - INFO - ============================================================

2026-03-20 09:52:11,883 - INFO - 
============================================================
2026-03-20 09:52:11,883 - INFO - 触发原因: 打印调试
2026-03-20 09:52:11,883 - INFO - 当前时间: 2026-03-20 09:52:11
2026-03-20 09:52:11,884 - INFO - 数据时间: 2026-03-20 09:52:11
2026-03-20 09:52:11,884 - INFO - 当前价格: 4953.9210079781615
2026-03-20 09:52:11,884 - INFO - 上次打印时间: 2026-03-20 09:48:46
2026-03-20 09:52:11,884 - INFO - 上次打印价格: 4948.639252851984
2026-03-20 09:52:11,884 - INFO - 当前价格: 4953.9210079781615
2026-03-20 09:52:11,884 - INFO - ============================================================

2026-03-20 09:52:21,891 - INFO - 
============================================================
2026-03-20 09:52:21,891 - INFO - 触发原因: 打印调试
2026-03-20 09:52:21,891 - INFO - 当前时间: 2026-03-20 09:52:21
2026-03-20 09:52:21,891 - INFO - 数据时间: 2026-03-20 09:52:21
2026-03-20 09:52:21,891 - INFO - 当前价格: 4940.179185203688
2026-03-20 09:52:21,891 - INFO - 上次打印时间: 2026-03-20 09:48:46
2026-03-20 09:52:21,891 - INFO - 上次打印价格: 4948.639252851984
2026-03-20 09:52:21,891 - INFO - 当前价格: 4940.179185203688
2026-03-20 09:52:21,892 - INFO - ============================================================

2026-03-20 09:52:31,902 - INFO - 
============================================================
2026-03-20 09:52:31,902 - INFO - 触发原因: 打印调试
2026-03-20 09:52:31,903 - INFO - 当前时间: 2026-03-20 09:52:31
2026-03-20 09:52:31,903 - INFO - 数据时间: 2026-03-20 09:52:31
2026-03-20 09:52:31,903 - INFO - 当前价格: 4942.537254122931
2026-03-20 09:52:31,903 - INFO - 上次打印时间: 2026-03-20 09:48:46
2026-03-20 09:52:31,903 - INFO - 上次打印价格: 4948.639252851984
2026-03-20 09:52:31,903 - INFO - 当前价格: 4942.537254122931
2026-03-20 09:52:31,903 - INFO - ============================================================

2026-03-20 09:52:41,912 - INFO - 
============================================================
2026-03-20 09:52:41,912 - INFO - 触发原因: 打印调试
2026-03-20 09:52:41,913 - INFO - 当前时间: 2026-03-20 09:52:41
2026-03-20 09:52:41,913 - INFO - 数据时间: 2026-03-20 09:52:41
2026-03-20 09:52:41,913 - INFO - 当前价格: 4947.986522500564
2026-03-20 09:52:41,913 - INFO - 上次打印时间: 2026-03-20 09:48:46
2026-03-20 09:52:41,913 - INFO - 上次打印价格: 4948.639252851984
2026-03-20 09:52:41,913 - INFO - 当前价格: 4947.986522500564
2026-03-20 09:52:41,913 - INFO - ============================================================

2026-03-20 09:52:51,920 - INFO - 
============================================================
2026-03-20 09:52:51,920 - INFO - 触发原因: 打印调试
2026-03-20 09:52:51,920 - INFO - 当前时间: 2026-03-20 09:52:51
2026-03-20 09:52:51,920 - INFO - 数据时间: 2026-03-20 09:52:51
2026-03-20 09:52:51,921 - INFO - 当前价格: 4950.135858078892
2026-03-20 09:52:51,921 - INFO - 上次打印时间: 2026-03-20 09:48:46
2026-03-20 09:52:51,921 - INFO - 上次打印价格: 4948.639252851984
2026-03-20 09:52:51,921 - INFO - 当前价格: 4950.135858078892
2026-03-20 09:52:51,921 - INFO - ============================================================

2026-03-20 09:53:01,927 - INFO - 
============================================================
2026-03-20 09:53:01,927 - INFO - 触发原因: 打印调试
2026-03-20 09:53:01,927 - INFO - 当前时间: 2026-03-20 09:53:01
2026-03-20 09:53:01,928 - INFO - 数据时间: 2026-03-20 09:53:01
2026-03-20 09:53:01,928 - INFO - 当前价格: 4957.897787980741
2026-03-20 09:53:01,928 - INFO - 上次打印时间: 2026-03-20 09:48:46
2026-03-20 09:53:01,928 - INFO - 上次打印价格: 4948.639252851984
2026-03-20 09:53:01,928 - INFO - 当前价格: 4957.897787980741
2026-03-20 09:53:01,929 - INFO - ============================================================

2026-03-20 09:53:11,938 - INFO - 
============================================================
2026-03-20 09:53:11,938 - INFO - 触发原因: 打印调试
2026-03-20 09:53:11,938 - INFO - 当前时间: 2026-03-20 09:53:11
2026-03-20 09:53:11,938 - INFO - 数据时间: 2026-03-20 09:53:11
2026-03-20 09:53:11,938 - INFO - 当前价格: 4951.354386116561
2026-03-20 09:53:11,938 - INFO - 上次打印时间: 2026-03-20 09:48:46
2026-03-20 09:53:11,939 - INFO - 上次打印价格: 4948.639252851984
2026-03-20 09:53:11,939 - INFO - 当前价格: 4951.354386116561
2026-03-20 09:53:11,939 - INFO - ============================================================

2026-03-20 09:53:21,946 - INFO - 
============================================================
2026-03-20 09:53:21,947 - INFO - 触发原因: 打印调试
2026-03-20 09:53:21,947 - INFO - 当前时间: 2026-03-20 09:53:21
2026-03-20 09:53:21,947 - INFO - 数据时间: 2026-03-20 09:53:21
2026-03-20 09:53:21,947 - INFO - 当前价格: 4956.009124823264
2026-03-20 09:53:21,947 - INFO - 上次打印时间: 2026-03-20 09:48:46
2026-03-20 09:53:21,948 - INFO - 上次打印价格: 4948.639252851984
2026-03-20 09:53:21,948 - INFO - 当前价格: 4956.009124823264
2026-03-20 09:53:21,948 - INFO - ============================================================

2026-03-20 09:53:31,956 - INFO - 
============================================================
2026-03-20 09:53:31,957 - INFO - 触发原因: 打印调试
2026-03-20 09:53:31,957 - INFO - 当前时间: 2026-03-20 09:53:31
2026-03-20 09:53:31,957 - INFO - 数据时间: 2026-03-20 09:53:31
2026-03-20 09:53:31,958 - INFO - 当前价格: 4941.26155032312
2026-03-20 09:53:31,958 - INFO - 上次打印时间: 2026-03-20 09:48:46
2026-03-20 09:53:31,958 - INFO - 上次打印价格: 4948.639252851984
2026-03-20 09:53:31,958 - INFO - 当前价格: 4941.26155032312
2026-03-20 09:53:31,958 - INFO - ============================================================

2026-03-20 09:53:41,961 - INFO - 
============================================================
2026-03-20 09:53:41,961 - INFO - 触发原因: 打印调试
2026-03-20 09:53:41,961 - INFO - 当前时间: 2026-03-20 09:53:41
2026-03-20 09:53:41,961 - INFO - 数据时间: 2026-03-20 09:53:41
2026-03-20 09:53:41,961 - INFO - 当前价格: 4941.08877350788
2026-03-20 09:53:41,961 - INFO - 上次打印时间: 2026-03-20 09:48:46
2026-03-20 09:53:41,961 - INFO - 上次打印价格: 4948.639252851984
2026-03-20 09:53:41,961 - INFO - 当前价格: 4941.08877350788
2026-03-20 09:53:41,962 - INFO - ============================================================

2026-03-20 09:53:51,963 - INFO - 
============================================================
2026-03-20 09:53:51,963 - INFO - 触发原因: 打印调试
2026-03-20 09:53:51,963 - INFO - 当前时间: 2026-03-20 09:53:51
2026-03-20 09:53:51,963 - INFO - 数据时间: 2026-03-20 09:53:51
2026-03-20 09:53:51,964 - INFO - 当前价格: 4944.552485303318
2026-03-20 09:53:51,964 - INFO - 上次打印时间: 2026-03-20 09:48:46
2026-03-20 09:53:51,964 - INFO - 上次打印价格: 4948.639252851984
2026-03-20 09:53:51,964 - INFO - 当前价格: 4944.552485303318
2026-03-20 09:53:51,964 - INFO - ============================================================

2026-03-20 09:54:01,973 - INFO - 
============================================================
2026-03-20 09:54:01,973 - INFO - 触发原因: 打印调试
2026-03-20 09:54:01,973 - INFO - 当前时间: 2026-03-20 09:54:01
2026-03-20 09:54:01,973 - INFO - 数据时间: 2026-03-20 09:54:01
2026-03-20 09:54:01,973 - INFO - 当前价格: 4951.3137847559165
2026-03-20 09:54:01,973 - INFO - 上次打印时间: 2026-03-20 09:48:46
2026-03-20 09:54:01,973 - INFO - 上次打印价格: 4948.639252851984
2026-03-20 09:54:01,974 - INFO - 当前价格: 4951.3137847559165
2026-03-20 09:54:01,974 - INFO - ============================================================

2026-03-20 09:54:11,987 - INFO - 
============================================================
2026-03-20 09:54:11,988 - INFO - 触发原因: 打印调试
2026-03-20 09:54:11,988 - INFO - 当前时间: 2026-03-20 09:54:11
2026-03-20 09:54:11,989 - INFO - 数据时间: 2026-03-20 09:54:11
2026-03-20 09:54:11,989 - INFO - 当前价格: 4957.949830326605
2026-03-20 09:54:11,989 - INFO - 上次打印时间: 2026-03-20 09:48:46
2026-03-20 09:54:11,989 - INFO - 上次打印价格: 4948.639252851984
2026-03-20 09:54:11,989 - INFO - 当前价格: 4957.949830326605
2026-03-20 09:54:11,990 - INFO - ============================================================

2026-03-20 09:54:21,997 - INFO - 
============================================================
2026-03-20 09:54:21,997 - INFO - 触发原因: 打印调试
2026-03-20 09:54:21,997 - INFO - 当前时间: 2026-03-20 09:54:21
2026-03-20 09:54:21,998 - INFO - 数据时间: 2026-03-20 09:54:21
2026-03-20 09:54:21,998 - INFO - 当前价格: 4945.206699573565
2026-03-20 09:54:21,998 - INFO - 上次打印时间: 2026-03-20 09:48:46
2026-03-20 09:54:21,998 - INFO - 上次打印价格: 4948.639252851984
2026-03-20 09:54:21,998 - INFO - 当前价格: 4945.206699573565
2026-03-20 09:54:21,998 - INFO - ============================================================

2026-03-20 09:54:32,006 - INFO - 
============================================================
2026-03-20 09:54:32,007 - INFO - 触发原因: 打印调试
2026-03-20 09:54:32,007 - INFO - 当前时间: 2026-03-20 09:54:32
2026-03-20 09:54:32,007 - INFO - 数据时间: 2026-03-20 09:54:32
2026-03-20 09:54:32,007 - INFO - 当前价格: 4948.073582966137
2026-03-20 09:54:32,008 - INFO - 上次打印时间: 2026-03-20 09:48:46
2026-03-20 09:54:32,008 - INFO - 上次打印价格: 4948.639252851984
2026-03-20 09:54:32,008 - INFO - 当前价格: 4948.073582966137
2026-03-20 09:54:32,009 - INFO - ============================================================

2026-03-20 09:54:42,018 - INFO - 
============================================================
2026-03-20 09:54:42,018 - INFO - 触发原因: 打印调试
2026-03-20 09:54:42,019 - INFO - 当前时间: 2026-03-20 09:54:42
2026-03-20 09:54:42,019 - INFO - 数据时间: 2026-03-20 09:54:42
2026-03-20 09:54:42,019 - INFO - 当前价格: 4943.616618345585
2026-03-20 09:54:42,019 - INFO - 上次打印时间: 2026-03-20 09:48:46
2026-03-20 09:54:42,019 - INFO - 上次打印价格: 4948.639252851984
2026-03-20 09:54:42,019 - INFO - 当前价格: 4943.616618345585
2026-03-20 09:54:42,019 - INFO - ============================================================

2026-03-20 09:54:52,026 - INFO - 
============================================================
2026-03-20 09:54:52,026 - INFO - 触发原因: 打印调试
2026-03-20 09:54:52,026 - INFO - 当前时间: 2026-03-20 09:54:52
2026-03-20 09:54:52,026 - INFO - 数据时间: 2026-03-20 09:54:52
2026-03-20 09:54:52,027 - INFO - 当前价格: 4943.609738335009
2026-03-20 09:54:52,027 - INFO - 上次打印时间: 2026-03-20 09:48:46
2026-03-20 09:54:52,027 - INFO - 上次打印价格: 4948.639252851984
2026-03-20 09:54:52,027 - INFO - 当前价格: 4943.609738335009
2026-03-20 09:54:52,027 - INFO - ============================================================

2026-03-20 09:55:02,042 - INFO - 
============================================================
2026-03-20 09:55:02,042 - INFO - 触发原因: 打印调试
2026-03-20 09:55:02,042 - INFO - 当前时间: 2026-03-20 09:55:02
2026-03-20 09:55:02,042 - INFO - 数据时间: 2026-03-20 09:55:02
2026-03-20 09:55:02,042 - INFO - 当前价格: 4949.258715277954
2026-03-20 09:55:02,043 - INFO - 上次打印时间: 2026-03-20 09:48:46
2026-03-20 09:55:02,043 - INFO - 上次打印价格: 4948.639252851984
2026-03-20 09:55:02,043 - INFO - 当前价格: 4949.258715277954
2026-03-20 09:55:02,043 - INFO - ============================================================

2026-03-20 09:55:12,060 - INFO - 
============================================================
2026-03-20 09:55:12,063 - INFO - 触发原因: 打印调试
2026-03-20 09:55:12,070 - INFO - 当前时间: 2026-03-20 09:55:12
2026-03-20 09:55:12,076 - INFO - 数据时间: 2026-03-20 09:55:12
2026-03-20 09:55:12,082 - INFO - 当前价格: 4940.989997058406
2026-03-20 09:55:12,091 - INFO - 上次打印时间: 2026-03-20 09:48:46
2026-03-20 09:55:12,100 - INFO - 上次打印价格: 4948.639252851984
2026-03-20 09:55:12,108 - INFO - 当前价格: 4940.989997058406
2026-03-20 09:55:12,131 - INFO - ============================================================

2026-03-20 09:55:22,139 - INFO - 
============================================================
2026-03-20 09:55:22,139 - INFO - 触发原因: 打印调试
2026-03-20 09:55:22,139 - INFO - 当前时间: 2026-03-20 09:55:22
2026-03-20 09:55:22,140 - INFO - 数据时间: 2026-03-20 09:55:22
2026-03-20 09:55:22,140 - INFO - 当前价格: 4954.057065204429
2026-03-20 09:55:22,140 - INFO - 上次打印时间: 2026-03-20 09:48:46
2026-03-20 09:55:22,140 - INFO - 上次打印价格: 4948.639252851984
2026-03-20 09:55:22,140 - INFO - 当前价格: 4954.057065204429
2026-03-20 09:55:22,141 - INFO - ============================================================

2026-03-20 09:55:32,149 - INFO - 
============================================================
2026-03-20 09:55:32,149 - INFO - 触发原因: 打印调试
2026-03-20 09:55:32,149 - INFO - 当前时间: 2026-03-20 09:55:32
2026-03-20 09:55:32,149 - INFO - 数据时间: 2026-03-20 09:55:32
2026-03-20 09:55:32,149 - INFO - 当前价格: 4940.098842254137
2026-03-20 09:55:32,150 - INFO - 上次打印时间: 2026-03-20 09:48:46
2026-03-20 09:55:32,150 - INFO - 上次打印价格: 4948.639252851984
2026-03-20 09:55:32,150 - INFO - 当前价格: 4940.098842254137
2026-03-20 09:55:32,150 - INFO - ============================================================

2026-03-20 09:55:42,151 - INFO - 
============================================================
2026-03-20 09:55:42,151 - INFO - 触发原因: 打印调试
2026-03-20 09:55:42,151 - INFO - 当前时间: 2026-03-20 09:55:42
2026-03-20 09:55:42,151 - INFO - 数据时间: 2026-03-20 09:55:42
2026-03-20 09:55:42,152 - INFO - 当前价格: 4959.728799288568
2026-03-20 09:55:42,152 - INFO - 上次打印时间: 2026-03-20 09:48:46
2026-03-20 09:55:42,152 - INFO - 上次打印价格: 4948.639252851984
2026-03-20 09:55:42,152 - INFO - 当前价格: 4959.728799288568
2026-03-20 09:55:42,152 - INFO - ============================================================

2026-03-20 09:55:42,152 - INFO - 
============================================================
2026-03-20 09:55:42,152 - INFO - 触发原因: 价格上涨超过整数变化
2026-03-20 09:55:42,152 - INFO - 当前时间: 2026-03-20 09:55:42
2026-03-20 09:55:42,152 - INFO - 数据时间: 2026-03-20 09:55:42
2026-03-20 09:55:42,152 - INFO - 当前价格: 4959.728799288568
2026-03-20 09:55:42,152 - INFO - 上次打印时间: 2026-03-20 09:48:46
2026-03-20 09:55:42,153 - INFO - 上次打印价格: 4948.639252851984
2026-03-20 09:55:42,153 - INFO - 当前价格: 4959.728799288568
2026-03-20 09:55:42,153 - INFO - Content-Type: multipart/mixed; boundary="===============5193568566137414795=="
MIME-Version: 1.0
Subject: =?utf-8?b?6buE6YeR5Lu35qC85o+Q6YaSIC0g5Lu35qC85LiK5rao6LaF6L+H5pW05pWw5Y+Y5YyWLOW9k+WJjeS7t+agvDQ5NTkuNzI4Nzk5Mjg4NTY4?=
From: 2741023538@qq.com
To: 2741023538@qq.com

--===============5193568566137414795==
Content-Type: text/plain; charset="utf-8"
MIME-Version: 1.0
Content-Transfer-Encoding: base64

CiAgICAgICAgICAgIOm7hOmHkeS7t+agvOebkeaOp+aPkOmGkgogICAgICAgICAgICDop6blj5Hl
jp/lm6A6IOS7t+agvOS4iua2qOi2hei/h+aVtOaVsOWPmOWMlgogICAgICAgICAgICDlvZPliY3m
l7bpl7Q6IDIwMjYtMDMtMjAgMDk6NTU6NDIKICAgICAgICAgICAg5pWw5o2u5pe26Ze0OiAyMDI2
LTAzLTIwIDA5OjU1OjQyCiAgICAgICAgICAgIOW9k+WJjeS7t+agvDogNDk1OS43Mjg3OTkyODg1
NjgKICAgICAgICAgICAg5bey6Kem5Y+R55uu5qCHOiBbNDk1MF0KCiAgICAgICAgICAgIOS4iuas
oeaJk+WNsOaXtumXtDogMjAyNi0wMy0yMCAwOTo1NTo0MgogICAgICAgICAgICDkuIrmrKHmiZPl
jbDku7fmoLw6IDQ5NTkuNzI4Nzk5Mjg4NTY4ICDlvZPliY3ku7fmoLw6IDQ5NTkuNzI4Nzk5Mjg4
NTY4CiAgICAgICAgICAgIA==

--===============5193568566137414795==--

2026-03-20 09:55:42,435 - INFO - 正在连接到 smtp.qq.com:465
2026-03-20 09:55:42,435 - INFO - 使用用户名: 2741023538@qq.com
2026-03-20 09:55:42,496 - ERROR - 监控异常: 'ascii' codec can't encode characters in position 19-21: ordinal not in range(128)
2026-03-20 09:55:57,512 - INFO - 
============================================================
2026-03-20 09:55:57,513 - INFO - 触发原因: 打印调试
2026-03-20 09:55:57,513 - INFO - 当前时间: 2026-03-20 09:55:57
2026-03-20 09:55:57,513 - INFO - 数据时间: 2026-03-20 09:55:57
2026-03-20 09:55:57,513 - INFO - 当前价格: 4953.337501915214
2026-03-20 09:55:57,513 - INFO - 上次打印时间: 2026-03-20 09:55:42
2026-03-20 09:55:57,513 - INFO - 上次打印价格: 4959.728799288568
2026-03-20 09:55:57,514 - INFO - 当前价格: 4953.337501915214
2026-03-20 09:55:57,514 - INFO - ============================================================

2026-03-20 09:56:07,527 - INFO - 
============================================================
2026-03-20 09:56:07,527 - INFO - 触发原因: 打印调试
2026-03-20 09:56:07,527 - INFO - 当前时间: 2026-03-20 09:56:07
2026-03-20 09:56:07,527 - INFO - 数据时间: 2026-03-20 09:56:07
2026-03-20 09:56:07,527 - INFO - 当前价格: 4940.155544403599
2026-03-20 09:56:07,528 - INFO - 上次打印时间: 2026-03-20 09:55:42
2026-03-20 09:56:07,528 - INFO - 上次打印价格: 4959.728799288568
2026-03-20 09:56:07,528 - INFO - 当前价格: 4940.155544403599
2026-03-20 09:56:07,528 - INFO - ============================================================

2026-03-20 09:56:07,528 - INFO - 
============================================================
2026-03-20 09:56:07,528 - INFO - 触发原因: 价格下跌超过整数变化
2026-03-20 09:56:07,528 - INFO - 当前时间: 2026-03-20 09:56:07
2026-03-20 09:56:07,528 - INFO - 数据时间: 2026-03-20 09:56:07
2026-03-20 09:56:07,528 - INFO - 当前价格: 4940.155544403599
2026-03-20 09:56:07,528 - INFO - 上次打印时间: 2026-03-20 09:55:42
2026-03-20 09:56:07,528 - INFO - 上次打印价格: 4959.728799288568
2026-03-20 09:56:07,528 - INFO - 当前价格: 4940.155544403599
2026-03-20 09:56:07,529 - INFO - Content-Type: multipart/mixed; boundary="===============3271773412548022442=="
MIME-Version: 1.0
Subject: =?utf-8?b?6buE6YeR5Lu35qC85o+Q6YaSIC0g5Lu35qC85LiL6LeM6LaF6L+H5pW05pWw5Y+Y5YyWLOW9k+WJjeS7t+agvDQ5NDAuMTU1NTQ0NDAzNTk5?=
From: 2741023538@qq.com
To: 2741023538@qq.com

--===============3271773412548022442==
Content-Type: text/plain; charset="utf-8"
MIME-Version: 1.0
Content-Transfer-Encoding: base64

CiAgICAgICAgICAgIOm7hOmHkeS7t+agvOebkeaOp+aPkOmGkgogICAgICAgICAgICDop6blj5Hl
jp/lm6A6IOS7t+agvOS4i+i3jOi2hei/h+aVtOaVsOWPmOWMlgogICAgICAgICAgICDlvZPliY3m
l7bpl7Q6IDIwMjYtMDMtMjAgMDk6NTY6MDcKICAgICAgICAgICAg5pWw5o2u5pe26Ze0OiAyMDI2
LTAzLTIwIDA5OjU2OjA3CiAgICAgICAgICAgIOW9k+WJjeS7t+agvDogNDk0MC4xNTU1NDQ0MDM1
OTkKICAgICAgICAgICAg5bey6Kem5Y+R55uu5qCHOiBbNDk1MF0KCiAgICAgICAgICAgIOS4iuas
oeaJk+WNsOaXtumXtDogMjAyNi0wMy0yMCAwOTo1NjowNwogICAgICAgICAgICDkuIrmrKHmiZPl
jbDku7fmoLw6IDQ5NDAuMTU1NTQ0NDAzNTk5ICDlvZPliY3ku7fmoLw6IDQ5NDAuMTU1NTQ0NDAz
NTk5CiAgICAgICAgICAgIA==

--===============3271773412548022442==--

2026-03-20 09:56:07,808 - INFO - 正在连接到 smtp.qq.com:465
2026-03-20 09:56:07,809 - INFO - 使用用户名: 2741023538@qq.com
2026-03-20 09:56:07,867 - ERROR - 监控异常: 'ascii' codec can't encode characters in position 19-21: ordinal not in range(128)
2026-03-20 09:56:22,878 - INFO - 
============================================================
2026-03-20 09:56:22,878 - INFO - 触发原因: 打印调试
2026-03-20 09:56:22,878 - INFO - 当前时间: 2026-03-20 09:56:22
2026-03-20 09:56:22,878 - INFO - 数据时间: 2026-03-20 09:56:22
2026-03-20 09:56:22,879 - INFO - 当前价格: 4942.39593739125
2026-03-20 09:56:22,879 - INFO - 上次打印时间: 2026-03-20 09:56:07
2026-03-20 09:56:22,879 - INFO - 上次打印价格: 4940.155544403599
2026-03-20 09:56:22,879 - INFO - 当前价格: 4942.39593739125
2026-03-20 09:56:22,880 - INFO - ============================================================

2026-03-20 09:56:32,887 - INFO - 
============================================================
2026-03-20 09:56:32,887 - INFO - 触发原因: 打印调试
2026-03-20 09:56:32,888 - INFO - 当前时间: 2026-03-20 09:56:32
2026-03-20 09:56:32,888 - INFO - 数据时间: 2026-03-20 09:56:32
2026-03-20 09:56:32,888 - INFO - 当前价格: 4959.312296620884
2026-03-20 09:56:32,888 - INFO - 上次打印时间: 2026-03-20 09:56:07
2026-03-20 09:56:32,888 - INFO - 上次打印价格: 4940.155544403599
2026-03-20 09:56:32,888 - INFO - 当前价格: 4959.312296620884
2026-03-20 09:56:32,888 - INFO - ============================================================

2026-03-20 09:56:32,888 - INFO - 
============================================================
2026-03-20 09:56:32,888 - INFO - 触发原因: 价格上涨超过整数变化
2026-03-20 09:56:32,888 - INFO - 当前时间: 2026-03-20 09:56:32
2026-03-20 09:56:32,889 - INFO - 数据时间: 2026-03-20 09:56:32
2026-03-20 09:56:32,889 - INFO - 当前价格: 4959.312296620884
2026-03-20 09:56:32,889 - INFO - 上次打印时间: 2026-03-20 09:56:07
2026-03-20 09:56:32,889 - INFO - 上次打印价格: 4940.155544403599
2026-03-20 09:56:32,889 - INFO - 当前价格: 4959.312296620884
2026-03-20 09:56:32,890 - INFO - Content-Type: multipart/mixed; boundary="===============3415713081772557801=="
MIME-Version: 1.0
Subject: =?utf-8?b?6buE6YeR5Lu35qC85o+Q6YaSIC0g5Lu35qC85LiK5rao6LaF6L+H5pW05pWw5Y+Y5YyWLOW9k+WJjeS7t+agvDQ5NTkuMzEyMjk2NjIwODg0?=
From: 2741023538@qq.com
To: 2741023538@qq.com

--===============3415713081772557801==
Content-Type: text/plain; charset="utf-8"
MIME-Version: 1.0
Content-Transfer-Encoding: base64

CiAgICAgICAgICAgIOm7hOmHkeS7t+agvOebkeaOp+aPkOmGkgogICAgICAgICAgICDop6blj5Hl
jp/lm6A6IOS7t+agvOS4iua2qOi2hei/h+aVtOaVsOWPmOWMlgogICAgICAgICAgICDlvZPliY3m
l7bpl7Q6IDIwMjYtMDMtMjAgMDk6NTY6MzIKICAgICAgICAgICAg5pWw5o2u5pe26Ze0OiAyMDI2
LTAzLTIwIDA5OjU2OjMyCiAgICAgICAgICAgIOW9k+WJjeS7t+agvDogNDk1OS4zMTIyOTY2MjA4
ODQKICAgICAgICAgICAg5bey6Kem5Y+R55uu5qCHOiBbNDk1MF0KCiAgICAgICAgICAgIOS4iuas
oeaJk+WNsOaXtumXtDogMjAyNi0wMy0yMCAwOTo1NjozMgogICAgICAgICAgICDkuIrmrKHmiZPl
jbDku7fmoLw6IDQ5NTkuMzEyMjk2NjIwODg0ICDlvZPliY3ku7fmoLw6IDQ5NTkuMzEyMjk2NjIw
ODg0CiAgICAgICAgICAgIA==

--===============3415713081772557801==--

2026-03-20 09:56:33,144 - INFO - 正在连接到 smtp.qq.com:465
2026-03-20 09:56:33,144 - INFO - 使用用户名: 2741023538@qq.com
2026-03-20 09:56:33,204 - ERROR - 监控异常: 'ascii' codec can't encode characters in position 19-21: ordinal not in range(128)
2026-03-20 09:56:48,211 - INFO - 
============================================================
2026-03-20 09:56:48,211 - INFO - 触发原因: 打印调试
2026-03-20 09:56:48,211 - INFO - 当前时间: 2026-03-20 09:56:48
2026-03-20 09:56:48,212 - INFO - 数据时间: 2026-03-20 09:56:48
2026-03-20 09:56:48,212 - INFO - 当前价格: 4945.03211610568
2026-03-20 09:56:48,212 - INFO - 上次打印时间: 2026-03-20 09:56:32
2026-03-20 09:56:48,212 - INFO - 上次打印价格: 4959.312296620884
2026-03-20 09:56:48,212 - INFO - 当前价格: 4945.03211610568
2026-03-20 09:56:48,213 - INFO - ============================================================

2026-03-20 09:56:48,213 - INFO - 
============================================================
2026-03-20 09:56:48,213 - INFO - 触发原因: 价格下跌超过整数变化
2026-03-20 09:56:48,213 - INFO - 当前时间: 2026-03-20 09:56:48
2026-03-20 09:56:48,214 - INFO - 数据时间: 2026-03-20 09:56:48
2026-03-20 09:56:48,214 - INFO - 当前价格: 4945.03211610568
2026-03-20 09:56:48,214 - INFO - 上次打印时间: 2026-03-20 09:56:32
2026-03-20 09:56:48,214 - INFO - 上次打印价格: 4959.312296620884
2026-03-20 09:56:48,214 - INFO - 当前价格: 4945.03211610568
2026-03-20 09:56:48,215 - INFO - Content-Type: multipart/mixed; boundary="===============6902789835994802581=="
MIME-Version: 1.0
Subject: =?utf-8?b?6buE6YeR5Lu35qC85o+Q6YaSIC0g5Lu35qC85LiL6LeM6LaF6L+H5pW05pWw5Y+Y5YyWLOW9k+WJjeS7t+agvDQ5NDUuMDMyMTE2MTA1Njg=?=
From: 2741023538@qq.com
To: 2741023538@qq.com

--===============6902789835994802581==
Content-Type: text/plain; charset="utf-8"
MIME-Version: 1.0
Content-Transfer-Encoding: base64

CiAgICAgICAgICAgIOm7hOmHkeS7t+agvOebkeaOp+aPkOmGkgogICAgICAgICAgICDop6blj5Hl
jp/lm6A6IOS7t+agvOS4i+i3jOi2hei/h+aVtOaVsOWPmOWMlgogICAgICAgICAgICDlvZPliY3m
l7bpl7Q6IDIwMjYtMDMtMjAgMDk6NTY6NDgKICAgICAgICAgICAg5pWw5o2u5pe26Ze0OiAyMDI2
LTAzLTIwIDA5OjU2OjQ4CiAgICAgICAgICAgIOW9k+WJjeS7t+agvDogNDk0NS4wMzIxMTYxMDU2
OAogICAgICAgICAgICDlt7Lop6blj5Hnm67moIc6IFs0OTUwXQoKICAgICAgICAgICAg5LiK5qyh
5omT5Y2w5pe26Ze0OiAyMDI2LTAzLTIwIDA5OjU2OjQ4CiAgICAgICAgICAgIOS4iuasoeaJk+WN
sOS7t+agvDogNDk0NS4wMzIxMTYxMDU2OCAg5b2T5YmN5Lu35qC8OiA0OTQ1LjAzMjExNjEwNTY4
CiAgICAgICAgICAgIA==

--===============6902789835994802581==--

2026-03-20 09:56:48,464 - INFO - 正在连接到 smtp.qq.com:465
2026-03-20 09:56:48,464 - INFO - 使用用户名: 2741023538@qq.com
2026-03-20 09:56:48,528 - ERROR - 监控异常: 'ascii' codec can't encode characters in position 19-21: ordinal not in range(128)
2026-03-20 09:57:03,547 - INFO - 
============================================================
2026-03-20 09:57:03,547 - INFO - 触发原因: 打印调试
2026-03-20 09:57:03,548 - INFO - 当前时间: 2026-03-20 09:57:03
2026-03-20 09:57:03,548 - INFO - 数据时间: 2026-03-20 09:57:03
2026-03-20 09:57:03,548 - INFO - 当前价格: 4952.57364541956
2026-03-20 09:57:03,548 - INFO - 上次打印时间: 2026-03-20 09:56:48
2026-03-20 09:57:03,548 - INFO - 上次打印价格: 4945.03211610568
2026-03-20 09:57:03,548 - INFO - 当前价格: 4952.57364541956
2026-03-20 09:57:03,549 - INFO - ============================================================

2026-03-20 09:57:13,563 - INFO - 
============================================================
2026-03-20 09:57:13,564 - INFO - 触发原因: 打印调试
2026-03-20 09:57:13,564 - INFO - 当前时间: 2026-03-20 09:57:13
2026-03-20 09:57:13,564 - INFO - 数据时间: 2026-03-20 09:57:13
2026-03-20 09:57:13,564 - INFO - 当前价格: 4946.851288470084
2026-03-20 09:57:13,564 - INFO - 上次打印时间: 2026-03-20 09:56:48
2026-03-20 09:57:13,565 - INFO - 上次打印价格: 4945.03211610568
2026-03-20 09:57:13,565 - INFO - 当前价格: 4946.851288470084
2026-03-20 09:57:13,565 - INFO - ============================================================

2026-03-20 09:57:23,569 - INFO - 
============================================================
2026-03-20 09:57:23,570 - INFO - 触发原因: 打印调试
2026-03-20 09:57:23,570 - INFO - 当前时间: 2026-03-20 09:57:23
2026-03-20 09:57:23,570 - INFO - 数据时间: 2026-03-20 09:57:23
2026-03-20 09:57:23,570 - INFO - 当前价格: 4954.4344097870935
2026-03-20 09:57:23,570 - INFO - 上次打印时间: 2026-03-20 09:56:48
2026-03-20 09:57:23,570 - INFO - 上次打印价格: 4945.03211610568
2026-03-20 09:57:23,570 - INFO - 当前价格: 4954.4344097870935
2026-03-20 09:57:23,571 - INFO - ============================================================

2026-03-20 09:57:33,576 - INFO - 
============================================================
2026-03-20 09:57:33,576 - INFO - 触发原因: 打印调试
2026-03-20 09:57:33,576 - INFO - 当前时间: 2026-03-20 09:57:33
2026-03-20 09:57:33,577 - INFO - 数据时间: 2026-03-20 09:57:33
2026-03-20 09:57:33,577 - INFO - 当前价格: 4942.7191872374
2026-03-20 09:57:33,577 - INFO - 上次打印时间: 2026-03-20 09:56:48
2026-03-20 09:57:33,577 - INFO - 上次打印价格: 4945.03211610568
2026-03-20 09:57:33,577 - INFO - 当前价格: 4942.7191872374
2026-03-20 09:57:33,577 - INFO - ============================================================

2026-03-20 09:57:43,593 - INFO - 
============================================================
2026-03-20 09:57:43,594 - INFO - 触发原因: 打印调试
2026-03-20 09:57:43,594 - INFO - 当前时间: 2026-03-20 09:57:43
2026-03-20 09:57:43,594 - INFO - 数据时间: 2026-03-20 09:57:43
2026-03-20 09:57:43,594 - INFO - 当前价格: 4943.515094203182
2026-03-20 09:57:43,595 - INFO - 上次打印时间: 2026-03-20 09:56:48
2026-03-20 09:57:43,595 - INFO - 上次打印价格: 4945.03211610568
2026-03-20 09:57:43,595 - INFO - 当前价格: 4943.515094203182
2026-03-20 09:57:43,595 - INFO - ============================================================

2026-03-20 09:57:53,606 - INFO - 
============================================================
2026-03-20 09:57:53,606 - INFO - 触发原因: 打印调试
2026-03-20 09:57:53,607 - INFO - 当前时间: 2026-03-20 09:57:53
2026-03-20 09:57:53,607 - INFO - 数据时间: 2026-03-20 09:57:53
2026-03-20 09:57:53,607 - INFO - 当前价格: 4955.73388465616
2026-03-20 09:57:53,607 - INFO - 上次打印时间: 2026-03-20 09:56:48
2026-03-20 09:57:53,607 - INFO - 上次打印价格: 4945.03211610568
2026-03-20 09:57:53,607 - INFO - 当前价格: 4955.73388465616
2026-03-20 09:57:53,608 - INFO - ============================================================

2026-03-20 09:57:53,608 - INFO - 
============================================================
2026-03-20 09:57:53,608 - INFO - 触发原因: 价格上涨超过整数变化
2026-03-20 09:57:53,608 - INFO - 当前时间: 2026-03-20 09:57:53
2026-03-20 09:57:53,608 - INFO - 数据时间: 2026-03-20 09:57:53
2026-03-20 09:57:53,608 - INFO - 当前价格: 4955.73388465616
2026-03-20 09:57:53,609 - INFO - 上次打印时间: 2026-03-20 09:56:48
2026-03-20 09:57:53,609 - INFO - 上次打印价格: 4945.03211610568
2026-03-20 09:57:53,609 - INFO - 当前价格: 4955.73388465616
2026-03-20 09:57:53,610 - INFO - Content-Type: multipart/mixed; boundary="===============4167800972993301213=="
MIME-Version: 1.0
Subject: =?utf-8?b?6buE6YeR5Lu35qC85o+Q6YaSIC0g5Lu35qC85LiK5rao6LaF6L+H5pW05pWw5Y+Y5YyWLOW9k+WJjeS7t+agvDQ5NTUuNzMzODg0NjU2MTY=?=
From: 2741023538@qq.com
To: 2741023538@qq.com

--===============4167800972993301213==
Content-Type: text/plain; charset="utf-8"
MIME-Version: 1.0
Content-Transfer-Encoding: base64

CiAgICAgICAgICAgIOm7hOmHkeS7t+agvOebkeaOp+aPkOmGkgogICAgICAgICAgICDop6blj5Hl
jp/lm6A6IOS7t+agvOS4iua2qOi2hei/h+aVtOaVsOWPmOWMlgogICAgICAgICAgICDlvZPliY3m
l7bpl7Q6IDIwMjYtMDMtMjAgMDk6NTc6NTMKICAgICAgICAgICAg5pWw5o2u5pe26Ze0OiAyMDI2
LTAzLTIwIDA5OjU3OjUzCiAgICAgICAgICAgIOW9k+WJjeS7t+agvDogNDk1NS43MzM4ODQ2NTYx
NgogICAgICAgICAgICDlt7Lop6blj5Hnm67moIc6IFs0OTUwXQoKICAgICAgICAgICAg5LiK5qyh
5omT5Y2w5pe26Ze0OiAyMDI2LTAzLTIwIDA5OjU3OjUzCiAgICAgICAgICAgIOS4iuasoeaJk+WN
sOS7t+agvDogNDk1NS43MzM4ODQ2NTYxNiAg5b2T5YmN5Lu35qC8OiA0OTU1LjczMzg4NDY1NjE2
CiAgICAgICAgICAgIA==

--===============4167800972993301213==--

2026-03-20 09:57:53,849 - INFO - 正在连接到 smtp.qq.com:465
2026-03-20 09:57:53,850 - INFO - 使用用户名: 2741023538@qq.com
2026-03-20 09:57:53,908 - ERROR - 监控异常: 'ascii' codec can't encode characters in position 19-21: ordinal not in range(128)
2026-03-20 09:58:08,920 - INFO - 
============================================================
2026-03-20 09:58:08,920 - INFO - 触发原因: 打印调试
2026-03-20 09:58:08,920 - INFO - 当前时间: 2026-03-20 09:58:08
2026-03-20 09:58:08,921 - INFO - 数据时间: 2026-03-20 09:58:08
2026-03-20 09:58:08,921 - INFO - 当前价格: 4944.155582424054
2026-03-20 09:58:08,921 - INFO - 上次打印时间: 2026-03-20 09:57:53
2026-03-20 09:58:08,921 - INFO - 上次打印价格: 4955.73388465616
2026-03-20 09:58:08,921 - INFO - 当前价格: 4944.155582424054
2026-03-20 09:58:08,921 - INFO - ============================================================

2026-03-20 09:58:08,921 - INFO - 
============================================================
2026-03-20 09:58:08,922 - INFO - 触发原因: 10分钟定时打印
2026-03-20 09:58:08,922 - INFO - 当前时间: 2026-03-20 09:58:08
2026-03-20 09:58:08,922 - INFO - 数据时间: 2026-03-20 09:58:08
2026-03-20 09:58:08,922 - INFO - 当前价格: 4944.155582424054
2026-03-20 09:58:08,922 - INFO - 上次打印时间: 2026-03-20 09:57:53
2026-03-20 09:58:08,922 - INFO - 上次打印价格: 4955.73388465616
2026-03-20 09:58:08,922 - INFO - 当前价格: 4944.155582424054
2026-03-20 09:58:08,923 - INFO - Content-Type: multipart/mixed; boundary="===============7370493541861151805=="
MIME-Version: 1.0
Subject: =?utf-8?b?6buE6YeR5Lu35qC85o+Q6YaSIC0gMTDliIbpkp/lrprml7bmiZPljbAs5b2T5YmN5Lu35qC8NDk0NC4xNTU1ODI0MjQwNTQ=?=
From: 2741023538@qq.com
To: 2741023538@qq.com

--===============7370493541861151805==
Content-Type: text/plain; charset="utf-8"
MIME-Version: 1.0
Content-Transfer-Encoding: base64

CiAgICAgICAgICAgIOm7hOmHkeS7t+agvOebkeaOp+aPkOmGkgogICAgICAgICAgICDop6blj5Hl
jp/lm6A6IDEw5YiG6ZKf5a6a5pe25omT5Y2wCiAgICAgICAgICAgIOW9k+WJjeaXtumXtDogMjAy
Ni0wMy0yMCAwOTo1ODowOAogICAgICAgICAgICDmlbDmja7ml7bpl7Q6IDIwMjYtMDMtMjAgMDk6
NTg6MDgKICAgICAgICAgICAg5b2T5YmN5Lu35qC8OiA0OTQ0LjE1NTU4MjQyNDA1NAogICAgICAg
ICAgICDlt7Lop6blj5Hnm67moIc6IFs0OTUwXQoKICAgICAgICAgICAg5LiK5qyh5omT5Y2w5pe2
6Ze0OiAyMDI2LTAzLTIwIDA5OjU4OjA4CiAgICAgICAgICAgIOS4iuasoeaJk+WNsOS7t+agvDog
NDk0NC4xNTU1ODI0MjQwNTQgIOW9k+WJjeS7t+agvDogNDk0NC4xNTU1ODI0MjQwNTQKICAgICAg
ICAgICAg

--===============7370493541861151805==--

2026-03-20 09:58:09,179 - INFO - 正在连接到 smtp.qq.com:465
2026-03-20 09:58:09,179 - INFO - 使用用户名: 2741023538@qq.com
2026-03-20 09:58:09,237 - ERROR - 监控异常: 'ascii' codec can't encode characters in position 19-21: ordinal not in range(128)
2026-03-20 09:58:24,253 - INFO - 
============================================================
2026-03-20 09:58:24,253 - INFO - 触发原因: 打印调试
2026-03-20 09:58:24,253 - INFO - 当前时间: 2026-03-20 09:58:24
2026-03-20 09:58:24,253 - INFO - 数据时间: 2026-03-20 09:58:24
2026-03-20 09:58:24,254 - INFO - 当前价格: 4940.592301909625
2026-03-20 09:58:24,254 - INFO - 上次打印时间: 2026-03-20 09:58:08
2026-03-20 09:58:24,254 - INFO - 上次打印价格: 4944.155582424054
2026-03-20 09:58:24,254 - INFO - 当前价格: 4940.592301909625
2026-03-20 09:58:24,254 - INFO - ============================================================

2026-03-20 09:58:24,254 - INFO - 
============================================================
2026-03-20 09:58:24,254 - INFO - 触发原因: 价格下跌超过整数变化
2026-03-20 09:58:24,254 - INFO - 当前时间: 2026-03-20 09:58:24
2026-03-20 09:58:24,254 - INFO - 数据时间: 2026-03-20 09:58:24
2026-03-20 09:58:24,255 - INFO - 当前价格: 4940.592301909625
2026-03-20 09:58:24,255 - INFO - 上次打印时间: 2026-03-20 09:58:08
2026-03-20 09:58:24,255 - INFO - 上次打印价格: 4944.155582424054
2026-03-20 09:58:24,255 - INFO - 当前价格: 4940.592301909625
2026-03-20 09:58:24,255 - INFO - Content-Type: multipart/mixed; boundary="===============9186954723905867953=="
MIME-Version: 1.0
Subject: =?utf-8?b?6buE6YeR5Lu35qC85o+Q6YaSIC0g5Lu35qC85LiL6LeM6LaF6L+H5pW05pWw5Y+Y5YyWLOW9k+WJjeS7t+agvDQ5NDAuNTkyMzAxOTA5NjI1?=
From: 2741023538@qq.com
To: 2741023538@qq.com

--===============9186954723905867953==
Content-Type: text/plain; charset="utf-8"
MIME-Version: 1.0
Content-Transfer-Encoding: base64

CiAgICAgICAgICAgIOm7hOmHkeS7t+agvOebkeaOp+aPkOmGkgogICAgICAgICAgICDop6blj5Hl
jp/lm6A6IOS7t+agvOS4i+i3jOi2hei/h+aVtOaVsOWPmOWMlgogICAgICAgICAgICDlvZPliY3m
l7bpl7Q6IDIwMjYtMDMtMjAgMDk6NTg6MjQKICAgICAgICAgICAg5pWw5o2u5pe26Ze0OiAyMDI2
LTAzLTIwIDA5OjU4OjI0CiAgICAgICAgICAgIOW9k+WJjeS7t+agvDogNDk0MC41OTIzMDE5MDk2
MjUKICAgICAgICAgICAg5bey6Kem5Y+R55uu5qCHOiBbNDk1MF0KCiAgICAgICAgICAgIOS4iuas
oeaJk+WNsOaXtumXtDogMjAyNi0wMy0yMCAwOTo1ODoyNAogICAgICAgICAgICDkuIrmrKHmiZPl
jbDku7fmoLw6IDQ5NDAuNTkyMzAxOTA5NjI1ICDlvZPliY3ku7fmoLw6IDQ5NDAuNTkyMzAxOTA5
NjI1CiAgICAgICAgICAgIA==

--===============9186954723905867953==--

2026-03-20 09:58:24,528 - INFO - 正在连接到 smtp.qq.com:465
2026-03-20 09:58:24,528 - INFO - 使用用户名: 2741023538@qq.com
2026-03-20 09:58:24,588 - ERROR - 监控异常: 'ascii' codec can't encode characters in position 19-21: ordinal not in range(128)
2026-03-20 09:58:39,607 - INFO - 
============================================================
2026-03-20 09:58:39,607 - INFO - 触发原因: 打印调试
2026-03-20 09:58:39,608 - INFO - 当前时间: 2026-03-20 09:58:39
2026-03-20 09:58:39,608 - INFO - 数据时间: 2026-03-20 09:58:39
2026-03-20 09:58:39,608 - INFO - 当前价格: 4951.982727520403
2026-03-20 09:58:39,608 - INFO - 上次打印时间: 2026-03-20 09:58:24
2026-03-20 09:58:39,608 - INFO - 上次打印价格: 4940.592301909625
2026-03-20 09:58:39,608 - INFO - 当前价格: 4951.982727520403
2026-03-20 09:58:39,609 - INFO - ============================================================

2026-03-20 09:58:39,609 - INFO - 
============================================================
2026-03-20 09:58:39,609 - INFO - 触发原因: 价格上涨超过整数变化
2026-03-20 09:58:39,609 - INFO - 当前时间: 2026-03-20 09:58:39
2026-03-20 09:58:39,609 - INFO - 数据时间: 2026-03-20 09:58:39
2026-03-20 09:58:39,610 - INFO - 当前价格: 4951.982727520403
2026-03-20 09:58:39,610 - INFO - 上次打印时间: 2026-03-20 09:58:24
2026-03-20 09:58:39,610 - INFO - 上次打印价格: 4940.592301909625
2026-03-20 09:58:39,610 - INFO - 当前价格: 4951.982727520403
2026-03-20 09:58:39,611 - INFO - Content-Type: multipart/mixed; boundary="===============3444406481384910619=="
MIME-Version: 1.0
Subject: =?utf-8?b?6buE6YeR5Lu35qC85o+Q6YaSIC0g5Lu35qC85LiK5rao6LaF6L+H5pW05pWw5Y+Y5YyWLOW9k+WJjeS7t+agvDQ5NTEuOTgyNzI3NTIwNDAz?=
From: 2741023538@qq.com
To: 2741023538@qq.com

--===============3444406481384910619==
Content-Type: text/plain; charset="utf-8"
MIME-Version: 1.0
Content-Transfer-Encoding: base64

CiAgICAgICAgICAgIOm7hOmHkeS7t+agvOebkeaOp+aPkOmGkgogICAgICAgICAgICDop6blj5Hl
jp/lm6A6IOS7t+agvOS4iua2qOi2hei/h+aVtOaVsOWPmOWMlgogICAgICAgICAgICDlvZPliY3m
l7bpl7Q6IDIwMjYtMDMtMjAgMDk6NTg6MzkKICAgICAgICAgICAg5pWw5o2u5pe26Ze0OiAyMDI2
LTAzLTIwIDA5OjU4OjM5CiAgICAgICAgICAgIOW9k+WJjeS7t+agvDogNDk1MS45ODI3Mjc1MjA0
MDMKICAgICAgICAgICAg5bey6Kem5Y+R55uu5qCHOiBbNDk1MF0KCiAgICAgICAgICAgIOS4iuas
oeaJk+WNsOaXtumXtDogMjAyNi0wMy0yMCAwOTo1ODozOQogICAgICAgICAgICDkuIrmrKHmiZPl
jbDku7fmoLw6IDQ5NTEuOTgyNzI3NTIwNDAzICDlvZPliY3ku7fmoLw6IDQ5NTEuOTgyNzI3NTIw
NDAzCiAgICAgICAgICAgIA==

--===============3444406481384910619==--

2026-03-20 09:58:39,877 - INFO - 正在连接到 smtp.qq.com:465
2026-03-20 09:58:39,877 - INFO - 使用用户名: 2741023538@qq.com
2026-03-20 09:58:39,937 - ERROR - 监控异常: 'ascii' codec can't encode characters in position 19-21: ordinal not in range(128)
2026-03-20 09:58:54,959 - INFO - 
============================================================
2026-03-20 09:58:54,960 - INFO - 触发原因: 打印调试
2026-03-20 09:58:54,960 - INFO - 当前时间: 2026-03-20 09:58:54
2026-03-20 09:58:54,960 - INFO - 数据时间: 2026-03-20 09:58:54
2026-03-20 09:58:54,960 - INFO - 当前价格: 4948.1280902156495
2026-03-20 09:58:54,960 - INFO - 上次打印时间: 2026-03-20 09:58:39
2026-03-20 09:58:54,960 - INFO - 上次打印价格: 4951.982727520403
2026-03-20 09:58:54,961 - INFO - 当前价格: 4948.1280902156495
2026-03-20 09:58:54,961 - INFO - ============================================================

2026-03-20 09:59:04,971 - INFO - 
============================================================
2026-03-20 09:59:04,971 - INFO - 触发原因: 打印调试
2026-03-20 09:59:04,971 - INFO - 当前时间: 2026-03-20 09:59:04
2026-03-20 09:59:04,971 - INFO - 数据时间: 2026-03-20 09:59:04
2026-03-20 09:59:04,971 - INFO - 当前价格: 4958.574593106264
2026-03-20 09:59:04,971 - INFO - 上次打印时间: 2026-03-20 09:58:39
2026-03-20 09:59:04,972 - INFO - 上次打印价格: 4951.982727520403
2026-03-20 09:59:04,972 - INFO - 当前价格: 4958.574593106264
2026-03-20 09:59:04,972 - INFO - ============================================================

2026-03-20 09:59:14,981 - INFO - 
============================================================
2026-03-20 09:59:14,981 - INFO - 触发原因: 打印调试
2026-03-20 09:59:14,981 - INFO - 当前时间: 2026-03-20 09:59:14
2026-03-20 09:59:14,981 - INFO - 数据时间: 2026-03-20 09:59:14
2026-03-20 09:59:14,982 - INFO - 当前价格: 4954.019652303458
2026-03-20 09:59:14,982 - INFO - 上次打印时间: 2026-03-20 09:58:39
2026-03-20 09:59:14,982 - INFO - 上次打印价格: 4951.982727520403
2026-03-20 09:59:14,982 - INFO - 当前价格: 4954.019652303458
2026-03-20 09:59:14,982 - INFO - ============================================================

2026-03-20 09:59:24,990 - INFO - 
============================================================
2026-03-20 09:59:24,990 - INFO - 触发原因: 打印调试
2026-03-20 09:59:24,991 - INFO - 当前时间: 2026-03-20 09:59:24
2026-03-20 09:59:24,991 - INFO - 数据时间: 2026-03-20 09:59:24
2026-03-20 09:59:24,991 - INFO - 当前价格: 4952.770696109941
2026-03-20 09:59:24,991 - INFO - 上次打印时间: 2026-03-20 09:58:39
2026-03-20 09:59:24,991 - INFO - 上次打印价格: 4951.982727520403
2026-03-20 09:59:24,991 - INFO - 当前价格: 4952.770696109941
2026-03-20 09:59:24,991 - INFO - ============================================================

2026-03-20 09:59:34,993 - INFO - 
============================================================
2026-03-20 09:59:34,993 - INFO - 触发原因: 打印调试
2026-03-20 09:59:34,994 - INFO - 当前时间: 2026-03-20 09:59:34
2026-03-20 09:59:34,994 - INFO - 数据时间: 2026-03-20 09:59:34
2026-03-20 09:59:34,994 - INFO - 当前价格: 4948.831330453295
2026-03-20 09:59:34,994 - INFO - 上次打印时间: 2026-03-20 09:58:39
2026-03-20 09:59:34,994 - INFO - 上次打印价格: 4951.982727520403
2026-03-20 09:59:34,994 - INFO - 当前价格: 4948.831330453295
2026-03-20 09:59:34,994 - INFO - ============================================================

2026-03-20 09:59:45,000 - INFO - 
============================================================
2026-03-20 09:59:45,000 - INFO - 触发原因: 打印调试
2026-03-20 09:59:45,000 - INFO - 当前时间: 2026-03-20 09:59:44
2026-03-20 09:59:45,000 - INFO - 数据时间: 2026-03-20 09:59:44
2026-03-20 09:59:45,000 - INFO - 当前价格: 4957.8964188643085
2026-03-20 09:59:45,000 - INFO - 上次打印时间: 2026-03-20 09:58:39
2026-03-20 09:59:45,000 - INFO - 上次打印价格: 4951.982727520403
2026-03-20 09:59:45,001 - INFO - 当前价格: 4957.8964188643085
2026-03-20 09:59:45,001 - INFO - ============================================================

2026-03-20 09:59:55,005 - INFO - 
============================================================
2026-03-20 09:59:55,005 - INFO - 触发原因: 打印调试
2026-03-20 09:59:55,006 - INFO - 当前时间: 2026-03-20 09:59:55
2026-03-20 09:59:55,006 - INFO - 数据时间: 2026-03-20 09:59:55
2026-03-20 09:59:55,006 - INFO - 当前价格: 4951.172117065053
2026-03-20 09:59:55,006 - INFO - 上次打印时间: 2026-03-20 09:58:39
2026-03-20 09:59:55,006 - INFO - 上次打印价格: 4951.982727520403
2026-03-20 09:59:55,006 - INFO - 当前价格: 4951.172117065053
2026-03-20 09:59:55,007 - INFO - ============================================================

2026-03-20 10:00:05,017 - INFO - 
============================================================
2026-03-20 10:00:05,017 - INFO - 触发原因: 打印调试
2026-03-20 10:00:05,017 - INFO - 当前时间: 2026-03-20 10:00:05
2026-03-20 10:00:05,017 - INFO - 数据时间: 2026-03-20 10:00:05
2026-03-20 10:00:05,017 - INFO - 当前价格: 4944.527566248421
2026-03-20 10:00:05,017 - INFO - 上次打印时间: 2026-03-20 09:58:39
2026-03-20 10:00:05,017 - INFO - 上次打印价格: 4951.982727520403
2026-03-20 10:00:05,017 - INFO - 当前价格: 4944.527566248421
2026-03-20 10:00:05,017 - INFO - ============================================================

2026-03-20 10:00:15,031 - INFO - 
============================================================
2026-03-20 10:00:15,031 - INFO - 触发原因: 打印调试
2026-03-20 10:00:15,031 - INFO - 当前时间: 2026-03-20 10:00:15
2026-03-20 10:00:15,031 - INFO - 数据时间: 2026-03-20 10:00:15
2026-03-20 10:00:15,031 - INFO - 当前价格: 4957.6154453275085
2026-03-20 10:00:15,032 - INFO - 上次打印时间: 2026-03-20 09:58:39
2026-03-20 10:00:15,032 - INFO - 上次打印价格: 4951.982727520403
2026-03-20 10:00:15,032 - INFO - 当前价格: 4957.6154453275085
2026-03-20 10:00:15,032 - INFO - ============================================================

2026-03-20 10:00:25,040 - INFO - 
============================================================
2026-03-20 10:00:25,040 - INFO - 触发原因: 打印调试
2026-03-20 10:00:25,041 - INFO - 当前时间: 2026-03-20 10:00:25
2026-03-20 10:00:25,041 - INFO - 数据时间: 2026-03-20 10:00:25
2026-03-20 10:00:25,041 - INFO - 当前价格: 4948.306753802501
2026-03-20 10:00:25,041 - INFO - 上次打印时间: 2026-03-20 09:58:39
2026-03-20 10:00:25,042 - INFO - 上次打印价格: 4951.982727520403
2026-03-20 10:00:25,042 - INFO - 当前价格: 4948.306753802501
2026-03-20 10:00:25,042 - INFO - ============================================================

2026-03-20 10:00:35,051 - INFO - 
============================================================
2026-03-20 10:00:35,051 - INFO - 触发原因: 打印调试
2026-03-20 10:00:35,051 - INFO - 当前时间: 2026-03-20 10:00:35
2026-03-20 10:00:35,051 - INFO - 数据时间: 2026-03-20 10:00:35
2026-03-20 10:00:35,051 - INFO - 当前价格: 4952.595873460451
2026-03-20 10:00:35,052 - INFO - 上次打印时间: 2026-03-20 09:58:39
2026-03-20 10:00:35,052 - INFO - 上次打印价格: 4951.982727520403
2026-03-20 10:00:35,052 - INFO - 当前价格: 4952.595873460451
2026-03-20 10:00:35,052 - INFO - ============================================================

2026-03-20 10:00:45,056 - INFO - 
============================================================
2026-03-20 10:00:45,056 - INFO - 触发原因: 打印调试
2026-03-20 10:00:45,056 - INFO - 当前时间: 2026-03-20 10:00:45
2026-03-20 10:00:45,056 - INFO - 数据时间: 2026-03-20 10:00:45
2026-03-20 10:00:45,056 - INFO - 当前价格: 4953.199291613774
2026-03-20 10:00:45,057 - INFO - 上次打印时间: 2026-03-20 09:58:39
2026-03-20 10:00:45,057 - INFO - 上次打印价格: 4951.982727520403
2026-03-20 10:00:45,057 - INFO - 当前价格: 4953.199291613774
2026-03-20 10:00:45,057 - INFO - ============================================================

2026-03-20 10:00:55,065 - INFO - 
============================================================
2026-03-20 10:00:55,065 - INFO - 触发原因: 打印调试
2026-03-20 10:00:55,065 - INFO - 当前时间: 2026-03-20 10:00:55
2026-03-20 10:00:55,065 - INFO - 数据时间: 2026-03-20 10:00:55
2026-03-20 10:00:55,065 - INFO - 当前价格: 4947.5735726608045
2026-03-20 10:00:55,065 - INFO - 上次打印时间: 2026-03-20 09:58:39
2026-03-20 10:00:55,066 - INFO - 上次打印价格: 4951.982727520403
2026-03-20 10:00:55,066 - INFO - 当前价格: 4947.5735726608045
2026-03-20 10:00:55,066 - INFO - ============================================================

2026-03-20 10:01:05,071 - INFO - 
============================================================
2026-03-20 10:01:05,071 - INFO - 触发原因: 打印调试
2026-03-20 10:01:05,071 - INFO - 当前时间: 2026-03-20 10:01:05
2026-03-20 10:01:05,071 - INFO - 数据时间: 2026-03-20 10:01:05
2026-03-20 10:01:05,071 - INFO - 当前价格: 4953.776971443347
2026-03-20 10:01:05,072 - INFO - 上次打印时间: 2026-03-20 09:58:39
2026-03-20 10:01:05,072 - INFO - 上次打印价格: 4951.982727520403
2026-03-20 10:01:05,072 - INFO - 当前价格: 4953.776971443347
2026-03-20 10:01:05,072 - INFO - ============================================================

2026-03-20 10:01:15,079 - INFO - 
============================================================
2026-03-20 10:01:15,080 - INFO - 触发原因: 打印调试
2026-03-20 10:01:15,080 - INFO - 当前时间: 2026-03-20 10:01:15
2026-03-20 10:01:15,080 - INFO - 数据时间: 2026-03-20 10:01:15
2026-03-20 10:01:15,080 - INFO - 当前价格: 4943.064515370058
2026-03-20 10:01:15,080 - INFO - 上次打印时间: 2026-03-20 09:58:39
2026-03-20 10:01:15,080 - INFO - 上次打印价格: 4951.982727520403
2026-03-20 10:01:15,080 - INFO - 当前价格: 4943.064515370058
2026-03-20 10:01:15,081 - INFO - ============================================================

2026-03-20 10:01:25,082 - INFO - 
============================================================
2026-03-20 10:01:25,082 - INFO - 触发原因: 打印调试
2026-03-20 10:01:25,082 - INFO - 当前时间: 2026-03-20 10:01:25
2026-03-20 10:01:25,082 - INFO - 数据时间: 2026-03-20 10:01:25
2026-03-20 10:01:25,083 - INFO - 当前价格: 4941.205060423609
2026-03-20 10:01:25,083 - INFO - 上次打印时间: 2026-03-20 09:58:39
2026-03-20 10:01:25,083 - INFO - 上次打印价格: 4951.982727520403
2026-03-20 10:01:25,083 - INFO - 当前价格: 4941.205060423609
2026-03-20 10:01:25,083 - INFO - ============================================================

2026-03-20 10:01:25,083 - INFO - 
============================================================
2026-03-20 10:01:25,083 - INFO - 触发原因: 价格下跌超过整数变化
2026-03-20 10:01:25,084 - INFO - 当前时间: 2026-03-20 10:01:25
2026-03-20 10:01:25,084 - INFO - 数据时间: 2026-03-20 10:01:25
2026-03-20 10:01:25,084 - INFO - 当前价格: 4941.205060423609
2026-03-20 10:01:25,084 - INFO - 上次打印时间: 2026-03-20 09:58:39
2026-03-20 10:01:25,084 - INFO - 上次打印价格: 4951.982727520403
2026-03-20 10:01:25,084 - INFO - 当前价格: 4941.205060423609
2026-03-20 10:01:25,085 - INFO - Content-Type: multipart/mixed; boundary="===============4768056435281352517=="
MIME-Version: 1.0
Subject: =?utf-8?b?6buE6YeR5Lu35qC85o+Q6YaSIC0g5Lu35qC85LiL6LeM6LaF6L+H5pW05pWw5Y+Y5YyWLOW9k+WJjeS7t+agvDQ5NDEuMjA1MDYwNDIzNjA5?=
From: 2741023538@qq.com
To: 2741023538@qq.com

--===============4768056435281352517==
Content-Type: text/plain; charset="utf-8"
MIME-Version: 1.0
Content-Transfer-Encoding: base64

CiAgICAgICAgICAgIOm7hOmHkeS7t+agvOebkeaOp+aPkOmGkgogICAgICAgICAgICDop6blj5Hl
jp/lm6A6IOS7t+agvOS4i+i3jOi2hei/h+aVtOaVsOWPmOWMlgogICAgICAgICAgICDlvZPliY3m
l7bpl7Q6IDIwMjYtMDMtMjAgMTA6MDE6MjUKICAgICAgICAgICAg5pWw5o2u5pe26Ze0OiAyMDI2
LTAzLTIwIDEwOjAxOjI1CiAgICAgICAgICAgIOW9k+WJjeS7t+agvDogNDk0MS4yMDUwNjA0MjM2
MDkKICAgICAgICAgICAg5bey6Kem5Y+R55uu5qCHOiBbNDk1MF0KCiAgICAgICAgICAgIOS4iuas
oeaJk+WNsOaXtumXtDogMjAyNi0wMy0yMCAxMDowMToyNQogICAgICAgICAgICDkuIrmrKHmiZPl
jbDku7fmoLw6IDQ5NDEuMjA1MDYwNDIzNjA5ICDlvZPliY3ku7fmoLw6IDQ5NDEuMjA1MDYwNDIz
NjA5CiAgICAgICAgICAgIA==

--===============4768056435281352517==--

2026-03-20 10:01:25,369 - INFO - 正在连接到 smtp.qq.com:465
2026-03-20 10:01:25,369 - INFO - 使用用户名: 2741023538@qq.com
2026-03-20 10:01:25,427 - ERROR - 监控异常: 'ascii' codec can't encode characters in position 19-21: ordinal not in range(128)
2026-03-20 10:01:40,442 - INFO - 
============================================================
2026-03-20 10:01:40,442 - INFO - 触发原因: 打印调试
2026-03-20 10:01:40,442 - INFO - 当前时间: 2026-03-20 10:01:40
2026-03-20 10:01:40,442 - INFO - 数据时间: 2026-03-20 10:01:40
2026-03-20 10:01:40,442 - INFO - 当前价格: 4946.311260666746
2026-03-20 10:01:40,442 - INFO - 上次打印时间: 2026-03-20 10:01:25
2026-03-20 10:01:40,443 - INFO - 上次打印价格: 4941.205060423609
2026-03-20 10:01:40,443 - INFO - 当前价格: 4946.311260666746
2026-03-20 10:01:40,443 - INFO - ============================================================

2026-03-20 10:01:50,445 - INFO - 
============================================================
2026-03-20 10:01:50,445 - INFO - 触发原因: 打印调试
2026-03-20 10:01:50,445 - INFO - 当前时间: 2026-03-20 10:01:50
2026-03-20 10:01:50,445 - INFO - 数据时间: 2026-03-20 10:01:50
2026-03-20 10:01:50,446 - INFO - 当前价格: 4953.038395240708
2026-03-20 10:01:50,446 - INFO - 上次打印时间: 2026-03-20 10:01:25
2026-03-20 10:01:50,446 - INFO - 上次打印价格: 4941.205060423609
2026-03-20 10:01:50,446 - INFO - 当前价格: 4953.038395240708
2026-03-20 10:01:50,447 - INFO - ============================================================

2026-03-20 10:01:50,447 - INFO - 
============================================================
2026-03-20 10:01:50,447 - INFO - 触发原因: 价格上涨超过整数变化
2026-03-20 10:01:50,447 - INFO - 当前时间: 2026-03-20 10:01:50
2026-03-20 10:01:50,447 - INFO - 数据时间: 2026-03-20 10:01:50
2026-03-20 10:01:50,447 - INFO - 当前价格: 4953.038395240708
2026-03-20 10:01:50,447 - INFO - 上次打印时间: 2026-03-20 10:01:25
2026-03-20 10:01:50,447 - INFO - 上次打印价格: 4941.205060423609
2026-03-20 10:01:50,447 - INFO - 当前价格: 4953.038395240708
2026-03-20 10:01:50,448 - INFO - Content-Type: multipart/mixed; boundary="===============8204436139636849542=="
MIME-Version: 1.0
Subject: =?utf-8?b?6buE6YeR5Lu35qC85o+Q6YaSIC0g5Lu35qC85LiK5rao6LaF6L+H5pW05pWw5Y+Y5YyWLOW9k+WJjeS7t+agvDQ5NTMuMDM4Mzk1MjQwNzA4?=
From: 2741023538@qq.com
To: 2741023538@qq.com

--===============8204436139636849542==
Content-Type: text/plain; charset="utf-8"
MIME-Version: 1.0
Content-Transfer-Encoding: base64

CiAgICAgICAgICAgIOm7hOmHkeS7t+agvOebkeaOp+aPkOmGkgogICAgICAgICAgICDop6blj5Hl
jp/lm6A6IOS7t+agvOS4iua2qOi2hei/h+aVtOaVsOWPmOWMlgogICAgICAgICAgICDlvZPliY3m
l7bpl7Q6IDIwMjYtMDMtMjAgMTA6MDE6NTAKICAgICAgICAgICAg5pWw5o2u5pe26Ze0OiAyMDI2
LTAzLTIwIDEwOjAxOjUwCiAgICAgICAgICAgIOW9k+WJjeS7t+agvDogNDk1My4wMzgzOTUyNDA3
MDgKICAgICAgICAgICAg5bey6Kem5Y+R55uu5qCHOiBbNDk1MF0KCiAgICAgICAgICAgIOS4iuas
oeaJk+WNsOaXtumXtDogMjAyNi0wMy0yMCAxMDowMTo1MAogICAgICAgICAgICDkuIrmrKHmiZPl
jbDku7fmoLw6IDQ5NTMuMDM4Mzk1MjQwNzA4ICDlvZPliY3ku7fmoLw6IDQ5NTMuMDM4Mzk1MjQw
NzA4CiAgICAgICAgICAgIA==

--===============8204436139636849542==--

2026-03-20 10:01:50,722 - INFO - 正在连接到 smtp.qq.com:465
2026-03-20 10:01:50,722 - INFO - 使用用户名: 2741023538@qq.com
2026-03-20 10:01:50,782 - ERROR - 监控异常: 'ascii' codec can't encode characters in position 19-21: ordinal not in range(128)
2026-03-20 10:02:05,792 - INFO - 
============================================================
2026-03-20 10:02:05,792 - INFO - 触发原因: 打印调试
2026-03-20 10:02:05,793 - INFO - 当前时间: 2026-03-20 10:02:05
2026-03-20 10:02:05,793 - INFO - 数据时间: 2026-03-20 10:02:05
2026-03-20 10:02:05,793 - INFO - 当前价格: 4956.825244703037
2026-03-20 10:02:05,793 - INFO - 上次打印时间: 2026-03-20 10:01:50
2026-03-20 10:02:05,793 - INFO - 上次打印价格: 4953.038395240708
2026-03-20 10:02:05,794 - INFO - 当前价格: 4956.825244703037
2026-03-20 10:02:05,794 - INFO - ============================================================

2026-03-20 10:02:15,804 - INFO - 
============================================================
2026-03-20 10:02:15,804 - INFO - 触发原因: 打印调试
2026-03-20 10:02:15,804 - INFO - 当前时间: 2026-03-20 10:02:15
2026-03-20 10:02:15,804 - INFO - 数据时间: 2026-03-20 10:02:15
2026-03-20 10:02:15,804 - INFO - 当前价格: 4943.773532415826
2026-03-20 10:02:15,804 - INFO - 上次打印时间: 2026-03-20 10:01:50
2026-03-20 10:02:15,804 - INFO - 上次打印价格: 4953.038395240708
2026-03-20 10:02:15,805 - INFO - 当前价格: 4943.773532415826
2026-03-20 10:02:15,805 - INFO - ============================================================

2026-03-20 10:02:15,805 - INFO - 
============================================================
2026-03-20 10:02:15,805 - INFO - 触发原因: 价格下跌超过整数变化
2026-03-20 10:02:15,805 - INFO - 当前时间: 2026-03-20 10:02:15
2026-03-20 10:02:15,805 - INFO - 数据时间: 2026-03-20 10:02:15
2026-03-20 10:02:15,805 - INFO - 当前价格: 4943.773532415826
2026-03-20 10:02:15,806 - INFO - 上次打印时间: 2026-03-20 10:01:50
2026-03-20 10:02:15,806 - INFO - 上次打印价格: 4953.038395240708
2026-03-20 10:02:15,806 - INFO - 当前价格: 4943.773532415826
2026-03-20 10:02:15,806 - INFO - Content-Type: multipart/mixed; boundary="===============4951270765764772406=="
MIME-Version: 1.0
Subject: =?utf-8?b?6buE6YeR5Lu35qC85o+Q6YaSIC0g5Lu35qC85LiL6LeM6LaF6L+H5pW05pWw5Y+Y5YyWLOW9k+WJjeS7t+agvDQ5NDMuNzczNTMyNDE1ODI2?=
From: 2741023538@qq.com
To: 2741023538@qq.com

--===============4951270765764772406==
Content-Type: text/plain; charset="utf-8"
MIME-Version: 1.0
Content-Transfer-Encoding: base64

CiAgICAgICAgICAgIOm7hOmHkeS7t+agvOebkeaOp+aPkOmGkgogICAgICAgICAgICDop6blj5Hl
jp/lm6A6IOS7t+agvOS4i+i3jOi2hei/h+aVtOaVsOWPmOWMlgogICAgICAgICAgICDlvZPliY3m
l7bpl7Q6IDIwMjYtMDMtMjAgMTA6MDI6MTUKICAgICAgICAgICAg5pWw5o2u5pe26Ze0OiAyMDI2
LTAzLTIwIDEwOjAyOjE1CiAgICAgICAgICAgIOW9k+WJjeS7t+agvDogNDk0My43NzM1MzI0MTU4
MjYKICAgICAgICAgICAg5bey6Kem5Y+R55uu5qCHOiBbNDk1MF0KCiAgICAgICAgICAgIOS4iuas
oeaJk+WNsOaXtumXtDogMjAyNi0wMy0yMCAxMDowMjoxNQogICAgICAgICAgICDkuIrmrKHmiZPl
jbDku7fmoLw6IDQ5NDMuNzczNTMyNDE1ODI2ICDlvZPliY3ku7fmoLw6IDQ5NDMuNzczNTMyNDE1
ODI2CiAgICAgICAgICAgIA==

--===============4951270765764772406==--

2026-03-20 10:02:16,086 - INFO - 正在连接到 smtp.qq.com:465
2026-03-20 10:02:16,086 - INFO - 使用用户名: 2741023538@qq.com
2026-03-20 10:02:16,146 - ERROR - 监控异常: 'ascii' codec can't encode characters in position 19-21: ordinal not in range(128)
2026-03-20 10:02:31,165 - INFO - 
============================================================
2026-03-20 10:02:31,165 - INFO - 触发原因: 打印调试
2026-03-20 10:02:31,165 - INFO - 当前时间: 2026-03-20 10:02:31
2026-03-20 10:02:31,166 - INFO - 数据时间: 2026-03-20 10:02:31
2026-03-20 10:02:31,166 - INFO - 当前价格: 4951.418196762338
2026-03-20 10:02:31,166 - INFO - 上次打印时间: 2026-03-20 10:02:15
2026-03-20 10:02:31,166 - INFO - 上次打印价格: 4943.773532415826
2026-03-20 10:02:31,166 - INFO - 当前价格: 4951.418196762338
2026-03-20 10:02:31,166 - INFO - ============================================================

2026-03-20 10:02:41,179 - INFO - 
============================================================
2026-03-20 10:02:41,179 - INFO - 触发原因: 打印调试
2026-03-20 10:02:41,180 - INFO - 当前时间: 2026-03-20 10:02:41
2026-03-20 10:02:41,180 - INFO - 数据时间: 2026-03-20 10:02:41
2026-03-20 10:02:41,180 - INFO - 当前价格: 4957.96292459694
2026-03-20 10:02:41,180 - INFO - 上次打印时间: 2026-03-20 10:02:15
2026-03-20 10:02:41,180 - INFO - 上次打印价格: 4943.773532415826
2026-03-20 10:02:41,180 - INFO - 当前价格: 4957.96292459694
2026-03-20 10:02:41,181 - INFO - ============================================================

2026-03-20 10:02:41,181 - INFO - 
============================================================
2026-03-20 10:02:41,181 - INFO - 触发原因: 价格上涨超过整数变化
2026-03-20 10:02:41,181 - INFO - 当前时间: 2026-03-20 10:02:41
2026-03-20 10:02:41,181 - INFO - 数据时间: 2026-03-20 10:02:41
2026-03-20 10:02:41,181 - INFO - 当前价格: 4957.96292459694
2026-03-20 10:02:41,181 - INFO - 上次打印时间: 2026-03-20 10:02:15
2026-03-20 10:02:41,181 - INFO - 上次打印价格: 4943.773532415826
2026-03-20 10:02:41,182 - INFO - 当前价格: 4957.96292459694
2026-03-20 10:02:41,182 - INFO - Content-Type: multipart/mixed; boundary="===============8387588895626617975=="
MIME-Version: 1.0
Subject: =?utf-8?b?6buE6YeR5Lu35qC85o+Q6YaSIC0g5Lu35qC85LiK5rao6LaF6L+H5pW05pWw5Y+Y5YyWLOW9k+WJjeS7t+agvDQ5NTcuOTYyOTI0NTk2OTQ=?=
From: 2741023538@qq.com
To: 2741023538@qq.com

--===============8387588895626617975==
Content-Type: text/plain; charset="utf-8"
MIME-Version: 1.0
Content-Transfer-Encoding: base64

CiAgICAgICAgICAgIOm7hOmHkeS7t+agvOebkeaOp+aPkOmGkgogICAgICAgICAgICDop6blj5Hl
jp/lm6A6IOS7t+agvOS4iua2qOi2hei/h+aVtOaVsOWPmOWMlgogICAgICAgICAgICDlvZPliY3m
l7bpl7Q6IDIwMjYtMDMtMjAgMTA6MDI6NDEKICAgICAgICAgICAg5pWw5o2u5pe26Ze0OiAyMDI2
LTAzLTIwIDEwOjAyOjQxCiAgICAgICAgICAgIOW9k+WJjeS7t+agvDogNDk1Ny45NjI5MjQ1OTY5
NAogICAgICAgICAgICDlt7Lop6blj5Hnm67moIc6IFs0OTUwXQoKICAgICAgICAgICAg5LiK5qyh
5omT5Y2w5pe26Ze0OiAyMDI2LTAzLTIwIDEwOjAyOjQxCiAgICAgICAgICAgIOS4iuasoeaJk+WN
sOS7t+agvDogNDk1Ny45NjI5MjQ1OTY5NCAg5b2T5YmN5Lu35qC8OiA0OTU3Ljk2MjkyNDU5Njk0
CiAgICAgICAgICAgIA==

--===============8387588895626617975==--

2026-03-20 10:02:41,470 - INFO - 正在连接到 smtp.qq.com:465
2026-03-20 10:02:41,470 - INFO - 使用用户名: 2741023538@qq.com
2026-03-20 10:02:41,523 - ERROR - 监控异常: 'ascii' codec can't encode characters in position 19-21: ordinal not in range(128)
2026-03-20 10:02:56,547 - INFO - 
============================================================
2026-03-20 10:02:56,547 - INFO - 触发原因: 打印调试
2026-03-20 10:02:56,547 - INFO - 当前时间: 2026-03-20 10:02:56
2026-03-20 10:02:56,547 - INFO - 数据时间: 2026-03-20 10:02:56
2026-03-20 10:02:56,548 - INFO - 当前价格: 4945.015551920939
2026-03-20 10:02:56,548 - INFO - 上次打印时间: 2026-03-20 10:02:41
2026-03-20 10:02:56,548 - INFO - 上次打印价格: 4957.96292459694
2026-03-20 10:02:56,548 - INFO - 当前价格: 4945.015551920939
2026-03-20 10:02:56,548 - INFO - ============================================================

2026-03-20 10:02:56,548 - INFO - 
============================================================
2026-03-20 10:02:56,548 - INFO - 触发原因: 价格下跌超过整数变化
2026-03-20 10:02:56,548 - INFO - 当前时间: 2026-03-20 10:02:56
2026-03-20 10:02:56,548 - INFO - 数据时间: 2026-03-20 10:02:56
2026-03-20 10:02:56,548 - INFO - 当前价格: 4945.015551920939
2026-03-20 10:02:56,548 - INFO - 上次打印时间: 2026-03-20 10:02:41
2026-03-20 10:02:56,548 - INFO - 上次打印价格: 4957.96292459694
2026-03-20 10:02:56,548 - INFO - 当前价格: 4945.015551920939
2026-03-20 10:02:56,549 - INFO - Content-Type: multipart/mixed; boundary="===============7522494577572980669=="
MIME-Version: 1.0
Subject: =?utf-8?b?6buE6YeR5Lu35qC85o+Q6YaSIC0g5Lu35qC85LiL6LeM6LaF6L+H5pW05pWw5Y+Y5YyWLOW9k+WJjeS7t+agvDQ5NDUuMDE1NTUxOTIwOTM5?=
From: 2741023538@qq.com
To: 2741023538@qq.com

--===============7522494577572980669==
Content-Type: text/plain; charset="utf-8"
MIME-Version: 1.0
Content-Transfer-Encoding: base64

CiAgICAgICAgICAgIOm7hOmHkeS7t+agvOebkeaOp+aPkOmGkgogICAgICAgICAgICDop6blj5Hl
jp/lm6A6IOS7t+agvOS4i+i3jOi2hei/h+aVtOaVsOWPmOWMlgogICAgICAgICAgICDlvZPliY3m
l7bpl7Q6IDIwMjYtMDMtMjAgMTA6MDI6NTYKICAgICAgICAgICAg5pWw5o2u5pe26Ze0OiAyMDI2
LTAzLTIwIDEwOjAyOjU2CiAgICAgICAgICAgIOW9k+WJjeS7t+agvDogNDk0NS4wMTU1NTE5MjA5
MzkKICAgICAgICAgICAg5bey6Kem5Y+R55uu5qCHOiBbNDk1MF0KCiAgICAgICAgICAgIOS4iuas
oeaJk+WNsOaXtumXtDogMjAyNi0wMy0yMCAxMDowMjo1NgogICAgICAgICAgICDkuIrmrKHmiZPl
jbDku7fmoLw6IDQ5NDUuMDE1NTUxOTIwOTM5ICDlvZPliY3ku7fmoLw6IDQ5NDUuMDE1NTUxOTIw
OTM5CiAgICAgICAgICAgIA==

--===============7522494577572980669==--

2026-03-20 10:02:56,815 - INFO - 正在连接到 smtp.qq.com:465
2026-03-20 10:02:56,815 - INFO - 使用用户名: 2741023538@qq.com
2026-03-20 10:02:56,868 - ERROR - 监控异常: 'ascii' codec can't encode characters in position 19-21: ordinal not in range(128)
2026-03-20 10:03:11,882 - INFO - 
============================================================
2026-03-20 10:03:11,882 - INFO - 触发原因: 打印调试
2026-03-20 10:03:11,882 - INFO - 当前时间: 2026-03-20 10:03:11
2026-03-20 10:03:11,882 - INFO - 数据时间: 2026-03-20 10:03:11
2026-03-20 10:03:11,882 - INFO - 当前价格: 4945.708950688345
2026-03-20 10:03:11,882 - INFO - 上次打印时间: 2026-03-20 10:02:56
2026-03-20 10:03:11,883 - INFO - 上次打印价格: 4945.015551920939
2026-03-20 10:03:11,883 - INFO - 当前价格: 4945.708950688345
2026-03-20 10:03:11,883 - INFO - ============================================================

2026-03-20 10:03:21,888 - INFO - 
============================================================
2026-03-20 10:03:21,888 - INFO - 触发原因: 打印调试
2026-03-20 10:03:21,888 - INFO - 当前时间: 2026-03-20 10:03:21
2026-03-20 10:03:21,888 - INFO - 数据时间: 2026-03-20 10:03:21
2026-03-20 10:03:21,889 - INFO - 当前价格: 4940.584786564249
2026-03-20 10:03:21,889 - INFO - 上次打印时间: 2026-03-20 10:02:56
2026-03-20 10:03:21,889 - INFO - 上次打印价格: 4945.015551920939
2026-03-20 10:03:21,889 - INFO - 当前价格: 4940.584786564249
2026-03-20 10:03:21,889 - INFO - ============================================================

2026-03-20 10:03:31,892 - INFO - 
============================================================
2026-03-20 10:03:31,892 - INFO - 触发原因: 打印调试
2026-03-20 10:03:31,892 - INFO - 当前时间: 2026-03-20 10:03:31
2026-03-20 10:03:31,893 - INFO - 数据时间: 2026-03-20 10:03:31
2026-03-20 10:03:31,893 - INFO - 当前价格: 4947.986554436347
2026-03-20 10:03:31,893 - INFO - 上次打印时间: 2026-03-20 10:02:56
2026-03-20 10:03:31,893 - INFO - 上次打印价格: 4945.015551920939
2026-03-20 10:03:31,893 - INFO - 当前价格: 4947.986554436347
2026-03-20 10:03:31,893 - INFO - ============================================================

2026-03-20 10:03:41,900 - INFO - 
============================================================
2026-03-20 10:03:41,900 - INFO - 触发原因: 打印调试
2026-03-20 10:03:41,900 - INFO - 当前时间: 2026-03-20 10:03:41
2026-03-20 10:03:41,900 - INFO - 数据时间: 2026-03-20 10:03:41
2026-03-20 10:03:41,900 - INFO - 当前价格: 4954.080734554507
2026-03-20 10:03:41,901 - INFO - 上次打印时间: 2026-03-20 10:02:56
2026-03-20 10:03:41,901 - INFO - 上次打印价格: 4945.015551920939
2026-03-20 10:03:41,901 - INFO - 当前价格: 4954.080734554507
2026-03-20 10:03:41,901 - INFO - ============================================================

2026-03-20 10:03:51,914 - INFO - 
============================================================
2026-03-20 10:03:51,914 - INFO - 触发原因: 打印调试
2026-03-20 10:03:51,915 - INFO - 当前时间: 2026-03-20 10:03:51
2026-03-20 10:03:51,915 - INFO - 数据时间: 2026-03-20 10:03:51
2026-03-20 10:03:51,915 - INFO - 当前价格: 4948.840513406677
2026-03-20 10:03:51,915 - INFO - 上次打印时间: 2026-03-20 10:02:56
2026-03-20 10:03:51,916 - INFO - 上次打印价格: 4945.015551920939
2026-03-20 10:03:51,916 - INFO - 当前价格: 4948.840513406677
2026-03-20 10:03:51,916 - INFO - ============================================================

2026-03-20 10:04:01,930 - INFO - 
============================================================
2026-03-20 10:04:01,930 - INFO - 触发原因: 打印调试
2026-03-20 10:04:01,931 - INFO - 当前时间: 2026-03-20 10:04:01
2026-03-20 10:04:01,931 - INFO - 数据时间: 2026-03-20 10:04:01
2026-03-20 10:04:01,931 - INFO - 当前价格: 4956.545312949763
2026-03-20 10:04:01,931 - INFO - 上次打印时间: 2026-03-20 10:02:56
2026-03-20 10:04:01,931 - INFO - 上次打印价格: 4945.015551920939
2026-03-20 10:04:01,931 - INFO - 当前价格: 4956.545312949763
2026-03-20 10:04:01,932 - INFO - ============================================================

2026-03-20 10:04:01,932 - INFO - 
============================================================
2026-03-20 10:04:01,932 - INFO - 触发原因: 价格上涨超过整数变化
2026-03-20 10:04:01,932 - INFO - 当前时间: 2026-03-20 10:04:01
2026-03-20 10:04:01,932 - INFO - 数据时间: 2026-03-20 10:04:01
2026-03-20 10:04:01,932 - INFO - 当前价格: 4956.545312949763
2026-03-20 10:04:01,932 - INFO - 上次打印时间: 2026-03-20 10:02:56
2026-03-20 10:04:01,932 - INFO - 上次打印价格: 4945.015551920939
2026-03-20 10:04:01,932 - INFO - 当前价格: 4956.545312949763
2026-03-20 10:04:01,933 - INFO - Content-Type: multipart/mixed; boundary="===============5664810588142804687=="
MIME-Version: 1.0
Subject: =?utf-8?b?6buE6YeR5Lu35qC85o+Q6YaSIC0g5Lu35qC85LiK5rao6LaF6L+H5pW05pWw5Y+Y5YyWLOW9k+WJjeS7t+agvDQ5NTYuNTQ1MzEyOTQ5NzYz?=
From: 2741023538@qq.com
To: 2741023538@qq.com

--===============5664810588142804687==
Content-Type: text/plain; charset="utf-8"
MIME-Version: 1.0
Content-Transfer-Encoding: base64

CiAgICAgICAgICAgIOm7hOmHkeS7t+agvOebkeaOp+aPkOmGkgogICAgICAgICAgICDop6blj5Hl
jp/lm6A6IOS7t+agvOS4iua2qOi2hei/h+aVtOaVsOWPmOWMlgogICAgICAgICAgICDlvZPliY3m
l7bpl7Q6IDIwMjYtMDMtMjAgMTA6MDQ6MDEKICAgICAgICAgICAg5pWw5o2u5pe26Ze0OiAyMDI2
LTAzLTIwIDEwOjA0OjAxCiAgICAgICAgICAgIOW9k+WJjeS7t+agvDogNDk1Ni41NDUzMTI5NDk3
NjMKICAgICAgICAgICAg5bey6Kem5Y+R55uu5qCHOiBbNDk1MF0KCiAgICAgICAgICAgIOS4iuas
oeaJk+WNsOaXtumXtDogMjAyNi0wMy0yMCAxMDowNDowMQogICAgICAgICAgICDkuIrmrKHmiZPl
jbDku7fmoLw6IDQ5NTYuNTQ1MzEyOTQ5NzYzICDlvZPliY3ku7fmoLw6IDQ5NTYuNTQ1MzEyOTQ5
NzYzCiAgICAgICAgICAgIA==

--===============5664810588142804687==--

2026-03-20 10:04:02,162 - INFO - 正在连接到 smtp.qq.com:465
2026-03-20 10:04:02,163 - INFO - 使用用户名: 2741023538@qq.com
2026-03-20 10:04:02,219 - ERROR - 监控异常: 'ascii' codec can't encode characters in position 19-21: ordinal not in range(128)
2026-03-20 10:04:17,224 - INFO - 
============================================================
2026-03-20 10:04:17,225 - INFO - 触发原因: 打印调试
2026-03-20 10:04:17,225 - INFO - 当前时间: 2026-03-20 10:04:17
2026-03-20 10:04:17,225 - INFO - 数据时间: 2026-03-20 10:04:17
2026-03-20 10:04:17,225 - INFO - 当前价格: 4955.71163909981
2026-03-20 10:04:17,225 - INFO - 上次打印时间: 2026-03-20 10:04:01
2026-03-20 10:04:17,226 - INFO - 上次打印价格: 4956.545312949763
2026-03-20 10:04:17,226 - INFO - 当前价格: 4955.71163909981
2026-03-20 10:04:17,226 - INFO - ============================================================

2026-03-20 10:04:27,231 - INFO - 
============================================================
2026-03-20 10:04:27,232 - INFO - 触发原因: 打印调试
2026-03-20 10:04:27,232 - INFO - 当前时间: 2026-03-20 10:04:27
2026-03-20 10:04:27,232 - INFO - 数据时间: 2026-03-20 10:04:27
2026-03-20 10:04:27,232 - INFO - 当前价格: 4946.303386520982
2026-03-20 10:04:27,232 - INFO - 上次打印时间: 2026-03-20 10:04:01
2026-03-20 10:04:27,232 - INFO - 上次打印价格: 4956.545312949763
2026-03-20 10:04:27,233 - INFO - 当前价格: 4946.303386520982
2026-03-20 10:04:27,233 - INFO - ============================================================

2026-03-20 10:04:27,233 - INFO - 
============================================================
2026-03-20 10:04:27,233 - INFO - 触发原因: 价格下跌超过整数变化
2026-03-20 10:04:27,233 - INFO - 当前时间: 2026-03-20 10:04:27
2026-03-20 10:04:27,233 - INFO - 数据时间: 2026-03-20 10:04:27
2026-03-20 10:04:27,233 - INFO - 当前价格: 4946.303386520982
2026-03-20 10:04:27,233 - INFO - 上次打印时间: 2026-03-20 10:04:01
2026-03-20 10:04:27,234 - INFO - 上次打印价格: 4956.545312949763
2026-03-20 10:04:27,234 - INFO - 当前价格: 4946.303386520982
2026-03-20 10:04:27,234 - INFO - Content-Type: multipart/mixed; boundary="===============2706416811392010315=="
MIME-Version: 1.0
Subject: =?utf-8?b?6buE6YeR5Lu35qC85o+Q6YaSIC0g5Lu35qC85LiL6LeM6LaF6L+H5pW05pWw5Y+Y5YyWLOW9k+WJjeS7t+agvDQ5NDYuMzAzMzg2NTIwOTgy?=
From: 2741023538@qq.com
To: 2741023538@qq.com

--===============2706416811392010315==
Content-Type: text/plain; charset="utf-8"
MIME-Version: 1.0
Content-Transfer-Encoding: base64

CiAgICAgICAgICAgIOm7hOmHkeS7t+agvOebkeaOp+aPkOmGkgogICAgICAgICAgICDop6blj5Hl
jp/lm6A6IOS7t+agvOS4i+i3jOi2hei/h+aVtOaVsOWPmOWMlgogICAgICAgICAgICDlvZPliY3m
l7bpl7Q6IDIwMjYtMDMtMjAgMTA6MDQ6MjcKICAgICAgICAgICAg5pWw5o2u5pe26Ze0OiAyMDI2
LTAzLTIwIDEwOjA0OjI3CiAgICAgICAgICAgIOW9k+WJjeS7t+agvDogNDk0Ni4zMDMzODY1MjA5
ODIKICAgICAgICAgICAg5bey6Kem5Y+R55uu5qCHOiBbNDk1MF0KCiAgICAgICAgICAgIOS4iuas
oeaJk+WNsOaXtumXtDogMjAyNi0wMy0yMCAxMDowNDoyNwogICAgICAgICAgICDkuIrmrKHmiZPl
jbDku7fmoLw6IDQ5NDYuMzAzMzg2NTIwOTgyICDlvZPliY3ku7fmoLw6IDQ5NDYuMzAzMzg2NTIw
OTgyCiAgICAgICAgICAgIA==

--===============2706416811392010315==--

2026-03-20 10:04:27,534 - INFO - 正在连接到 smtp.qq.com:465
2026-03-20 10:04:27,534 - INFO - 使用用户名: 2741023538@qq.com
2026-03-20 10:04:27,594 - ERROR - 监控异常: 'ascii' codec can't encode characters in position 19-21: ordinal not in range(128)
2026-03-20 10:04:42,612 - INFO - 
============================================================
2026-03-20 10:04:42,612 - INFO - 触发原因: 打印调试
2026-03-20 10:04:42,612 - INFO - 当前时间: 2026-03-20 10:04:42
2026-03-20 10:04:42,613 - INFO - 数据时间: 2026-03-20 10:04:42
2026-03-20 10:04:42,613 - INFO - 当前价格: 4940.656614598446
2026-03-20 10:04:42,613 - INFO - 上次打印时间: 2026-03-20 10:04:27
2026-03-20 10:04:42,613 - INFO - 上次打印价格: 4946.303386520982
2026-03-20 10:04:42,613 - INFO - 当前价格: 4940.656614598446
2026-03-20 10:04:42,613 - INFO - ============================================================

2026-03-20 10:04:52,616 - INFO - 
============================================================
2026-03-20 10:04:52,616 - INFO - 触发原因: 打印调试
2026-03-20 10:04:52,616 - INFO - 当前时间: 2026-03-20 10:04:52
2026-03-20 10:04:52,616 - INFO - 数据时间: 2026-03-20 10:04:52
2026-03-20 10:04:52,616 - INFO - 当前价格: 4955.176197473595
2026-03-20 10:04:52,616 - INFO - 上次打印时间: 2026-03-20 10:04:27
2026-03-20 10:04:52,616 - INFO - 上次打印价格: 4946.303386520982
2026-03-20 10:04:52,617 - INFO - 当前价格: 4955.176197473595
2026-03-20 10:04:52,617 - INFO - ============================================================

2026-03-20 10:05:02,630 - INFO - 
============================================================
2026-03-20 10:05:02,630 - INFO - 触发原因: 打印调试
2026-03-20 10:05:02,630 - INFO - 当前时间: 2026-03-20 10:05:02
2026-03-20 10:05:02,631 - INFO - 数据时间: 2026-03-20 10:05:02
2026-03-20 10:05:02,631 - INFO - 当前价格: 4940.262387648451
2026-03-20 10:05:02,631 - INFO - 上次打印时间: 2026-03-20 10:04:27
2026-03-20 10:05:02,631 - INFO - 上次打印价格: 4946.303386520982
2026-03-20 10:05:02,631 - INFO - 当前价格: 4940.262387648451
2026-03-20 10:05:02,631 - INFO - ============================================================

2026-03-20 10:05:12,635 - INFO - 
============================================================
2026-03-20 10:05:12,635 - INFO - 触发原因: 打印调试
2026-03-20 10:05:12,635 - INFO - 当前时间: 2026-03-20 10:05:12
2026-03-20 10:05:12,635 - INFO - 数据时间: 2026-03-20 10:05:12
2026-03-20 10:05:12,636 - INFO - 当前价格: 4945.733464766455
2026-03-20 10:05:12,636 - INFO - 上次打印时间: 2026-03-20 10:04:27
2026-03-20 10:05:12,636 - INFO - 上次打印价格: 4946.303386520982
2026-03-20 10:05:12,636 - INFO - 当前价格: 4945.733464766455
2026-03-20 10:05:12,636 - INFO - ============================================================

2026-03-20 10:05:22,645 - INFO - 
============================================================
2026-03-20 10:05:22,645 - INFO - 触发原因: 打印调试
2026-03-20 10:05:22,645 - INFO - 当前时间: 2026-03-20 10:05:22
2026-03-20 10:05:22,645 - INFO - 数据时间: 2026-03-20 10:05:22
2026-03-20 10:05:22,646 - INFO - 当前价格: 4947.896572312895
2026-03-20 10:05:22,646 - INFO - 上次打印时间: 2026-03-20 10:04:27
2026-03-20 10:05:22,646 - INFO - 上次打印价格: 4946.303386520982
2026-03-20 10:05:22,646 - INFO - 当前价格: 4947.896572312895
2026-03-20 10:05:22,646 - INFO - ============================================================

2026-03-20 10:05:32,652 - INFO - 
============================================================
2026-03-20 10:05:32,652 - INFO - 触发原因: 打印调试
2026-03-20 10:05:32,652 - INFO - 当前时间: 2026-03-20 10:05:32
2026-03-20 10:05:32,652 - INFO - 数据时间: 2026-03-20 10:05:32
2026-03-20 10:05:32,652 - INFO - 当前价格: 4946.407399946748
2026-03-20 10:05:32,653 - INFO - 上次打印时间: 2026-03-20 10:04:27
2026-03-20 10:05:32,653 - INFO - 上次打印价格: 4946.303386520982
2026-03-20 10:05:32,653 - INFO - 当前价格: 4946.407399946748
2026-03-20 10:05:32,653 - INFO - ============================================================

2026-03-20 10:05:42,660 - INFO - 
============================================================
2026-03-20 10:05:42,661 - INFO - 触发原因: 打印调试
2026-03-20 10:05:42,661 - INFO - 当前时间: 2026-03-20 10:05:42
2026-03-20 10:05:42,661 - INFO - 数据时间: 2026-03-20 10:05:42
2026-03-20 10:05:42,662 - INFO - 当前价格: 4948.518416144738
2026-03-20 10:05:42,662 - INFO - 上次打印时间: 2026-03-20 10:04:27
2026-03-20 10:05:42,662 - INFO - 上次打印价格: 4946.303386520982
2026-03-20 10:05:42,662 - INFO - 当前价格: 4948.518416144738
2026-03-20 10:05:42,662 - INFO - ============================================================

2026-03-20 10:05:52,676 - INFO - 
============================================================
2026-03-20 10:05:52,676 - INFO - 触发原因: 打印调试
2026-03-20 10:05:52,676 - INFO - 当前时间: 2026-03-20 10:05:52
2026-03-20 10:05:52,676 - INFO - 数据时间: 2026-03-20 10:05:52
2026-03-20 10:05:52,676 - INFO - 当前价格: 4949.480391719827
2026-03-20 10:05:52,676 - INFO - 上次打印时间: 2026-03-20 10:04:27
2026-03-20 10:05:52,677 - INFO - 上次打印价格: 4946.303386520982
2026-03-20 10:05:52,677 - INFO - 当前价格: 4949.480391719827
2026-03-20 10:05:52,677 - INFO - ============================================================

2026-03-20 10:06:02,681 - INFO - 
============================================================
2026-03-20 10:06:02,681 - INFO - 触发原因: 打印调试
2026-03-20 10:06:02,682 - INFO - 当前时间: 2026-03-20 10:06:02
2026-03-20 10:06:02,682 - INFO - 数据时间: 2026-03-20 10:06:02
2026-03-20 10:06:02,682 - INFO - 当前价格: 4943.802315581655
2026-03-20 10:06:02,682 - INFO - 上次打印时间: 2026-03-20 10:04:27
2026-03-20 10:06:02,683 - INFO - 上次打印价格: 4946.303386520982
2026-03-20 10:06:02,683 - INFO - 当前价格: 4943.802315581655
2026-03-20 10:06:02,683 - INFO - ============================================================

2026-03-20 10:06:12,698 - INFO - 
============================================================
2026-03-20 10:06:12,698 - INFO - 触发原因: 打印调试
2026-03-20 10:06:12,698 - INFO - 当前时间: 2026-03-20 10:06:12
2026-03-20 10:06:12,698 - INFO - 数据时间: 2026-03-20 10:06:12
2026-03-20 10:06:12,698 - INFO - 当前价格: 4948.172860440693
2026-03-20 10:06:12,698 - INFO - 上次打印时间: 2026-03-20 10:04:27
2026-03-20 10:06:12,699 - INFO - 上次打印价格: 4946.303386520982
2026-03-20 10:06:12,699 - INFO - 当前价格: 4948.172860440693
2026-03-20 10:06:12,699 - INFO - ============================================================

2026-03-20 10:06:22,708 - INFO - 
============================================================
2026-03-20 10:06:22,708 - INFO - 触发原因: 打印调试
2026-03-20 10:06:22,708 - INFO - 当前时间: 2026-03-20 10:06:22
2026-03-20 10:06:22,708 - INFO - 数据时间: 2026-03-20 10:06:22
2026-03-20 10:06:22,709 - INFO - 当前价格: 4941.796191880125
2026-03-20 10:06:22,709 - INFO - 上次打印时间: 2026-03-20 10:04:27
2026-03-20 10:06:22,709 - INFO - 上次打印价格: 4946.303386520982
2026-03-20 10:06:22,709 - INFO - 当前价格: 4941.796191880125
2026-03-20 10:06:22,709 - INFO - ============================================================

2026-03-20 10:06:32,710 - INFO - 
============================================================
2026-03-20 10:06:32,710 - INFO - 触发原因: 打印调试
2026-03-20 10:06:32,710 - INFO - 当前时间: 2026-03-20 10:06:32
2026-03-20 10:06:32,710 - INFO - 数据时间: 2026-03-20 10:06:32
2026-03-20 10:06:32,710 - INFO - 当前价格: 4953.522980412965
2026-03-20 10:06:32,710 - INFO - 上次打印时间: 2026-03-20 10:04:27
2026-03-20 10:06:32,711 - INFO - 上次打印价格: 4946.303386520982
2026-03-20 10:06:32,711 - INFO - 当前价格: 4953.522980412965
2026-03-20 10:06:32,711 - INFO - ============================================================

2026-03-20 10:06:42,712 - INFO - 
============================================================
2026-03-20 10:06:42,713 - INFO - 触发原因: 打印调试
2026-03-20 10:06:42,713 - INFO - 当前时间: 2026-03-20 10:06:42
2026-03-20 10:06:42,713 - INFO - 数据时间: 2026-03-20 10:06:42
2026-03-20 10:06:42,713 - INFO - 当前价格: 4948.542035097647
2026-03-20 10:06:42,714 - INFO - 上次打印时间: 2026-03-20 10:04:27
2026-03-20 10:06:42,714 - INFO - 上次打印价格: 4946.303386520982
2026-03-20 10:06:42,714 - INFO - 当前价格: 4948.542035097647
2026-03-20 10:06:42,714 - INFO - ============================================================

2026-03-20 10:06:52,720 - INFO - 
============================================================
2026-03-20 10:06:52,721 - INFO - 触发原因: 打印调试
2026-03-20 10:06:52,721 - INFO - 当前时间: 2026-03-20 10:06:52
2026-03-20 10:06:52,721 - INFO - 数据时间: 2026-03-20 10:06:52
2026-03-20 10:06:52,721 - INFO - 当前价格: 4950.629127846214
2026-03-20 10:06:52,721 - INFO - 上次打印时间: 2026-03-20 10:04:27
2026-03-20 10:06:52,721 - INFO - 上次打印价格: 4946.303386520982
2026-03-20 10:06:52,721 - INFO - 当前价格: 4950.629127846214
2026-03-20 10:06:52,722 - INFO - ============================================================

2026-03-20 10:07:02,733 - INFO - 
============================================================
2026-03-20 10:07:02,733 - INFO - 触发原因: 打印调试
2026-03-20 10:07:02,733 - INFO - 当前时间: 2026-03-20 10:07:02
2026-03-20 10:07:02,733 - INFO - 数据时间: 2026-03-20 10:07:02
2026-03-20 10:07:02,734 - INFO - 当前价格: 4948.417386666676
2026-03-20 10:07:02,734 - INFO - 上次打印时间: 2026-03-20 10:04:27
2026-03-20 10:07:02,734 - INFO - 上次打印价格: 4946.303386520982
2026-03-20 10:07:02,734 - INFO - 当前价格: 4948.417386666676
2026-03-20 10:07:02,734 - INFO - ============================================================

2026-03-20 10:07:12,739 - INFO - 
============================================================
2026-03-20 10:07:12,739 - INFO - 触发原因: 打印调试
2026-03-20 10:07:12,740 - INFO - 当前时间: 2026-03-20 10:07:12
2026-03-20 10:07:12,740 - INFO - 数据时间: 2026-03-20 10:07:12
2026-03-20 10:07:12,740 - INFO - 当前价格: 4953.2213007961645
2026-03-20 10:07:12,740 - INFO - 上次打印时间: 2026-03-20 10:04:27
2026-03-20 10:07:12,740 - INFO - 上次打印价格: 4946.303386520982
2026-03-20 10:07:12,740 - INFO - 当前价格: 4953.2213007961645
2026-03-20 10:07:12,740 - INFO - ============================================================

2026-03-20 10:07:22,751 - INFO - 
============================================================
2026-03-20 10:07:22,752 - INFO - 触发原因: 打印调试
2026-03-20 10:07:22,752 - INFO - 当前时间: 2026-03-20 10:07:22
2026-03-20 10:07:22,752 - INFO - 数据时间: 2026-03-20 10:07:22
2026-03-20 10:07:22,752 - INFO - 当前价格: 4944.7275289313975
2026-03-20 10:07:22,752 - INFO - 上次打印时间: 2026-03-20 10:04:27
2026-03-20 10:07:22,753 - INFO - 上次打印价格: 4946.303386520982
2026-03-20 10:07:22,753 - INFO - 当前价格: 4944.7275289313975
2026-03-20 10:07:22,753 - INFO - ============================================================

2026-03-20 10:07:32,754 - INFO - 
============================================================
2026-03-20 10:07:32,755 - INFO - 触发原因: 打印调试
2026-03-20 10:07:32,755 - INFO - 当前时间: 2026-03-20 10:07:32
2026-03-20 10:07:32,755 - INFO - 数据时间: 2026-03-20 10:07:32
2026-03-20 10:07:32,755 - INFO - 当前价格: 4947.759609155925
2026-03-20 10:07:32,755 - INFO - 上次打印时间: 2026-03-20 10:04:27
2026-03-20 10:07:32,755 - INFO - 上次打印价格: 4946.303386520982
2026-03-20 10:07:32,755 - INFO - 当前价格: 4947.759609155925
2026-03-20 10:07:32,756 - INFO - ============================================================

2026-03-20 10:07:42,765 - INFO - 
============================================================
2026-03-20 10:07:42,766 - INFO - 触发原因: 打印调试
2026-03-20 10:07:42,766 - INFO - 当前时间: 2026-03-20 10:07:42
2026-03-20 10:07:42,766 - INFO - 数据时间: 2026-03-20 10:07:42
2026-03-20 10:07:42,766 - INFO - 当前价格: 4944.875887364608
2026-03-20 10:07:42,766 - INFO - 上次打印时间: 2026-03-20 10:04:27
2026-03-20 10:07:42,767 - INFO - 上次打印价格: 4946.303386520982
2026-03-20 10:07:42,767 - INFO - 当前价格: 4944.875887364608
2026-03-20 10:07:42,767 - INFO - ============================================================

2026-03-20 10:07:52,780 - INFO - 
============================================================
2026-03-20 10:07:52,780 - INFO - 触发原因: 打印调试
2026-03-20 10:07:52,781 - INFO - 当前时间: 2026-03-20 10:07:52
2026-03-20 10:07:52,781 - INFO - 数据时间: 2026-03-20 10:07:52
2026-03-20 10:07:52,781 - INFO - 当前价格: 4951.524956542507
2026-03-20 10:07:52,782 - INFO - 上次打印时间: 2026-03-20 10:04:27
2026-03-20 10:07:52,782 - INFO - 上次打印价格: 4946.303386520982
2026-03-20 10:07:52,782 - INFO - 当前价格: 4951.524956542507
2026-03-20 10:07:52,782 - INFO - ============================================================

2026-03-20 10:08:02,792 - INFO - 
============================================================
2026-03-20 10:08:02,793 - INFO - 触发原因: 打印调试
2026-03-20 10:08:02,793 - INFO - 当前时间: 2026-03-20 10:08:02
2026-03-20 10:08:02,793 - INFO - 数据时间: 2026-03-20 10:08:02
2026-03-20 10:08:02,793 - INFO - 当前价格: 4958.191899220901
2026-03-20 10:08:02,793 - INFO - 上次打印时间: 2026-03-20 10:04:27
2026-03-20 10:08:02,793 - INFO - 上次打印价格: 4946.303386520982
2026-03-20 10:08:02,793 - INFO - 当前价格: 4958.191899220901
2026-03-20 10:08:02,793 - INFO - ============================================================

2026-03-20 10:08:02,794 - INFO - 
============================================================
2026-03-20 10:08:02,794 - INFO - 触发原因: 价格上涨超过整数变化
2026-03-20 10:08:02,794 - INFO - 当前时间: 2026-03-20 10:08:02
2026-03-20 10:08:02,794 - INFO - 数据时间: 2026-03-20 10:08:02
2026-03-20 10:08:02,794 - INFO - 当前价格: 4958.191899220901
2026-03-20 10:08:02,794 - INFO - 上次打印时间: 2026-03-20 10:04:27
2026-03-20 10:08:02,794 - INFO - 上次打印价格: 4946.303386520982
2026-03-20 10:08:02,795 - INFO - 当前价格: 4958.191899220901
2026-03-20 10:08:02,795 - INFO - Content-Type: multipart/mixed; boundary="===============3437086514934672113=="
MIME-Version: 1.0
Subject: =?utf-8?b?6buE6YeR5Lu35qC85o+Q6YaSIC0g5Lu35qC85LiK5rao6LaF6L+H5pW05pWw5Y+Y5YyWLOW9k+WJjeS7t+agvDQ5NTguMTkxODk5MjIwOTAx?=
From: 2741023538@qq.com
To: 2741023538@qq.com

--===============3437086514934672113==
Content-Type: text/plain; charset="utf-8"
MIME-Version: 1.0
Content-Transfer-Encoding: base64

CiAgICAgICAgICAgIOm7hOmHkeS7t+agvOebkeaOp+aPkOmGkgogICAgICAgICAgICDop6blj5Hl
jp/lm6A6IOS7t+agvOS4iua2qOi2hei/h+aVtOaVsOWPmOWMlgogICAgICAgICAgICDlvZPliY3m
l7bpl7Q6IDIwMjYtMDMtMjAgMTA6MDg6MDIKICAgICAgICAgICAg5pWw5o2u5pe26Ze0OiAyMDI2
LTAzLTIwIDEwOjA4OjAyCiAgICAgICAgICAgIOW9k+WJjeS7t+agvDogNDk1OC4xOTE4OTkyMjA5
MDEKICAgICAgICAgICAg5bey6Kem5Y+R55uu5qCHOiBbNDk1MF0KCiAgICAgICAgICAgIOS4iuas
oeaJk+WNsOaXtumXtDogMjAyNi0wMy0yMCAxMDowODowMgogICAgICAgICAgICDkuIrmrKHmiZPl
jbDku7fmoLw6IDQ5NTguMTkxODk5MjIwOTAxICDlvZPliY3ku7fmoLw6IDQ5NTguMTkxODk5MjIw
OTAxCiAgICAgICAgICAgIA==

--===============3437086514934672113==--

2026-03-20 10:08:03,038 - INFO - 正在连接到 smtp.qq.com:465
2026-03-20 10:08:03,038 - INFO - 使用用户名: 2741023538@qq.com
2026-03-20 10:08:03,096 - ERROR - 监控异常: 'ascii' codec can't encode characters in position 19-21: ordinal not in range(128)
2026-03-20 10:08:18,103 - INFO - 
============================================================
2026-03-20 10:08:18,103 - INFO - 触发原因: 打印调试
2026-03-20 10:08:18,103 - INFO - 当前时间: 2026-03-20 10:08:18
2026-03-20 10:08:18,103 - INFO - 数据时间: 2026-03-20 10:08:18
2026-03-20 10:08:18,104 - INFO - 当前价格: 4958.558441567533
2026-03-20 10:08:18,104 - INFO - 上次打印时间: 2026-03-20 10:08:02
2026-03-20 10:08:18,104 - INFO - 上次打印价格: 4958.191899220901
2026-03-20 10:08:18,104 - INFO - 当前价格: 4958.558441567533
2026-03-20 10:08:18,104 - INFO - ============================================================

2026-03-20 10:08:18,104 - INFO - 
============================================================
2026-03-20 10:08:18,104 - INFO - 触发原因: 10分钟定时打印
2026-03-20 10:08:18,104 - INFO - 当前时间: 2026-03-20 10:08:18
2026-03-20 10:08:18,104 - INFO - 数据时间: 2026-03-20 10:08:18
2026-03-20 10:08:18,105 - INFO - 当前价格: 4958.558441567533
2026-03-20 10:08:18,105 - INFO - 上次打印时间: 2026-03-20 10:08:02
2026-03-20 10:08:18,105 - INFO - 上次打印价格: 4958.191899220901
2026-03-20 10:08:18,105 - INFO - 当前价格: 4958.558441567533
2026-03-20 10:08:18,105 - INFO - Content-Type: multipart/mixed; boundary="===============6812688010811651930=="
MIME-Version: 1.0
Subject: =?utf-8?b?6buE6YeR5Lu35qC85o+Q6YaSIC0gMTDliIbpkp/lrprml7bmiZPljbAs5b2T5YmN5Lu35qC8NDk1OC41NTg0NDE1Njc1MzM=?=
From: 2741023538@qq.com
To: 2741023538@qq.com

--===============6812688010811651930==
Content-Type: text/plain; charset="utf-8"
MIME-Version: 1.0
Content-Transfer-Encoding: base64

CiAgICAgICAgICAgIOm7hOmHkeS7t+agvOebkeaOp+aPkOmGkgogICAgICAgICAgICDop6blj5Hl
jp/lm6A6IDEw5YiG6ZKf5a6a5pe25omT5Y2wCiAgICAgICAgICAgIOW9k+WJjeaXtumXtDogMjAy
Ni0wMy0yMCAxMDowODoxOAogICAgICAgICAgICDmlbDmja7ml7bpl7Q6IDIwMjYtMDMtMjAgMTA6
MDg6MTgKICAgICAgICAgICAg5b2T5YmN5Lu35qC8OiA0OTU4LjU1ODQ0MTU2NzUzMwogICAgICAg
ICAgICDlt7Lop6blj5Hnm67moIc6IFs0OTUwXQoKICAgICAgICAgICAg5LiK5qyh5omT5Y2w5pe2
6Ze0OiAyMDI2LTAzLTIwIDEwOjA4OjE4CiAgICAgICAgICAgIOS4iuasoeaJk+WNsOS7t+agvDog
NDk1OC41NTg0NDE1Njc1MzMgIOW9k+WJjeS7t+agvDogNDk1OC41NTg0NDE1Njc1MzMKICAgICAg
ICAgICAg

--===============6812688010811651930==--

2026-03-20 10:08:18,349 - INFO - 正在连接到 smtp.qq.com:465
2026-03-20 10:08:18,350 - INFO - 使用用户名: 2741023538@qq.com
2026-03-20 10:08:18,411 - ERROR - 监控异常: 'ascii' codec can't encode characters in position 19-21: ordinal not in range(128)
2026-03-20 10:08:33,425 - INFO - 
============================================================
2026-03-20 10:08:33,425 - INFO - 触发原因: 打印调试
2026-03-20 10:08:33,425 - INFO - 当前时间: 2026-03-20 10:08:33
2026-03-20 10:08:33,426 - INFO - 数据时间: 2026-03-20 10:08:33
2026-03-20 10:08:33,426 - INFO - 当前价格: 4947.496413764245
2026-03-20 10:08:33,426 - INFO - 上次打印时间: 2026-03-20 10:08:18
2026-03-20 10:08:33,426 - INFO - 上次打印价格: 4958.558441567533
2026-03-20 10:08:33,426 - INFO - 当前价格: 4947.496413764245
2026-03-20 10:08:33,426 - INFO - ============================================================

2026-03-20 10:08:33,426 - INFO - 
============================================================
2026-03-20 10:08:33,426 - INFO - 触发原因: 价格下跌超过整数变化
2026-03-20 10:08:33,427 - INFO - 当前时间: 2026-03-20 10:08:33
2026-03-20 10:08:33,427 - INFO - 数据时间: 2026-03-20 10:08:33
2026-03-20 10:08:33,427 - INFO - 当前价格: 4947.496413764245
2026-03-20 10:08:33,427 - INFO - 上次打印时间: 2026-03-20 10:08:18
2026-03-20 10:08:33,427 - INFO - 上次打印价格: 4958.558441567533
2026-03-20 10:08:33,427 - INFO - 当前价格: 4947.496413764245
2026-03-20 10:08:33,427 - INFO - Content-Type: multipart/mixed; boundary="===============9028428593329627021=="
MIME-Version: 1.0
Subject: =?utf-8?b?6buE6YeR5Lu35qC85o+Q6YaSIC0g5Lu35qC85LiL6LeM6LaF6L+H5pW05pWw5Y+Y5YyWLOW9k+WJjeS7t+agvDQ5NDcuNDk2NDEzNzY0MjQ1?=
From: 2741023538@qq.com
To: 2741023538@qq.com

--===============9028428593329627021==
Content-Type: text/plain; charset="utf-8"
MIME-Version: 1.0
Content-Transfer-Encoding: base64

CiAgICAgICAgICAgIOm7hOmHkeS7t+agvOebkeaOp+aPkOmGkgogICAgICAgICAgICDop6blj5Hl
jp/lm6A6IOS7t+agvOS4i+i3jOi2hei/h+aVtOaVsOWPmOWMlgogICAgICAgICAgICDlvZPliY3m
l7bpl7Q6IDIwMjYtMDMtMjAgMTA6MDg6MzMKICAgICAgICAgICAg5pWw5o2u5pe26Ze0OiAyMDI2
LTAzLTIwIDEwOjA4OjMzCiAgICAgICAgICAgIOW9k+WJjeS7t+agvDogNDk0Ny40OTY0MTM3NjQy
NDUKICAgICAgICAgICAg5bey6Kem5Y+R55uu5qCHOiBbNDk1MF0KCiAgICAgICAgICAgIOS4iuas
oeaJk+WNsOaXtumXtDogMjAyNi0wMy0yMCAxMDowODozMwogICAgICAgICAgICDkuIrmrKHmiZPl
jbDku7fmoLw6IDQ5NDcuNDk2NDEzNzY0MjQ1ICDlvZPliY3ku7fmoLw6IDQ5NDcuNDk2NDEzNzY0
MjQ1CiAgICAgICAgICAgIA==

--===============9028428593329627021==--

2026-03-20 10:08:33,703 - INFO - 正在连接到 smtp.qq.com:465
2026-03-20 10:08:33,703 - INFO - 使用用户名: 2741023538@qq.com
2026-03-20 10:08:33,807 - ERROR - 监控异常: 'ascii' codec can't encode characters in position 19-21: ordinal not in range(128)
2026-03-20 10:08:48,822 - INFO - 
============================================================
2026-03-20 10:08:48,822 - INFO - 触发原因: 打印调试
2026-03-20 10:08:48,823 - INFO - 当前时间: 2026-03-20 10:08:48
2026-03-20 10:08:48,823 - INFO - 数据时间: 2026-03-20 10:08:48
2026-03-20 10:08:48,823 - INFO - 当前价格: 4948.20713734461
2026-03-20 10:08:48,823 - INFO - 上次打印时间: 2026-03-20 10:08:33
2026-03-20 10:08:48,823 - INFO - 上次打印价格: 4947.496413764245
2026-03-20 10:08:48,823 - INFO - 当前价格: 4948.20713734461
2026-03-20 10:08:48,823 - INFO - ============================================================

2026-03-20 10:08:58,826 - INFO - 
============================================================
2026-03-20 10:08:58,826 - INFO - 触发原因: 打印调试
2026-03-20 10:08:58,826 - INFO - 当前时间: 2026-03-20 10:08:58
2026-03-20 10:08:58,826 - INFO - 数据时间: 2026-03-20 10:08:58
2026-03-20 10:08:58,826 - INFO - 当前价格: 4943.790740813999
2026-03-20 10:08:58,826 - INFO - 上次打印时间: 2026-03-20 10:08:33
2026-03-20 10:08:58,827 - INFO - 上次打印价格: 4947.496413764245
2026-03-20 10:08:58,827 - INFO - 当前价格: 4943.790740813999
2026-03-20 10:08:58,827 - INFO - ============================================================

2026-03-20 10:09:08,831 - INFO - 
============================================================
2026-03-20 10:09:08,831 - INFO - 触发原因: 打印调试
2026-03-20 10:09:08,831 - INFO - 当前时间: 2026-03-20 10:09:08
2026-03-20 10:09:08,831 - INFO - 数据时间: 2026-03-20 10:09:08
2026-03-20 10:09:08,831 - INFO - 当前价格: 4953.560248357948
2026-03-20 10:09:08,832 - INFO - 上次打印时间: 2026-03-20 10:08:33
2026-03-20 10:09:08,832 - INFO - 上次打印价格: 4947.496413764245
2026-03-20 10:09:08,832 - INFO - 当前价格: 4953.560248357948
2026-03-20 10:09:08,832 - INFO - ============================================================

2026-03-20 10:09:18,847 - INFO - 
============================================================
2026-03-20 10:09:18,847 - INFO - 触发原因: 打印调试
2026-03-20 10:09:18,847 - INFO - 当前时间: 2026-03-20 10:09:18
2026-03-20 10:09:18,847 - INFO - 数据时间: 2026-03-20 10:09:18
2026-03-20 10:09:18,847 - INFO - 当前价格: 4944.081761692615
2026-03-20 10:09:18,847 - INFO - 上次打印时间: 2026-03-20 10:08:33
2026-03-20 10:09:18,848 - INFO - 上次打印价格: 4947.496413764245
2026-03-20 10:09:18,848 - INFO - 当前价格: 4944.081761692615
2026-03-20 10:09:18,848 - INFO - ============================================================

2026-03-20 10:09:28,861 - INFO - 
============================================================
2026-03-20 10:09:28,861 - INFO - 触发原因: 打印调试
2026-03-20 10:09:28,862 - INFO - 当前时间: 2026-03-20 10:09:28
2026-03-20 10:09:28,862 - INFO - 数据时间: 2026-03-20 10:09:28
2026-03-20 10:09:28,862 - INFO - 当前价格: 4942.785356202793
2026-03-20 10:09:28,862 - INFO - 上次打印时间: 2026-03-20 10:08:33
2026-03-20 10:09:28,862 - INFO - 上次打印价格: 4947.496413764245
2026-03-20 10:09:28,862 - INFO - 当前价格: 4942.785356202793
2026-03-20 10:09:28,862 - INFO - ============================================================

2026-03-20 10:09:38,874 - INFO - 
============================================================
2026-03-20 10:09:38,875 - INFO - 触发原因: 打印调试
2026-03-20 10:09:38,875 - INFO - 当前时间: 2026-03-20 10:09:38
2026-03-20 10:09:38,875 - INFO - 数据时间: 2026-03-20 10:09:38
2026-03-20 10:09:38,875 - INFO - 当前价格: 4946.960238219963
2026-03-20 10:09:38,875 - INFO - 上次打印时间: 2026-03-20 10:08:33
2026-03-20 10:09:38,875 - INFO - 上次打印价格: 4947.496413764245
2026-03-20 10:09:38,875 - INFO - 当前价格: 4946.960238219963
2026-03-20 10:09:38,875 - INFO - ============================================================

2026-03-20 10:09:48,880 - INFO - 
============================================================
2026-03-20 10:09:48,880 - INFO - 触发原因: 打印调试
2026-03-20 10:09:48,881 - INFO - 当前时间: 2026-03-20 10:09:48
2026-03-20 10:09:48,881 - INFO - 数据时间: 2026-03-20 10:09:48
2026-03-20 10:09:48,881 - INFO - 当前价格: 4940.6774913092595
2026-03-20 10:09:48,881 - INFO - 上次打印时间: 2026-03-20 10:08:33
2026-03-20 10:09:48,881 - INFO - 上次打印价格: 4947.496413764245
2026-03-20 10:09:48,881 - INFO - 当前价格: 4940.6774913092595
2026-03-20 10:09:48,881 - INFO - ============================================================

2026-03-20 10:09:58,885 - INFO - 
============================================================
2026-03-20 10:09:58,885 - INFO - 触发原因: 打印调试
2026-03-20 10:09:58,885 - INFO - 当前时间: 2026-03-20 10:09:58
2026-03-20 10:09:58,885 - INFO - 数据时间: 2026-03-20 10:09:58
2026-03-20 10:09:58,886 - INFO - 当前价格: 4943.154958249536
2026-03-20 10:09:58,886 - INFO - 上次打印时间: 2026-03-20 10:08:33
2026-03-20 10:09:58,886 - INFO - 上次打印价格: 4947.496413764245
2026-03-20 10:09:58,886 - INFO - 当前价格: 4943.154958249536
2026-03-20 10:09:58,886 - INFO - ============================================================

2026-03-20 10:10:08,887 - INFO - 
============================================================
2026-03-20 10:10:08,888 - INFO - 触发原因: 打印调试
2026-03-20 10:10:08,888 - INFO - 当前时间: 2026-03-20 10:10:08
2026-03-20 10:10:08,888 - INFO - 数据时间: 2026-03-20 10:10:08
2026-03-20 10:10:08,888 - INFO - 当前价格: 4954.6362897322415
2026-03-20 10:10:08,888 - INFO - 上次打印时间: 2026-03-20 10:08:33
2026-03-20 10:10:08,888 - INFO - 上次打印价格: 4947.496413764245
2026-03-20 10:10:08,888 - INFO - 当前价格: 4954.6362897322415
2026-03-20 10:10:08,888 - INFO - ============================================================

2026-03-20 10:10:18,890 - INFO - 
============================================================
2026-03-20 10:10:18,891 - INFO - 触发原因: 打印调试
2026-03-20 10:10:18,891 - INFO - 当前时间: 2026-03-20 10:10:18
2026-03-20 10:10:18,891 - INFO - 数据时间: 2026-03-20 10:10:18
2026-03-20 10:10:18,891 - INFO - 当前价格: 4941.984394846076
2026-03-20 10:10:18,892 - INFO - 上次打印时间: 2026-03-20 10:08:33
2026-03-20 10:10:18,892 - INFO - 上次打印价格: 4947.496413764245
2026-03-20 10:10:18,892 - INFO - 当前价格: 4941.984394846076
2026-03-20 10:10:18,893 - INFO - ============================================================

2026-03-20 10:10:28,898 - INFO - 
============================================================
2026-03-20 10:10:28,898 - INFO - 触发原因: 打印调试
2026-03-20 10:10:28,899 - INFO - 当前时间: 2026-03-20 10:10:28
2026-03-20 10:10:28,899 - INFO - 数据时间: 2026-03-20 10:10:28
2026-03-20 10:10:28,900 - INFO - 当前价格: 4940.035684907138
2026-03-20 10:10:28,900 - INFO - 上次打印时间: 2026-03-20 10:08:33
2026-03-20 10:10:28,900 - INFO - 上次打印价格: 4947.496413764245
2026-03-20 10:10:28,900 - INFO - 当前价格: 4940.035684907138
2026-03-20 10:10:28,901 - INFO - ============================================================

2026-03-20 10:10:38,904 - INFO - 
============================================================
2026-03-20 10:10:38,904 - INFO - 触发原因: 打印调试
2026-03-20 10:10:38,904 - INFO - 当前时间: 2026-03-20 10:10:38
2026-03-20 10:10:38,904 - INFO - 数据时间: 2026-03-20 10:10:38
2026-03-20 10:10:38,904 - INFO - 当前价格: 4943.031526246374
2026-03-20 10:10:38,904 - INFO - 上次打印时间: 2026-03-20 10:08:33
2026-03-20 10:10:38,905 - INFO - 上次打印价格: 4947.496413764245
2026-03-20 10:10:38,905 - INFO - 当前价格: 4943.031526246374
2026-03-20 10:10:38,905 - INFO - ============================================================

2026-03-20 10:10:48,909 - INFO - 
============================================================
2026-03-20 10:10:48,909 - INFO - 触发原因: 打印调试
2026-03-20 10:10:48,909 - INFO - 当前时间: 2026-03-20 10:10:48
2026-03-20 10:10:48,909 - INFO - 数据时间: 2026-03-20 10:10:48
2026-03-20 10:10:48,909 - INFO - 当前价格: 4951.687637035119
2026-03-20 10:10:48,909 - INFO - 上次打印时间: 2026-03-20 10:08:33
2026-03-20 10:10:48,909 - INFO - 上次打印价格: 4947.496413764245
2026-03-20 10:10:48,909 - INFO - 当前价格: 4951.687637035119
2026-03-20 10:10:48,910 - INFO - ============================================================

2026-03-20 10:10:58,916 - INFO - 
============================================================
2026-03-20 10:10:58,916 - INFO - 触发原因: 打印调试
2026-03-20 10:10:58,917 - INFO - 当前时间: 2026-03-20 10:10:58
2026-03-20 10:10:58,917 - INFO - 数据时间: 2026-03-20 10:10:58
2026-03-20 10:10:58,917 - INFO - 当前价格: 4943.909287217704
2026-03-20 10:10:58,917 - INFO - 上次打印时间: 2026-03-20 10:08:33
2026-03-20 10:10:58,917 - INFO - 上次打印价格: 4947.496413764245
2026-03-20 10:10:58,917 - INFO - 当前价格: 4943.909287217704
2026-03-20 10:10:58,917 - INFO - ============================================================

2026-03-20 10:11:08,922 - INFO - 
============================================================
2026-03-20 10:11:08,922 - INFO - 触发原因: 打印调试
2026-03-20 10:11:08,922 - INFO - 当前时间: 2026-03-20 10:11:08
2026-03-20 10:11:08,922 - INFO - 数据时间: 2026-03-20 10:11:08
2026-03-20 10:11:08,923 - INFO - 当前价格: 4952.642805496012
2026-03-20 10:11:08,923 - INFO - 上次打印时间: 2026-03-20 10:08:33
2026-03-20 10:11:08,923 - INFO - 上次打印价格: 4947.496413764245
2026-03-20 10:11:08,923 - INFO - 当前价格: 4952.642805496012
2026-03-20 10:11:08,923 - INFO - ============================================================

2026-03-20 10:11:18,931 - INFO - 
============================================================
2026-03-20 10:11:18,931 - INFO - 触发原因: 打印调试
2026-03-20 10:11:18,932 - INFO - 当前时间: 2026-03-20 10:11:18
2026-03-20 10:11:18,932 - INFO - 数据时间: 2026-03-20 10:11:18
2026-03-20 10:11:18,932 - INFO - 当前价格: 4952.478341273468
2026-03-20 10:11:18,932 - INFO - 上次打印时间: 2026-03-20 10:08:33
2026-03-20 10:11:18,932 - INFO - 上次打印价格: 4947.496413764245
2026-03-20 10:11:18,932 - INFO - 当前价格: 4952.478341273468
2026-03-20 10:11:18,933 - INFO - ============================================================

2026-03-20 10:11:28,938 - INFO - 
============================================================
2026-03-20 10:11:28,938 - INFO - 触发原因: 打印调试
2026-03-20 10:11:28,939 - INFO - 当前时间: 2026-03-20 10:11:28
2026-03-20 10:11:28,939 - INFO - 数据时间: 2026-03-20 10:11:28
2026-03-20 10:11:28,939 - INFO - 当前价格: 4948.722551512885
2026-03-20 10:11:28,939 - INFO - 上次打印时间: 2026-03-20 10:08:33
2026-03-20 10:11:28,939 - INFO - 上次打印价格: 4947.496413764245
2026-03-20 10:11:28,939 - INFO - 当前价格: 4948.722551512885
2026-03-20 10:11:28,940 - INFO - ============================================================

2026-03-20 10:11:38,953 - INFO - 
============================================================
2026-03-20 10:11:38,953 - INFO - 触发原因: 打印调试
2026-03-20 10:11:38,953 - INFO - 当前时间: 2026-03-20 10:11:38
2026-03-20 10:11:38,953 - INFO - 数据时间: 2026-03-20 10:11:38
2026-03-20 10:11:38,953 - INFO - 当前价格: 4946.051974595746
2026-03-20 10:11:38,954 - INFO - 上次打印时间: 2026-03-20 10:08:33
2026-03-20 10:11:38,954 - INFO - 上次打印价格: 4947.496413764245
2026-03-20 10:11:38,954 - INFO - 当前价格: 4946.051974595746
2026-03-20 10:11:38,954 - INFO - ============================================================

2026-03-20 10:11:48,964 - INFO - 
============================================================
2026-03-20 10:11:48,964 - INFO - 触发原因: 打印调试
2026-03-20 10:11:48,964 - INFO - 当前时间: 2026-03-20 10:11:48
2026-03-20 10:11:48,965 - INFO - 数据时间: 2026-03-20 10:11:48
2026-03-20 10:11:48,965 - INFO - 当前价格: 4940.044629219537
2026-03-20 10:11:48,965 - INFO - 上次打印时间: 2026-03-20 10:08:33
2026-03-20 10:11:48,965 - INFO - 上次打印价格: 4947.496413764245
2026-03-20 10:11:48,965 - INFO - 当前价格: 4940.044629219537
2026-03-20 10:11:48,965 - INFO - ============================================================

2026-03-20 10:11:58,971 - INFO - 
============================================================
2026-03-20 10:11:58,972 - INFO - 触发原因: 打印调试
2026-03-20 10:11:58,972 - INFO - 当前时间: 2026-03-20 10:11:58
2026-03-20 10:11:58,972 - INFO - 数据时间: 2026-03-20 10:11:58
2026-03-20 10:11:58,972 - INFO - 当前价格: 4943.365661913032
2026-03-20 10:11:58,972 - INFO - 上次打印时间: 2026-03-20 10:08:33
2026-03-20 10:11:58,972 - INFO - 上次打印价格: 4947.496413764245
2026-03-20 10:11:58,972 - INFO - 当前价格: 4943.365661913032
2026-03-20 10:11:58,972 - INFO - ============================================================

2026-03-20 10:12:08,986 - INFO - 
============================================================
2026-03-20 10:12:08,986 - INFO - 触发原因: 打印调试
2026-03-20 10:12:08,987 - INFO - 当前时间: 2026-03-20 10:12:08
2026-03-20 10:12:08,987 - INFO - 数据时间: 2026-03-20 10:12:08
2026-03-20 10:12:08,987 - INFO - 当前价格: 4949.80794852526
2026-03-20 10:12:08,987 - INFO - 上次打印时间: 2026-03-20 10:08:33
2026-03-20 10:12:08,987 - INFO - 上次打印价格: 4947.496413764245
2026-03-20 10:12:08,987 - INFO - 当前价格: 4949.80794852526
2026-03-20 10:12:08,988 - INFO - ============================================================

2026-03-20 10:12:18,998 - INFO - 
============================================================
2026-03-20 10:12:18,998 - INFO - 触发原因: 打印调试
2026-03-20 10:12:18,998 - INFO - 当前时间: 2026-03-20 10:12:18
2026-03-20 10:12:18,998 - INFO - 数据时间: 2026-03-20 10:12:18
2026-03-20 10:12:18,998 - INFO - 当前价格: 4946.899878644949
2026-03-20 10:12:18,998 - INFO - 上次打印时间: 2026-03-20 10:08:33
2026-03-20 10:12:18,998 - INFO - 上次打印价格: 4947.496413764245
2026-03-20 10:12:18,999 - INFO - 当前价格: 4946.899878644949
2026-03-20 10:12:18,999 - INFO - ============================================================

2026-03-20 10:12:29,001 - INFO - 
============================================================
2026-03-20 10:12:29,001 - INFO - 触发原因: 打印调试
2026-03-20 10:12:29,001 - INFO - 当前时间: 2026-03-20 10:12:29
2026-03-20 10:12:29,002 - INFO - 数据时间: 2026-03-20 10:12:29
2026-03-20 10:12:29,002 - INFO - 当前价格: 4957.085311700517
2026-03-20 10:12:29,002 - INFO - 上次打印时间: 2026-03-20 10:08:33
2026-03-20 10:12:29,002 - INFO - 上次打印价格: 4947.496413764245
2026-03-20 10:12:29,002 - INFO - 当前价格: 4957.085311700517
2026-03-20 10:12:29,002 - INFO - ============================================================

2026-03-20 10:12:29,003 - INFO - 
============================================================
2026-03-20 10:12:29,003 - INFO - 触发原因: 价格上涨超过整数变化
2026-03-20 10:12:29,003 - INFO - 当前时间: 2026-03-20 10:12:29
2026-03-20 10:12:29,003 - INFO - 数据时间: 2026-03-20 10:12:29
2026-03-20 10:12:29,003 - INFO - 当前价格: 4957.085311700517
2026-03-20 10:12:29,003 - INFO - 上次打印时间: 2026-03-20 10:08:33
2026-03-20 10:12:29,004 - INFO - 上次打印价格: 4947.496413764245
2026-03-20 10:12:29,004 - INFO - 当前价格: 4957.085311700517
2026-03-20 10:12:29,004 - INFO - Content-Type: multipart/mixed; boundary="===============7308174378770680330=="
MIME-Version: 1.0
Subject: =?utf-8?b?6buE6YeR5Lu35qC85o+Q6YaSIC0g5Lu35qC85LiK5rao6LaF6L+H5pW05pWw5Y+Y5YyWLOW9k+WJjeS7t+agvDQ5NTcuMDg1MzExNzAwNTE3?=
From: 2741023538@qq.com
To: 2741023538@qq.com

--===============7308174378770680330==
Content-Type: text/plain; charset="utf-8"
MIME-Version: 1.0
Content-Transfer-Encoding: base64

CiAgICAgICAgICAgIOm7hOmHkeS7t+agvOebkeaOp+aPkOmGkgogICAgICAgICAgICDop6blj5Hl
jp/lm6A6IOS7t+agvOS4iua2qOi2hei/h+aVtOaVsOWPmOWMlgogICAgICAgICAgICDlvZPliY3m
l7bpl7Q6IDIwMjYtMDMtMjAgMTA6MTI6MjkKICAgICAgICAgICAg5pWw5o2u5pe26Ze0OiAyMDI2
LTAzLTIwIDEwOjEyOjI5CiAgICAgICAgICAgIOW9k+WJjeS7t+agvDogNDk1Ny4wODUzMTE3MDA1
MTcKICAgICAgICAgICAg5bey6Kem5Y+R55uu5qCHOiBbNDk1MF0KCiAgICAgICAgICAgIOS4iuas
oeaJk+WNsOaXtumXtDogMjAyNi0wMy0yMCAxMDoxMjoyOQogICAgICAgICAgICDkuIrmrKHmiZPl
jbDku7fmoLw6IDQ5NTcuMDg1MzExNzAwNTE3ICDlvZPliY3ku7fmoLw6IDQ5NTcuMDg1MzExNzAw
NTE3CiAgICAgICAgICAgIA==

--===============7308174378770680330==--

2026-03-20 10:12:29,427 - INFO - 正在连接到 smtp.qq.com:465
2026-03-20 10:12:29,427 - INFO - 使用用户名: 2741023538@qq.com
2026-03-20 10:12:29,511 - ERROR - 监控异常: 'ascii' codec can't encode characters in position 19-21: ordinal not in range(128)
2026-03-20 10:12:44,541 - INFO - 
============================================================
2026-03-20 10:12:44,541 - INFO - 触发原因: 打印调试
2026-03-20 10:12:44,541 - INFO - 当前时间: 2026-03-20 10:12:44
2026-03-20 10:12:44,541 - INFO - 数据时间: 2026-03-20 10:12:44
2026-03-20 10:12:44,542 - INFO - 当前价格: 4949.117917845948
2026-03-20 10:12:44,542 - INFO - 上次打印时间: 2026-03-20 10:12:29
2026-03-20 10:12:44,542 - INFO - 上次打印价格: 4957.085311700517
2026-03-20 10:12:44,542 - INFO - 当前价格: 4949.117917845948
2026-03-20 10:12:44,542 - INFO - ============================================================

2026-03-20 10:12:54,544 - INFO - 
============================================================
2026-03-20 10:12:54,544 - INFO - 触发原因: 打印调试
2026-03-20 10:12:54,544 - INFO - 当前时间: 2026-03-20 10:12:54
2026-03-20 10:12:54,545 - INFO - 数据时间: 2026-03-20 10:12:54
2026-03-20 10:12:54,545 - INFO - 当前价格: 4942.311774964167
2026-03-20 10:12:54,545 - INFO - 上次打印时间: 2026-03-20 10:12:29
2026-03-20 10:12:54,545 - INFO - 上次打印价格: 4957.085311700517
2026-03-20 10:12:54,545 - INFO - 当前价格: 4942.311774964167
2026-03-20 10:12:54,545 - INFO - ============================================================

2026-03-20 10:12:54,545 - INFO - 
============================================================
2026-03-20 10:12:54,545 - INFO - 触发原因: 价格下跌超过整数变化
2026-03-20 10:12:54,545 - INFO - 当前时间: 2026-03-20 10:12:54
2026-03-20 10:12:54,545 - INFO - 数据时间: 2026-03-20 10:12:54
2026-03-20 10:12:54,545 - INFO - 当前价格: 4942.311774964167
2026-03-20 10:12:54,545 - INFO - 上次打印时间: 2026-03-20 10:12:29
2026-03-20 10:12:54,546 - INFO - 上次打印价格: 4957.085311700517
2026-03-20 10:12:54,546 - INFO - 当前价格: 4942.311774964167
2026-03-20 10:12:54,546 - INFO - Content-Type: multipart/mixed; boundary="===============6125271853856021914=="
MIME-Version: 1.0
Subject: =?utf-8?b?6buE6YeR5Lu35qC85o+Q6YaSIC0g5Lu35qC85LiL6LeM6LaF6L+H5pW05pWw5Y+Y5YyWLOW9k+WJjeS7t+agvDQ5NDIuMzExNzc0OTY0MTY3?=
From: 2741023538@qq.com
To: 2741023538@qq.com

--===============6125271853856021914==
Content-Type: text/plain; charset="utf-8"
MIME-Version: 1.0
Content-Transfer-Encoding: base64

CiAgICAgICAgICAgIOm7hOmHkeS7t+agvOebkeaOp+aPkOmGkgogICAgICAgICAgICDop6blj5Hl
jp/lm6A6IOS7t+agvOS4i+i3jOi2hei/h+aVtOaVsOWPmOWMlgogICAgICAgICAgICDlvZPliY3m
l7bpl7Q6IDIwMjYtMDMtMjAgMTA6MTI6NTQKICAgICAgICAgICAg5pWw5o2u5pe26Ze0OiAyMDI2
LTAzLTIwIDEwOjEyOjU0CiAgICAgICAgICAgIOW9k+WJjeS7t+agvDogNDk0Mi4zMTE3NzQ5NjQx
NjcKICAgICAgICAgICAg5bey6Kem5Y+R55uu5qCHOiBbNDk1MF0KCiAgICAgICAgICAgIOS4iuas
oeaJk+WNsOaXtumXtDogMjAyNi0wMy0yMCAxMDoxMjo1NAogICAgICAgICAgICDkuIrmrKHmiZPl
jbDku7fmoLw6IDQ5NDIuMzExNzc0OTY0MTY3ICDlvZPliY3ku7fmoLw6IDQ5NDIuMzExNzc0OTY0
MTY3CiAgICAgICAgICAgIA==

--===============6125271853856021914==--

2026-03-20 10:12:54,810 - INFO - 正在连接到 smtp.qq.com:465
2026-03-20 10:12:54,810 - INFO - 使用用户名: 2741023538@qq.com
2026-03-20 10:12:54,868 - ERROR - 监控异常: 'ascii' codec can't encode characters in position 19-21: ordinal not in range(128)
2026-03-20 10:13:09,897 - INFO - 
============================================================
2026-03-20 10:13:09,897 - INFO - 触发原因: 打印调试
2026-03-20 10:13:09,898 - INFO - 当前时间: 2026-03-20 10:13:09
2026-03-20 10:13:09,898 - INFO - 数据时间: 2026-03-20 10:13:09
2026-03-20 10:13:09,898 - INFO - 当前价格: 4952.449774897687
2026-03-20 10:13:09,898 - INFO - 上次打印时间: 2026-03-20 10:12:54
2026-03-20 10:13:09,898 - INFO - 上次打印价格: 4942.311774964167
2026-03-20 10:13:09,898 - INFO - 当前价格: 4952.449774897687
2026-03-20 10:13:09,898 - INFO - ============================================================

2026-03-20 10:13:09,898 - INFO - 
============================================================
2026-03-20 10:13:09,899 - INFO - 触发原因: 价格上涨超过整数变化
2026-03-20 10:13:09,899 - INFO - 当前时间: 2026-03-20 10:13:09
2026-03-20 10:13:09,899 - INFO - 数据时间: 2026-03-20 10:13:09
2026-03-20 10:13:09,899 - INFO - 当前价格: 4952.449774897687
2026-03-20 10:13:09,899 - INFO - 上次打印时间: 2026-03-20 10:12:54
2026-03-20 10:13:09,899 - INFO - 上次打印价格: 4942.311774964167
2026-03-20 10:13:09,899 - INFO - 当前价格: 4952.449774897687
2026-03-20 10:13:09,900 - INFO - Content-Type: multipart/mixed; boundary="===============5480809989456469525=="
MIME-Version: 1.0
Subject: =?utf-8?b?6buE6YeR5Lu35qC85o+Q6YaSIC0g5Lu35qC85LiK5rao6LaF6L+H5pW05pWw5Y+Y5YyWLOW9k+WJjeS7t+agvDQ5NTIuNDQ5Nzc0ODk3Njg3?=
From: 2741023538@qq.com
To: 2741023538@qq.com

--===============5480809989456469525==
Content-Type: text/plain; charset="utf-8"
MIME-Version: 1.0
Content-Transfer-Encoding: base64

CiAgICAgICAgICAgIOm7hOmHkeS7t+agvOebkeaOp+aPkOmGkgogICAgICAgICAgICDop6blj5Hl
jp/lm6A6IOS7t+agvOS4iua2qOi2hei/h+aVtOaVsOWPmOWMlgogICAgICAgICAgICDlvZPliY3m
l7bpl7Q6IDIwMjYtMDMtMjAgMTA6MTM6MDkKICAgICAgICAgICAg5pWw5o2u5pe26Ze0OiAyMDI2
LTAzLTIwIDEwOjEzOjA5CiAgICAgICAgICAgIOW9k+WJjeS7t+agvDogNDk1Mi40NDk3NzQ4OTc2
ODcKICAgICAgICAgICAg5bey6Kem5Y+R55uu5qCHOiBbNDk1MF0KCiAgICAgICAgICAgIOS4iuas
oeaJk+WNsOaXtumXtDogMjAyNi0wMy0yMCAxMDoxMzowOQogICAgICAgICAgICDkuIrmrKHmiZPl
jbDku7fmoLw6IDQ5NTIuNDQ5Nzc0ODk3Njg3ICDlvZPliY3ku7fmoLw6IDQ5NTIuNDQ5Nzc0ODk3
Njg3CiAgICAgICAgICAgIA==

--===============5480809989456469525==--

2026-03-20 10:13:10,295 - INFO - 正在连接到 smtp.qq.com:465
2026-03-20 10:13:10,295 - INFO - 使用用户名: 2741023538@qq.com
2026-03-20 10:13:10,351 - ERROR - 监控异常: 'ascii' codec can't encode characters in position 19-21: ordinal not in range(128)
2026-03-20 10:13:25,365 - INFO - 
============================================================
2026-03-20 10:13:25,365 - INFO - 触发原因: 打印调试
2026-03-20 10:13:25,365 - INFO - 当前时间: 2026-03-20 10:13:25
2026-03-20 10:13:25,366 - INFO - 数据时间: 2026-03-20 10:13:25
2026-03-20 10:13:25,366 - INFO - 当前价格: 4941.10120418721
2026-03-20 10:13:25,366 - INFO - 上次打印时间: 2026-03-20 10:13:09
2026-03-20 10:13:25,366 - INFO - 上次打印价格: 4952.449774897687
2026-03-20 10:13:25,366 - INFO - 当前价格: 4941.10120418721
2026-03-20 10:13:25,366 - INFO - ============================================================

2026-03-20 10:13:25,367 - INFO - 
============================================================
2026-03-20 10:13:25,367 - INFO - 触发原因: 价格下跌超过整数变化
2026-03-20 10:13:25,367 - INFO - 当前时间: 2026-03-20 10:13:25
2026-03-20 10:13:25,367 - INFO - 数据时间: 2026-03-20 10:13:25
2026-03-20 10:13:25,367 - INFO - 当前价格: 4941.10120418721
2026-03-20 10:13:25,367 - INFO - 上次打印时间: 2026-03-20 10:13:09
2026-03-20 10:13:25,368 - INFO - 上次打印价格: 4952.449774897687
2026-03-20 10:13:25,368 - INFO - 当前价格: 4941.10120418721
2026-03-20 10:13:25,368 - INFO - Content-Type: multipart/mixed; boundary="===============4231701474891327749=="
MIME-Version: 1.0
Subject: =?utf-8?b?6buE6YeR5Lu35qC85o+Q6YaSIC0g5Lu35qC85LiL6LeM6LaF6L+H5pW05pWw5Y+Y5YyWLOW9k+WJjeS7t+agvDQ5NDEuMTAxMjA0MTg3MjE=?=
From: 2741023538@qq.com
To: 2741023538@qq.com

--===============4231701474891327749==
Content-Type: text/plain; charset="utf-8"
MIME-Version: 1.0
Content-Transfer-Encoding: base64

CiAgICAgICAgICAgIOm7hOmHkeS7t+agvOebkeaOp+aPkOmGkgogICAgICAgICAgICDop6blj5Hl
jp/lm6A6IOS7t+agvOS4i+i3jOi2hei/h+aVtOaVsOWPmOWMlgogICAgICAgICAgICDlvZPliY3m
l7bpl7Q6IDIwMjYtMDMtMjAgMTA6MTM6MjUKICAgICAgICAgICAg5pWw5o2u5pe26Ze0OiAyMDI2
LTAzLTIwIDEwOjEzOjI1CiAgICAgICAgICAgIOW9k+WJjeS7t+agvDogNDk0MS4xMDEyMDQxODcy
MQogICAgICAgICAgICDlt7Lop6blj5Hnm67moIc6IFs0OTUwXQoKICAgICAgICAgICAg5LiK5qyh
5omT5Y2w5pe26Ze0OiAyMDI2LTAzLTIwIDEwOjEzOjI1CiAgICAgICAgICAgIOS4iuasoeaJk+WN
sOS7t+agvDogNDk0MS4xMDEyMDQxODcyMSAg5b2T5YmN5Lu35qC8OiA0OTQxLjEwMTIwNDE4NzIx
CiAgICAgICAgICAgIA==

--===============4231701474891327749==--

2026-03-20 10:13:25,606 - INFO - 正在连接到 smtp.qq.com:465
2026-03-20 10:13:25,606 - INFO - 使用用户名: 2741023538@qq.com
2026-03-20 10:13:25,660 - ERROR - 监控异常: 'ascii' codec can't encode characters in position 19-21: ordinal not in range(128)
2026-03-20 10:13:40,665 - INFO - 
============================================================
2026-03-20 10:13:40,665 - INFO - 触发原因: 打印调试
2026-03-20 10:13:40,666 - INFO - 当前时间: 2026-03-20 10:13:40
2026-03-20 10:13:40,666 - INFO - 数据时间: 2026-03-20 10:13:40
2026-03-20 10:13:40,666 - INFO - 当前价格: 4957.089498742243
2026-03-20 10:13:40,666 - INFO - 上次打印时间: 2026-03-20 10:13:25
2026-03-20 10:13:40,666 - INFO - 上次打印价格: 4941.10120418721
2026-03-20 10:13:40,666 - INFO - 当前价格: 4957.089498742243
2026-03-20 10:13:40,667 - INFO - ============================================================

2026-03-20 10:13:40,667 - INFO - 
============================================================
2026-03-20 10:13:40,667 - INFO - 触发原因: 价格上涨超过整数变化
2026-03-20 10:13:40,667 - INFO - 当前时间: 2026-03-20 10:13:40
2026-03-20 10:13:40,667 - INFO - 数据时间: 2026-03-20 10:13:40
2026-03-20 10:13:40,667 - INFO - 当前价格: 4957.089498742243
2026-03-20 10:13:40,667 - INFO - 上次打印时间: 2026-03-20 10:13:25
2026-03-20 10:13:40,667 - INFO - 上次打印价格: 4941.10120418721
2026-03-20 10:13:40,667 - INFO - 当前价格: 4957.089498742243
2026-03-20 10:13:40,668 - INFO - Content-Type: multipart/mixed; boundary="===============6327590558552605629=="
MIME-Version: 1.0
Subject: =?utf-8?b?6buE6YeR5Lu35qC85o+Q6YaSIC0g5Lu35qC85LiK5rao6LaF6L+H5pW05pWw5Y+Y5YyWLOW9k+WJjeS7t+agvDQ5NTcuMDg5NDk4NzQyMjQz?=
From: 2741023538@qq.com
To: 2741023538@qq.com

--===============6327590558552605629==
Content-Type: text/plain; charset="utf-8"
MIME-Version: 1.0
Content-Transfer-Encoding: base64

CiAgICAgICAgICAgIOm7hOmHkeS7t+agvOebkeaOp+aPkOmGkgogICAgICAgICAgICDop6blj5Hl
jp/lm6A6IOS7t+agvOS4iua2qOi2hei/h+aVtOaVsOWPmOWMlgogICAgICAgICAgICDlvZPliY3m
l7bpl7Q6IDIwMjYtMDMtMjAgMTA6MTM6NDAKICAgICAgICAgICAg5pWw5o2u5pe26Ze0OiAyMDI2
LTAzLTIwIDEwOjEzOjQwCiAgICAgICAgICAgIOW9k+WJjeS7t+agvDogNDk1Ny4wODk0OTg3NDIy
NDMKICAgICAgICAgICAg5bey6Kem5Y+R55uu5qCHOiBbNDk1MF0KCiAgICAgICAgICAgIOS4iuas
oeaJk+WNsOaXtumXtDogMjAyNi0wMy0yMCAxMDoxMzo0MAogICAgICAgICAgICDkuIrmrKHmiZPl
jbDku7fmoLw6IDQ5NTcuMDg5NDk4NzQyMjQzICDlvZPliY3ku7fmoLw6IDQ5NTcuMDg5NDk4NzQy
MjQzCiAgICAgICAgICAgIA==

--===============6327590558552605629==--

2026-03-20 10:13:40,914 - INFO - 正在连接到 smtp.qq.com:465
2026-03-20 10:13:40,914 - INFO - 使用用户名: 2741023538@qq.com
2026-03-20 10:13:40,973 - ERROR - 监控异常: 'ascii' codec can't encode characters in position 19-21: ordinal not in range(128)
2026-03-20 10:13:55,979 - INFO - 
============================================================
2026-03-20 10:13:55,979 - INFO - 触发原因: 打印调试
2026-03-20 10:13:55,979 - INFO - 当前时间: 2026-03-20 10:13:55
2026-03-20 10:13:55,979 - INFO - 数据时间: 2026-03-20 10:13:55
2026-03-20 10:13:55,979 - INFO - 当前价格: 4958.288654598797
2026-03-20 10:13:55,980 - INFO - 上次打印时间: 2026-03-20 10:13:40
2026-03-20 10:13:55,980 - INFO - 上次打印价格: 4957.089498742243
2026-03-20 10:13:55,980 - INFO - 当前价格: 4958.288654598797
2026-03-20 10:13:55,980 - INFO - ============================================================

2026-03-20 10:14:05,988 - INFO - 
============================================================
2026-03-20 10:14:05,989 - INFO - 触发原因: 打印调试
2026-03-20 10:14:05,989 - INFO - 当前时间: 2026-03-20 10:14:05
2026-03-20 10:14:05,989 - INFO - 数据时间: 2026-03-20 10:14:05
2026-03-20 10:14:05,989 - INFO - 当前价格: 4959.054483966941
2026-03-20 10:14:05,990 - INFO - 上次打印时间: 2026-03-20 10:13:40
2026-03-20 10:14:05,990 - INFO - 上次打印价格: 4957.089498742243
2026-03-20 10:14:05,990 - INFO - 当前价格: 4959.054483966941
2026-03-20 10:14:05,990 - INFO - ============================================================

2026-03-20 10:14:15,991 - INFO - 
============================================================
2026-03-20 10:14:15,991 - INFO - 触发原因: 打印调试
2026-03-20 10:14:15,991 - INFO - 当前时间: 2026-03-20 10:14:15
2026-03-20 10:14:15,991 - INFO - 数据时间: 2026-03-20 10:14:15
2026-03-20 10:14:15,992 - INFO - 当前价格: 4952.4224917041465
2026-03-20 10:14:15,992 - INFO - 上次打印时间: 2026-03-20 10:13:40
2026-03-20 10:14:15,992 - INFO - 上次打印价格: 4957.089498742243
2026-03-20 10:14:15,992 - INFO - 当前价格: 4952.4224917041465
2026-03-20 10:14:15,992 - INFO - ============================================================

2026-03-20 10:14:26,000 - INFO - 
============================================================
2026-03-20 10:14:26,000 - INFO - 触发原因: 打印调试
2026-03-20 10:14:26,001 - INFO - 当前时间: 2026-03-20 10:14:25
2026-03-20 10:14:26,001 - INFO - 数据时间: 2026-03-20 10:14:25
2026-03-20 10:14:26,001 - INFO - 当前价格: 4946.531355956032
2026-03-20 10:14:26,001 - INFO - 上次打印时间: 2026-03-20 10:13:40
2026-03-20 10:14:26,001 - INFO - 上次打印价格: 4957.089498742243
2026-03-20 10:14:26,002 - INFO - 当前价格: 4946.531355956032
2026-03-20 10:14:26,002 - INFO - ============================================================

2026-03-20 10:14:26,002 - INFO - 
============================================================
2026-03-20 10:14:26,002 - INFO - 触发原因: 价格下跌超过整数变化
2026-03-20 10:14:26,002 - INFO - 当前时间: 2026-03-20 10:14:26
2026-03-20 10:14:26,003 - INFO - 数据时间: 2026-03-20 10:14:25
2026-03-20 10:14:26,003 - INFO - 当前价格: 4946.531355956032
2026-03-20 10:14:26,003 - INFO - 上次打印时间: 2026-03-20 10:13:40
2026-03-20 10:14:26,003 - INFO - 上次打印价格: 4957.089498742243
2026-03-20 10:14:26,003 - INFO - 当前价格: 4946.531355956032
2026-03-20 10:14:26,004 - INFO - Content-Type: multipart/mixed; boundary="===============4768531777383222227=="
MIME-Version: 1.0
Subject: =?utf-8?b?6buE6YeR5Lu35qC85o+Q6YaSIC0g5Lu35qC85LiL6LeM6LaF6L+H5pW05pWw5Y+Y5YyWLOW9k+WJjeS7t+agvDQ5NDYuNTMxMzU1OTU2MDMy?=
From: 2741023538@qq.com
To: 2741023538@qq.com

--===============4768531777383222227==
Content-Type: text/plain; charset="utf-8"
MIME-Version: 1.0
Content-Transfer-Encoding: base64

CiAgICAgICAgICAgIOm7hOmHkeS7t+agvOebkeaOp+aPkOmGkgogICAgICAgICAgICDop6blj5Hl
jp/lm6A6IOS7t+agvOS4i+i3jOi2hei/h+aVtOaVsOWPmOWMlgogICAgICAgICAgICDlvZPliY3m
l7bpl7Q6IDIwMjYtMDMtMjAgMTA6MTQ6MjYKICAgICAgICAgICAg5pWw5o2u5pe26Ze0OiAyMDI2
LTAzLTIwIDEwOjE0OjI1CiAgICAgICAgICAgIOW9k+WJjeS7t+agvDogNDk0Ni41MzEzNTU5NTYw
MzIKICAgICAgICAgICAg5bey6Kem5Y+R55uu5qCHOiBbNDk1MF0KCiAgICAgICAgICAgIOS4iuas
oeaJk+WNsOaXtumXtDogMjAyNi0wMy0yMCAxMDoxNDoyNgogICAgICAgICAgICDkuIrmrKHmiZPl
jbDku7fmoLw6IDQ5NDYuNTMxMzU1OTU2MDMyICDlvZPliY3ku7fmoLw6IDQ5NDYuNTMxMzU1OTU2
MDMyCiAgICAgICAgICAgIA==

--===============4768531777383222227==--

2026-03-20 10:14:26,251 - INFO - 正在连接到 smtp.qq.com:465
2026-03-20 10:14:26,251 - INFO - 使用用户名: 2741023538@qq.com
2026-03-20 10:14:26,363 - ERROR - 监控异常: 'ascii' codec can't encode characters in position 19-21: ordinal not in range(128)
2026-03-20 10:14:41,382 - INFO - 
============================================================
2026-03-20 10:14:41,382 - INFO - 触发原因: 打印调试
2026-03-20 10:14:41,383 - INFO - 当前时间: 2026-03-20 10:14:41
2026-03-20 10:14:41,383 - INFO - 数据时间: 2026-03-20 10:14:41
2026-03-20 10:14:41,383 - INFO - 当前价格: 4949.308445188795
2026-03-20 10:14:41,383 - INFO - 上次打印时间: 2026-03-20 10:14:26
2026-03-20 10:14:41,383 - INFO - 上次打印价格: 4946.531355956032
2026-03-20 10:14:41,383 - INFO - 当前价格: 4949.308445188795
2026-03-20 10:14:41,383 - INFO - ============================================================

2026-03-20 10:14:51,387 - INFO - 
============================================================
2026-03-20 10:14:51,387 - INFO - 触发原因: 打印调试
2026-03-20 10:14:51,387 - INFO - 当前时间: 2026-03-20 10:14:51
2026-03-20 10:14:51,387 - INFO - 数据时间: 2026-03-20 10:14:51
2026-03-20 10:14:51,387 - INFO - 当前价格: 4947.03440948323
2026-03-20 10:14:51,387 - INFO - 上次打印时间: 2026-03-20 10:14:26
2026-03-20 10:14:51,387 - INFO - 上次打印价格: 4946.531355956032
2026-03-20 10:14:51,387 - INFO - 当前价格: 4947.03440948323
2026-03-20 10:14:51,388 - INFO - ============================================================

2026-03-20 10:15:01,391 - INFO - 
============================================================
2026-03-20 10:15:01,391 - INFO - 触发原因: 打印调试
2026-03-20 10:15:01,392 - INFO - 当前时间: 2026-03-20 10:15:01
2026-03-20 10:15:01,392 - INFO - 数据时间: 2026-03-20 10:15:01
2026-03-20 10:15:01,392 - INFO - 当前价格: 4959.320671825753
2026-03-20 10:15:01,392 - INFO - 上次打印时间: 2026-03-20 10:14:26
2026-03-20 10:15:01,392 - INFO - 上次打印价格: 4946.531355956032
2026-03-20 10:15:01,392 - INFO - 当前价格: 4959.320671825753
2026-03-20 10:15:01,392 - INFO - ============================================================

2026-03-20 10:15:01,393 - INFO - 
============================================================
2026-03-20 10:15:01,393 - INFO - 触发原因: 价格上涨超过整数变化
2026-03-20 10:15:01,393 - INFO - 当前时间: 2026-03-20 10:15:01
2026-03-20 10:15:01,393 - INFO - 数据时间: 2026-03-20 10:15:01
2026-03-20 10:15:01,393 - INFO - 当前价格: 4959.320671825753
2026-03-20 10:15:01,393 - INFO - 上次打印时间: 2026-03-20 10:14:26
2026-03-20 10:15:01,393 - INFO - 上次打印价格: 4946.531355956032
2026-03-20 10:15:01,393 - INFO - 当前价格: 4959.320671825753
2026-03-20 10:15:01,394 - INFO - Content-Type: multipart/mixed; boundary="===============8390003242812218736=="
MIME-Version: 1.0
Subject: =?utf-8?b?6buE6YeR5Lu35qC85o+Q6YaSIC0g5Lu35qC85LiK5rao6LaF6L+H5pW05pWw5Y+Y5YyWLOW9k+WJjeS7t+agvDQ5NTkuMzIwNjcxODI1NzUz?=
From: 2741023538@qq.com
To: 2741023538@qq.com

--===============8390003242812218736==
Content-Type: text/plain; charset="utf-8"
MIME-Version: 1.0
Content-Transfer-Encoding: base64

CiAgICAgICAgICAgIOm7hOmHkeS7t+agvOebkeaOp+aPkOmGkgogICAgICAgICAgICDop6blj5Hl
jp/lm6A6IOS7t+agvOS4iua2qOi2hei/h+aVtOaVsOWPmOWMlgogICAgICAgICAgICDlvZPliY3m
l7bpl7Q6IDIwMjYtMDMtMjAgMTA6MTU6MDEKICAgICAgICAgICAg5pWw5o2u5pe26Ze0OiAyMDI2
LTAzLTIwIDEwOjE1OjAxCiAgICAgICAgICAgIOW9k+WJjeS7t+agvDogNDk1OS4zMjA2NzE4MjU3
NTMKICAgICAgICAgICAg5bey6Kem5Y+R55uu5qCHOiBbNDk1MF0KCiAgICAgICAgICAgIOS4iuas
oeaJk+WNsOaXtumXtDogMjAyNi0wMy0yMCAxMDoxNTowMQogICAgICAgICAgICDkuIrmrKHmiZPl
jbDku7fmoLw6IDQ5NTkuMzIwNjcxODI1NzUzICDlvZPliY3ku7fmoLw6IDQ5NTkuMzIwNjcxODI1
NzUzCiAgICAgICAgICAgIA==

--===============8390003242812218736==--

2026-03-20 10:15:01,626 - INFO - 正在连接到 smtp.qq.com:465
2026-03-20 10:15:01,627 - INFO - 使用用户名: 2741023538@qq.com
2026-03-20 10:15:01,680 - ERROR - 监控异常: 'ascii' codec can't encode characters in position 19-21: ordinal not in range(128)
2026-03-20 10:15:16,683 - INFO - 
============================================================
2026-03-20 10:15:16,683 - INFO - 触发原因: 打印调试
2026-03-20 10:15:16,683 - INFO - 当前时间: 2026-03-20 10:15:16
2026-03-20 10:15:16,683 - INFO - 数据时间: 2026-03-20 10:15:16
2026-03-20 10:15:16,683 - INFO - 当前价格: 4944.427152335154
2026-03-20 10:15:16,683 - INFO - 上次打印时间: 2026-03-20 10:15:01
2026-03-20 10:15:16,684 - INFO - 上次打印价格: 4959.320671825753
2026-03-20 10:15:16,684 - INFO - 当前价格: 4944.427152335154
2026-03-20 10:15:16,684 - INFO - ============================================================

2026-03-20 10:15:16,684 - INFO - 
============================================================
2026-03-20 10:15:16,684 - INFO - 触发原因: 价格下跌超过整数变化
2026-03-20 10:15:16,684 - INFO - 当前时间: 2026-03-20 10:15:16
2026-03-20 10:15:16,684 - INFO - 数据时间: 2026-03-20 10:15:16
2026-03-20 10:15:16,684 - INFO - 当前价格: 4944.427152335154
2026-03-20 10:15:16,684 - INFO - 上次打印时间: 2026-03-20 10:15:01
2026-03-20 10:15:16,685 - INFO - 上次打印价格: 4959.320671825753
2026-03-20 10:15:16,685 - INFO - 当前价格: 4944.427152335154
2026-03-20 10:15:16,686 - INFO - Content-Type: multipart/mixed; boundary="===============5038808429636476519=="
MIME-Version: 1.0
Subject: =?utf-8?b?6buE6YeR5Lu35qC85o+Q6YaSIC0g5Lu35qC85LiL6LeM6LaF6L+H5pW05pWw5Y+Y5YyWLOW9k+WJjeS7t+agvDQ5NDQuNDI3MTUyMzM1MTU0?=
From: 2741023538@qq.com
To: 2741023538@qq.com

--===============5038808429636476519==
Content-Type: text/plain; charset="utf-8"
MIME-Version: 1.0
Content-Transfer-Encoding: base64

CiAgICAgICAgICAgIOm7hOmHkeS7t+agvOebkeaOp+aPkOmGkgogICAgICAgICAgICDop6blj5Hl
jp/lm6A6IOS7t+agvOS4i+i3jOi2hei/h+aVtOaVsOWPmOWMlgogICAgICAgICAgICDlvZPliY3m
l7bpl7Q6IDIwMjYtMDMtMjAgMTA6MTU6MTYKICAgICAgICAgICAg5pWw5o2u5pe26Ze0OiAyMDI2
LTAzLTIwIDEwOjE1OjE2CiAgICAgICAgICAgIOW9k+WJjeS7t+agvDogNDk0NC40MjcxNTIzMzUx
NTQKICAgICAgICAgICAg5bey6Kem5Y+R55uu5qCHOiBbNDk1MF0KCiAgICAgICAgICAgIOS4iuas
oeaJk+WNsOaXtumXtDogMjAyNi0wMy0yMCAxMDoxNToxNgogICAgICAgICAgICDkuIrmrKHmiZPl
jbDku7fmoLw6IDQ5NDQuNDI3MTUyMzM1MTU0ICDlvZPliY3ku7fmoLw6IDQ5NDQuNDI3MTUyMzM1
MTU0CiAgICAgICAgICAgIA==

--===============5038808429636476519==--

2026-03-20 10:15:17,054 - INFO - 正在连接到 smtp.qq.com:465
2026-03-20 10:15:17,055 - INFO - 使用用户名: 2741023538@qq.com
2026-03-20 10:15:17,112 - ERROR - 监控异常: 'ascii' codec can't encode characters in position 19-21: ordinal not in range(128)
2026-03-20 10:15:32,128 - INFO - 
============================================================
2026-03-20 10:15:32,128 - INFO - 触发原因: 打印调试
2026-03-20 10:15:32,129 - INFO - 当前时间: 2026-03-20 10:15:32
2026-03-20 10:15:32,129 - INFO - 数据时间: 2026-03-20 10:15:32
2026-03-20 10:15:32,129 - INFO - 当前价格: 4957.767104407949
2026-03-20 10:15:32,129 - INFO - 上次打印时间: 2026-03-20 10:15:16
2026-03-20 10:15:32,129 - INFO - 上次打印价格: 4944.427152335154
2026-03-20 10:15:32,129 - INFO - 当前价格: 4957.767104407949
2026-03-20 10:15:32,129 - INFO - ============================================================

2026-03-20 10:15:32,130 - INFO - 
============================================================
2026-03-20 10:15:32,130 - INFO - 触发原因: 价格上涨超过整数变化
2026-03-20 10:15:32,130 - INFO - 当前时间: 2026-03-20 10:15:32
2026-03-20 10:15:32,130 - INFO - 数据时间: 2026-03-20 10:15:32
2026-03-20 10:15:32,130 - INFO - 当前价格: 4957.767104407949
2026-03-20 10:15:32,131 - INFO - 上次打印时间: 2026-03-20 10:15:16
2026-03-20 10:15:32,131 - INFO - 上次打印价格: 4944.427152335154
2026-03-20 10:15:32,131 - INFO - 当前价格: 4957.767104407949
2026-03-20 10:15:32,132 - INFO - Content-Type: multipart/mixed; boundary="===============8224520935604542923=="
MIME-Version: 1.0
Subject: =?utf-8?b?6buE6YeR5Lu35qC85o+Q6YaSIC0g5Lu35qC85LiK5rao6LaF6L+H5pW05pWw5Y+Y5YyWLOW9k+WJjeS7t+agvDQ5NTcuNzY3MTA0NDA3OTQ5?=
From: 2741023538@qq.com
To: 2741023538@qq.com

--===============8224520935604542923==
Content-Type: text/plain; charset="utf-8"
MIME-Version: 1.0
Content-Transfer-Encoding: base64

CiAgICAgICAgICAgIOm7hOmHkeS7t+agvOebkeaOp+aPkOmGkgogICAgICAgICAgICDop6blj5Hl
jp/lm6A6IOS7t+agvOS4iua2qOi2hei/h+aVtOaVsOWPmOWMlgogICAgICAgICAgICDlvZPliY3m
l7bpl7Q6IDIwMjYtMDMtMjAgMTA6MTU6MzIKICAgICAgICAgICAg5pWw5o2u5pe26Ze0OiAyMDI2
LTAzLTIwIDEwOjE1OjMyCiAgICAgICAgICAgIOW9k+WJjeS7t+agvDogNDk1Ny43NjcxMDQ0MDc5
NDkKICAgICAgICAgICAg5bey6Kem5Y+R55uu5qCHOiBbNDk1MF0KCiAgICAgICAgICAgIOS4iuas
oeaJk+WNsOaXtumXtDogMjAyNi0wMy0yMCAxMDoxNTozMgogICAgICAgICAgICDkuIrmrKHmiZPl
jbDku7fmoLw6IDQ5NTcuNzY3MTA0NDA3OTQ5ICDlvZPliY3ku7fmoLw6IDQ5NTcuNzY3MTA0NDA3
OTQ5CiAgICAgICAgICAgIA==

--===============8224520935604542923==--

2026-03-20 10:15:32,365 - INFO - 正在连接到 smtp.qq.com:465
2026-03-20 10:15:32,365 - INFO - 使用用户名: 2741023538@qq.com
2026-03-20 10:15:32,424 - ERROR - 监控异常: 'ascii' codec can't encode characters in position 19-21: ordinal not in range(128)
2026-03-20 10:15:47,435 - INFO - 
============================================================
2026-03-20 10:15:47,435 - INFO - 触发原因: 打印调试
2026-03-20 10:15:47,435 - INFO - 当前时间: 2026-03-20 10:15:47
2026-03-20 10:15:47,435 - INFO - 数据时间: 2026-03-20 10:15:47
2026-03-20 10:15:47,435 - INFO - 当前价格: 4956.759836763806
2026-03-20 10:15:47,435 - INFO - 上次打印时间: 2026-03-20 10:15:32
2026-03-20 10:15:47,435 - INFO - 上次打印价格: 4957.767104407949
2026-03-20 10:15:47,436 - INFO - 当前价格: 4956.759836763806
2026-03-20 10:15:47,436 - INFO - ============================================================

2026-03-20 10:15:57,449 - INFO - 
============================================================
2026-03-20 10:15:57,450 - INFO - 触发原因: 打印调试
2026-03-20 10:15:57,450 - INFO - 当前时间: 2026-03-20 10:15:57
2026-03-20 10:15:57,450 - INFO - 数据时间: 2026-03-20 10:15:57
2026-03-20 10:15:57,450 - INFO - 当前价格: 4945.634112154552
2026-03-20 10:15:57,450 - INFO - 上次打印时间: 2026-03-20 10:15:32
2026-03-20 10:15:57,450 - INFO - 上次打印价格: 4957.767104407949
2026-03-20 10:15:57,450 - INFO - 当前价格: 4945.634112154552
2026-03-20 10:15:57,450 - INFO - ============================================================

2026-03-20 10:15:57,451 - INFO - 
============================================================
2026-03-20 10:15:57,451 - INFO - 触发原因: 价格下跌超过整数变化
2026-03-20 10:15:57,451 - INFO - 当前时间: 2026-03-20 10:15:57
2026-03-20 10:15:57,451 - INFO - 数据时间: 2026-03-20 10:15:57
2026-03-20 10:15:57,451 - INFO - 当前价格: 4945.634112154552
2026-03-20 10:15:57,451 - INFO - 上次打印时间: 2026-03-20 10:15:32
2026-03-20 10:15:57,451 - INFO - 上次打印价格: 4957.767104407949
2026-03-20 10:15:57,451 - INFO - 当前价格: 4945.634112154552
2026-03-20 10:15:57,452 - INFO - Content-Type: multipart/mixed; boundary="===============1086531287812416393=="
MIME-Version: 1.0
Subject: =?utf-8?b?6buE6YeR5Lu35qC85o+Q6YaSIC0g5Lu35qC85LiL6LeM6LaF6L+H5pW05pWw5Y+Y5YyWLOW9k+WJjeS7t+agvDQ5NDUuNjM0MTEyMTU0NTUy?=
From: 2741023538@qq.com
To: 2741023538@qq.com

--===============1086531287812416393==
Content-Type: text/plain; charset="utf-8"
MIME-Version: 1.0
Content-Transfer-Encoding: base64

CiAgICAgICAgICAgIOm7hOmHkeS7t+agvOebkeaOp+aPkOmGkgogICAgICAgICAgICDop6blj5Hl
jp/lm6A6IOS7t+agvOS4i+i3jOi2hei/h+aVtOaVsOWPmOWMlgogICAgICAgICAgICDlvZPliY3m
l7bpl7Q6IDIwMjYtMDMtMjAgMTA6MTU6NTcKICAgICAgICAgICAg5pWw5o2u5pe26Ze0OiAyMDI2
LTAzLTIwIDEwOjE1OjU3CiAgICAgICAgICAgIOW9k+WJjeS7t+agvDogNDk0NS42MzQxMTIxNTQ1
NTIKICAgICAgICAgICAg5bey6Kem5Y+R55uu5qCHOiBbNDk1MF0KCiAgICAgICAgICAgIOS4iuas
oeaJk+WNsOaXtumXtDogMjAyNi0wMy0yMCAxMDoxNTo1NwogICAgICAgICAgICDkuIrmrKHmiZPl
jbDku7fmoLw6IDQ5NDUuNjM0MTEyMTU0NTUyICDlvZPliY3ku7fmoLw6IDQ5NDUuNjM0MTEyMTU0
NTUyCiAgICAgICAgICAgIA==

--===============1086531287812416393==--

2026-03-20 10:15:57,781 - INFO - 正在连接到 smtp.qq.com:465
2026-03-20 10:15:57,782 - INFO - 使用用户名: 2741023538@qq.com
2026-03-20 10:15:57,833 - ERROR - 监控异常: 'ascii' codec can't encode characters in position 19-21: ordinal not in range(128)
2026-03-20 10:16:12,842 - INFO - 
============================================================
2026-03-20 10:16:12,843 - INFO - 触发原因: 打印调试
2026-03-20 10:16:12,843 - INFO - 当前时间: 2026-03-20 10:16:12
2026-03-20 10:16:12,843 - INFO - 数据时间: 2026-03-20 10:16:12
2026-03-20 10:16:12,843 - INFO - 当前价格: 4954.032299735217
2026-03-20 10:16:12,843 - INFO - 上次打印时间: 2026-03-20 10:15:57
2026-03-20 10:16:12,843 - INFO - 上次打印价格: 4945.634112154552
2026-03-20 10:16:12,843 - INFO - 当前价格: 4954.032299735217
2026-03-20 10:16:12,844 - INFO - ============================================================

2026-03-20 10:16:22,857 - INFO - 
============================================================
2026-03-20 10:16:22,857 - INFO - 触发原因: 打印调试
2026-03-20 10:16:22,857 - INFO - 当前时间: 2026-03-20 10:16:22
2026-03-20 10:16:22,857 - INFO - 数据时间: 2026-03-20 10:16:22
2026-03-20 10:16:22,857 - INFO - 当前价格: 4945.901028247919
2026-03-20 10:16:22,857 - INFO - 上次打印时间: 2026-03-20 10:15:57
2026-03-20 10:16:22,858 - INFO - 上次打印价格: 4945.634112154552
2026-03-20 10:16:22,858 - INFO - 当前价格: 4945.901028247919
2026-03-20 10:16:22,858 - INFO - ============================================================

2026-03-20 10:16:32,869 - INFO - 
============================================================
2026-03-20 10:16:32,869 - INFO - 触发原因: 打印调试
2026-03-20 10:16:32,869 - INFO - 当前时间: 2026-03-20 10:16:32
2026-03-20 10:16:32,869 - INFO - 数据时间: 2026-03-20 10:16:32
2026-03-20 10:16:32,869 - INFO - 当前价格: 4940.591714861799
2026-03-20 10:16:32,870 - INFO - 上次打印时间: 2026-03-20 10:15:57
2026-03-20 10:16:32,870 - INFO - 上次打印价格: 4945.634112154552
2026-03-20 10:16:32,870 - INFO - 当前价格: 4940.591714861799
2026-03-20 10:16:32,870 - INFO - ============================================================

2026-03-20 10:16:42,877 - INFO - 
============================================================
2026-03-20 10:16:42,878 - INFO - 触发原因: 打印调试
2026-03-20 10:16:42,878 - INFO - 当前时间: 2026-03-20 10:16:42
2026-03-20 10:16:42,878 - INFO - 数据时间: 2026-03-20 10:16:42
2026-03-20 10:16:42,878 - INFO - 当前价格: 4941.994110480036
2026-03-20 10:16:42,878 - INFO - 上次打印时间: 2026-03-20 10:15:57
2026-03-20 10:16:42,878 - INFO - 上次打印价格: 4945.634112154552
2026-03-20 10:16:42,878 - INFO - 当前价格: 4941.994110480036
2026-03-20 10:16:42,879 - INFO - ============================================================

2026-03-20 10:16:52,893 - INFO - 
============================================================
2026-03-20 10:16:52,893 - INFO - 触发原因: 打印调试
2026-03-20 10:16:52,893 - INFO - 当前时间: 2026-03-20 10:16:52
2026-03-20 10:16:52,893 - INFO - 数据时间: 2026-03-20 10:16:52
2026-03-20 10:16:52,894 - INFO - 当前价格: 4956.984688791196
2026-03-20 10:16:52,894 - INFO - 上次打印时间: 2026-03-20 10:15:57
2026-03-20 10:16:52,894 - INFO - 上次打印价格: 4945.634112154552
2026-03-20 10:16:52,894 - INFO - 当前价格: 4956.984688791196
2026-03-20 10:16:52,894 - INFO - ============================================================

2026-03-20 10:16:52,894 - INFO - 
============================================================
2026-03-20 10:16:52,895 - INFO - 触发原因: 价格上涨超过整数变化
2026-03-20 10:16:52,895 - INFO - 当前时间: 2026-03-20 10:16:52
2026-03-20 10:16:52,895 - INFO - 数据时间: 2026-03-20 10:16:52
2026-03-20 10:16:52,895 - INFO - 当前价格: 4956.984688791196
2026-03-20 10:16:52,895 - INFO - 上次打印时间: 2026-03-20 10:15:57
2026-03-20 10:16:52,895 - INFO - 上次打印价格: 4945.634112154552
2026-03-20 10:16:52,895 - INFO - 当前价格: 4956.984688791196
2026-03-20 10:16:52,896 - INFO - Content-Type: multipart/mixed; boundary="===============2980680989743504258=="
MIME-Version: 1.0
Subject: =?utf-8?b?6buE6YeR5Lu35qC85o+Q6YaSIC0g5Lu35qC85LiK5rao6LaF6L+H5pW05pWw5Y+Y5YyWLOW9k+WJjeS7t+agvDQ5NTYuOTg0Njg4NzkxMTk2?=
From: 2741023538@qq.com
To: 2741023538@qq.com

--===============2980680989743504258==
Content-Type: text/plain; charset="utf-8"
MIME-Version: 1.0
Content-Transfer-Encoding: base64

CiAgICAgICAgICAgIOm7hOmHkeS7t+agvOebkeaOp+aPkOmGkgogICAgICAgICAgICDop6blj5Hl
jp/lm6A6IOS7t+agvOS4iua2qOi2hei/h+aVtOaVsOWPmOWMlgogICAgICAgICAgICDlvZPliY3m
l7bpl7Q6IDIwMjYtMDMtMjAgMTA6MTY6NTIKICAgICAgICAgICAg5pWw5o2u5pe26Ze0OiAyMDI2
LTAzLTIwIDEwOjE2OjUyCiAgICAgICAgICAgIOW9k+WJjeS7t+agvDogNDk1Ni45ODQ2ODg3OTEx
OTYKICAgICAgICAgICAg5bey6Kem5Y+R55uu5qCHOiBbNDk1MF0KCiAgICAgICAgICAgIOS4iuas
oeaJk+WNsOaXtumXtDogMjAyNi0wMy0yMCAxMDoxNjo1MgogICAgICAgICAgICDkuIrmrKHmiZPl
jbDku7fmoLw6IDQ5NTYuOTg0Njg4NzkxMTk2ICDlvZPliY3ku7fmoLw6IDQ5NTYuOTg0Njg4Nzkx
MTk2CiAgICAgICAgICAgIA==

--===============2980680989743504258==--

2026-03-20 10:16:53,114 - INFO - 正在连接到 smtp.qq.com:465
2026-03-20 10:16:53,114 - INFO - 使用用户名: 2741023538@qq.com
2026-03-20 10:16:53,168 - ERROR - 监控异常: 'ascii' codec can't encode characters in position 19-21: ordinal not in range(128)
2026-03-20 10:17:08,190 - INFO - 
============================================================
2026-03-20 10:17:08,190 - INFO - 触发原因: 打印调试
2026-03-20 10:17:08,190 - INFO - 当前时间: 2026-03-20 10:17:08
2026-03-20 10:17:08,190 - INFO - 数据时间: 2026-03-20 10:17:08
2026-03-20 10:17:08,190 - INFO - 当前价格: 4940.649700802074
2026-03-20 10:17:08,191 - INFO - 上次打印时间: 2026-03-20 10:16:52
2026-03-20 10:17:08,191 - INFO - 上次打印价格: 4956.984688791196
2026-03-20 10:17:08,191 - INFO - 当前价格: 4940.649700802074
2026-03-20 10:17:08,191 - INFO - ============================================================

2026-03-20 10:17:08,191 - INFO - 
============================================================
2026-03-20 10:17:08,191 - INFO - 触发原因: 价格下跌超过整数变化
2026-03-20 10:17:08,191 - INFO - 当前时间: 2026-03-20 10:17:08
2026-03-20 10:17:08,191 - INFO - 数据时间: 2026-03-20 10:17:08
2026-03-20 10:17:08,191 - INFO - 当前价格: 4940.649700802074
2026-03-20 10:17:08,191 - INFO - 上次打印时间: 2026-03-20 10:16:52
2026-03-20 10:17:08,192 - INFO - 上次打印价格: 4956.984688791196
2026-03-20 10:17:08,192 - INFO - 当前价格: 4940.649700802074
2026-03-20 10:17:08,192 - INFO - Content-Type: multipart/mixed; boundary="===============4157363784347729999=="
MIME-Version: 1.0
Subject: =?utf-8?b?6buE6YeR5Lu35qC85o+Q6YaSIC0g5Lu35qC85LiL6LeM6LaF6L+H5pW05pWw5Y+Y5YyWLOW9k+WJjeS7t+agvDQ5NDAuNjQ5NzAwODAyMDc0?=
From: 2741023538@qq.com
To: 2741023538@qq.com

--===============4157363784347729999==
Content-Type: text/plain; charset="utf-8"
MIME-Version: 1.0
Content-Transfer-Encoding: base64

CiAgICAgICAgICAgIOm7hOmHkeS7t+agvOebkeaOp+aPkOmGkgogICAgICAgICAgICDop6blj5Hl
jp/lm6A6IOS7t+agvOS4i+i3jOi2hei/h+aVtOaVsOWPmOWMlgogICAgICAgICAgICDlvZPliY3m
l7bpl7Q6IDIwMjYtMDMtMjAgMTA6MTc6MDgKICAgICAgICAgICAg5pWw5o2u5pe26Ze0OiAyMDI2
LTAzLTIwIDEwOjE3OjA4CiAgICAgICAgICAgIOW9k+WJjeS7t+agvDogNDk0MC42NDk3MDA4MDIw
NzQKICAgICAgICAgICAg5bey6Kem5Y+R55uu5qCHOiBbNDk1MF0KCiAgICAgICAgICAgIOS4iuas
oeaJk+WNsOaXtumXtDogMjAyNi0wMy0yMCAxMDoxNzowOAogICAgICAgICAgICDkuIrmrKHmiZPl
jbDku7fmoLw6IDQ5NDAuNjQ5NzAwODAyMDc0ICDlvZPliY3ku7fmoLw6IDQ5NDAuNjQ5NzAwODAy
MDc0CiAgICAgICAgICAgIA==

--===============4157363784347729999==--

2026-03-20 10:17:08,426 - INFO - 正在连接到 smtp.qq.com:465
2026-03-20 10:17:08,426 - INFO - 使用用户名: 2741023538@qq.com
2026-03-20 10:17:08,481 - ERROR - 监控异常: 'ascii' codec can't encode characters in position 19-21: ordinal not in range(128)
2026-03-20 10:17:23,500 - INFO - 
============================================================
2026-03-20 10:17:23,500 - INFO - 触发原因: 打印调试
2026-03-20 10:17:23,500 - INFO - 当前时间: 2026-03-20 10:17:23
2026-03-20 10:17:23,500 - INFO - 数据时间: 2026-03-20 10:17:23
2026-03-20 10:17:23,500 - INFO - 当前价格: 4940.530275258069
2026-03-20 10:17:23,500 - INFO - 上次打印时间: 2026-03-20 10:17:08
2026-03-20 10:17:23,500 - INFO - 上次打印价格: 4940.649700802074
2026-03-20 10:17:23,501 - INFO - 当前价格: 4940.530275258069
2026-03-20 10:17:23,501 - INFO - ============================================================

2026-03-20 10:17:33,504 - INFO - 
============================================================
2026-03-20 10:17:33,505 - INFO - 触发原因: 打印调试
2026-03-20 10:17:33,505 - INFO - 当前时间: 2026-03-20 10:17:33
2026-03-20 10:17:33,505 - INFO - 数据时间: 2026-03-20 10:17:33
2026-03-20 10:17:33,505 - INFO - 当前价格: 4953.271436019791
2026-03-20 10:17:33,505 - INFO - 上次打印时间: 2026-03-20 10:17:08
2026-03-20 10:17:33,505 - INFO - 上次打印价格: 4940.649700802074
2026-03-20 10:17:33,505 - INFO - 当前价格: 4953.271436019791
2026-03-20 10:17:33,505 - INFO - ============================================================

2026-03-20 10:17:33,506 - INFO - 
============================================================
2026-03-20 10:17:33,506 - INFO - 触发原因: 价格上涨超过整数变化
2026-03-20 10:17:33,506 - INFO - 当前时间: 2026-03-20 10:17:33
2026-03-20 10:17:33,506 - INFO - 数据时间: 2026-03-20 10:17:33
2026-03-20 10:17:33,506 - INFO - 当前价格: 4953.271436019791
2026-03-20 10:17:33,506 - INFO - 上次打印时间: 2026-03-20 10:17:08
2026-03-20 10:17:33,506 - INFO - 上次打印价格: 4940.649700802074
2026-03-20 10:17:33,506 - INFO - 当前价格: 4953.271436019791
2026-03-20 10:17:33,507 - INFO - Content-Type: multipart/mixed; boundary="===============5019944323288195335=="
MIME-Version: 1.0
Subject: =?utf-8?b?6buE6YeR5Lu35qC85o+Q6YaSIC0g5Lu35qC85LiK5rao6LaF6L+H5pW05pWw5Y+Y5YyWLOW9k+WJjeS7t+agvDQ5NTMuMjcxNDM2MDE5Nzkx?=
From: 2741023538@qq.com
To: 2741023538@qq.com

--===============5019944323288195335==
Content-Type: text/plain; charset="utf-8"
MIME-Version: 1.0
Content-Transfer-Encoding: base64

CiAgICAgICAgICAgIOm7hOmHkeS7t+agvOebkeaOp+aPkOmGkgogICAgICAgICAgICDop6blj5Hl
jp/lm6A6IOS7t+agvOS4iua2qOi2hei/h+aVtOaVsOWPmOWMlgogICAgICAgICAgICDlvZPliY3m
l7bpl7Q6IDIwMjYtMDMtMjAgMTA6MTc6MzMKICAgICAgICAgICAg5pWw5o2u5pe26Ze0OiAyMDI2
LTAzLTIwIDEwOjE3OjMzCiAgICAgICAgICAgIOW9k+WJjeS7t+agvDogNDk1My4yNzE0MzYwMTk3
OTEKICAgICAgICAgICAg5bey6Kem5Y+R55uu5qCHOiBbNDk1MF0KCiAgICAgICAgICAgIOS4iuas
oeaJk+WNsOaXtumXtDogMjAyNi0wMy0yMCAxMDoxNzozMwogICAgICAgICAgICDkuIrmrKHmiZPl
jbDku7fmoLw6IDQ5NTMuMjcxNDM2MDE5NzkxICDlvZPliY3ku7fmoLw6IDQ5NTMuMjcxNDM2MDE5
NzkxCiAgICAgICAgICAgIA==

--===============5019944323288195335==--

2026-03-20 10:17:33,760 - INFO - 正在连接到 smtp.qq.com:465
2026-03-20 10:17:33,761 - INFO - 使用用户名: 2741023538@qq.com
2026-03-20 10:17:33,816 - ERROR - 监控异常: 'ascii' codec can't encode characters in position 19-21: ordinal not in range(128)
2026-03-20 10:17:48,836 - INFO - 
============================================================
2026-03-20 10:17:48,836 - INFO - 触发原因: 打印调试
2026-03-20 10:17:48,837 - INFO - 当前时间: 2026-03-20 10:17:48
2026-03-20 10:17:48,837 - INFO - 数据时间: 2026-03-20 10:17:48
2026-03-20 10:17:48,837 - INFO - 当前价格: 4940.108432018213
2026-03-20 10:17:48,837 - INFO - 上次打印时间: 2026-03-20 10:17:33
2026-03-20 10:17:48,837 - INFO - 上次打印价格: 4953.271436019791
2026-03-20 10:17:48,837 - INFO - 当前价格: 4940.108432018213
2026-03-20 10:17:48,837 - INFO - ============================================================

2026-03-20 10:17:48,838 - INFO - 
============================================================
2026-03-20 10:17:48,838 - INFO - 触发原因: 价格下跌超过整数变化
2026-03-20 10:17:48,838 - INFO - 当前时间: 2026-03-20 10:17:48
2026-03-20 10:17:48,838 - INFO - 数据时间: 2026-03-20 10:17:48
2026-03-20 10:17:48,838 - INFO - 当前价格: 4940.108432018213
2026-03-20 10:17:48,838 - INFO - 上次打印时间: 2026-03-20 10:17:33
2026-03-20 10:17:48,838 - INFO - 上次打印价格: 4953.271436019791
2026-03-20 10:17:48,838 - INFO - 当前价格: 4940.108432018213
2026-03-20 10:17:48,839 - INFO - Content-Type: multipart/mixed; boundary="===============8716266735258170816=="
MIME-Version: 1.0
Subject: =?utf-8?b?6buE6YeR5Lu35qC85o+Q6YaSIC0g5Lu35qC85LiL6LeM6LaF6L+H5pW05pWw5Y+Y5YyWLOW9k+WJjeS7t+agvDQ5NDAuMTA4NDMyMDE4MjEz?=
From: 2741023538@qq.com
To: 2741023538@qq.com

--===============8716266735258170816==
Content-Type: text/plain; charset="utf-8"
MIME-Version: 1.0
Content-Transfer-Encoding: base64

CiAgICAgICAgICAgIOm7hOmHkeS7t+agvOebkeaOp+aPkOmGkgogICAgICAgICAgICDop6blj5Hl
jp/lm6A6IOS7t+agvOS4i+i3jOi2hei/h+aVtOaVsOWPmOWMlgogICAgICAgICAgICDlvZPliY3m
l7bpl7Q6IDIwMjYtMDMtMjAgMTA6MTc6NDgKICAgICAgICAgICAg5pWw5o2u5pe26Ze0OiAyMDI2
LTAzLTIwIDEwOjE3OjQ4CiAgICAgICAgICAgIOW9k+WJjeS7t+agvDogNDk0MC4xMDg0MzIwMTgy
MTMKICAgICAgICAgICAg5bey6Kem5Y+R55uu5qCHOiBbNDk1MF0KCiAgICAgICAgICAgIOS4iuas
oeaJk+WNsOaXtumXtDogMjAyNi0wMy0yMCAxMDoxNzo0OAogICAgICAgICAgICDkuIrmrKHmiZPl
jbDku7fmoLw6IDQ5NDAuMTA4NDMyMDE4MjEzICDlvZPliY3ku7fmoLw6IDQ5NDAuMTA4NDMyMDE4
MjEzCiAgICAgICAgICAgIA==

--===============8716266735258170816==--

2026-03-20 10:17:49,083 - INFO - 正在连接到 smtp.qq.com:465
2026-03-20 10:17:49,083 - INFO - 使用用户名: 2741023538@qq.com
2026-03-20 10:17:49,145 - ERROR - 监控异常: 'ascii' codec can't encode characters in position 19-21: ordinal not in range(128)
2026-03-20 10:18:04,157 - INFO - 
============================================================
2026-03-20 10:18:04,157 - INFO - 触发原因: 打印调试
2026-03-20 10:18:04,157 - INFO - 当前时间: 2026-03-20 10:18:04
2026-03-20 10:18:04,157 - INFO - 数据时间: 2026-03-20 10:18:04
2026-03-20 10:18:04,157 - INFO - 当前价格: 4954.581522840333
2026-03-20 10:18:04,157 - INFO - 上次打印时间: 2026-03-20 10:17:48
2026-03-20 10:18:04,157 - INFO - 上次打印价格: 4940.108432018213
2026-03-20 10:18:04,157 - INFO - 当前价格: 4954.581522840333
2026-03-20 10:18:04,158 - INFO - ============================================================

2026-03-20 10:18:04,158 - INFO - 
============================================================
2026-03-20 10:18:04,158 - INFO - 触发原因: 价格上涨超过整数变化
2026-03-20 10:18:04,158 - INFO - 当前时间: 2026-03-20 10:18:04
2026-03-20 10:18:04,158 - INFO - 数据时间: 2026-03-20 10:18:04
2026-03-20 10:18:04,158 - INFO - 当前价格: 4954.581522840333
2026-03-20 10:18:04,158 - INFO - 上次打印时间: 2026-03-20 10:17:48
2026-03-20 10:18:04,159 - INFO - 上次打印价格: 4940.108432018213
2026-03-20 10:18:04,159 - INFO - 当前价格: 4954.581522840333
2026-03-20 10:18:04,159 - INFO - Content-Type: multipart/mixed; boundary="===============9053734561179822523=="
MIME-Version: 1.0
Subject: =?utf-8?b?6buE6YeR5Lu35qC85o+Q6YaSIC0g5Lu35qC85LiK5rao6LaF6L+H5pW05pWw5Y+Y5YyWLOW9k+WJjeS7t+agvDQ5NTQuNTgxNTIyODQwMzMz?=
From: 2741023538@qq.com
To: 2741023538@qq.com

--===============9053734561179822523==
Content-Type: text/plain; charset="utf-8"
MIME-Version: 1.0
Content-Transfer-Encoding: base64

CiAgICAgICAgICAgIOm7hOmHkeS7t+agvOebkeaOp+aPkOmGkgogICAgICAgICAgICDop6blj5Hl
jp/lm6A6IOS7t+agvOS4iua2qOi2hei/h+aVtOaVsOWPmOWMlgogICAgICAgICAgICDlvZPliY3m
l7bpl7Q6IDIwMjYtMDMtMjAgMTA6MTg6MDQKICAgICAgICAgICAg5pWw5o2u5pe26Ze0OiAyMDI2
LTAzLTIwIDEwOjE4OjA0CiAgICAgICAgICAgIOW9k+WJjeS7t+agvDogNDk1NC41ODE1MjI4NDAz
MzMKICAgICAgICAgICAg5bey6Kem5Y+R55uu5qCHOiBbNDk1MF0KCiAgICAgICAgICAgIOS4iuas
oeaJk+WNsOaXtumXtDogMjAyNi0wMy0yMCAxMDoxODowNAogICAgICAgICAgICDkuIrmrKHmiZPl
jbDku7fmoLw6IDQ5NTQuNTgxNTIyODQwMzMzICDlvZPliY3ku7fmoLw6IDQ5NTQuNTgxNTIyODQw
MzMzCiAgICAgICAgICAgIA==

--===============9053734561179822523==--

2026-03-20 10:18:04,503 - INFO - 正在连接到 smtp.qq.com:465
2026-03-20 10:18:04,503 - INFO - 使用用户名: 2741023538@qq.com
2026-03-20 10:18:04,564 - ERROR - 监控异常: 'ascii' codec can't encode characters in position 19-21: ordinal not in range(128)
2026-03-20 10:18:19,567 - INFO - 
============================================================
2026-03-20 10:18:19,567 - INFO - 触发原因: 打印调试
2026-03-20 10:18:19,568 - INFO - 当前时间: 2026-03-20 10:18:19
2026-03-20 10:18:19,568 - INFO - 数据时间: 2026-03-20 10:18:19
2026-03-20 10:18:19,568 - INFO - 当前价格: 4947.576683288411
2026-03-20 10:18:19,568 - INFO - 上次打印时间: 2026-03-20 10:18:04
2026-03-20 10:18:19,568 - INFO - 上次打印价格: 4954.581522840333
2026-03-20 10:18:19,568 - INFO - 当前价格: 4947.576683288411
2026-03-20 10:18:19,568 - INFO - ============================================================

2026-03-20 10:18:19,568 - INFO - 
============================================================
2026-03-20 10:18:19,568 - INFO - 触发原因: 10分钟定时打印
2026-03-20 10:18:19,569 - INFO - 当前时间: 2026-03-20 10:18:19
2026-03-20 10:18:19,569 - INFO - 数据时间: 2026-03-20 10:18:19
2026-03-20 10:18:19,569 - INFO - 当前价格: 4947.576683288411
2026-03-20 10:18:19,569 - INFO - 上次打印时间: 2026-03-20 10:18:04
2026-03-20 10:18:19,569 - INFO - 上次打印价格: 4954.581522840333
2026-03-20 10:18:19,569 - INFO - 当前价格: 4947.576683288411
2026-03-20 10:18:19,570 - INFO - Content-Type: multipart/mixed; boundary="===============2008564213894078757=="
MIME-Version: 1.0
Subject: =?utf-8?b?6buE6YeR5Lu35qC85o+Q6YaSIC0gMTDliIbpkp/lrprml7bmiZPljbAs5b2T5YmN5Lu35qC8NDk0Ny41NzY2ODMyODg0MTE=?=
From: 2741023538@qq.com
To: 2741023538@qq.com

--===============2008564213894078757==
Content-Type: text/plain; charset="utf-8"
MIME-Version: 1.0
Content-Transfer-Encoding: base64

CiAgICAgICAgICAgIOm7hOmHkeS7t+agvOebkeaOp+aPkOmGkgogICAgICAgICAgICDop6blj5Hl
jp/lm6A6IDEw5YiG6ZKf5a6a5pe25omT5Y2wCiAgICAgICAgICAgIOW9k+WJjeaXtumXtDogMjAy
Ni0wMy0yMCAxMDoxODoxOQogICAgICAgICAgICDmlbDmja7ml7bpl7Q6IDIwMjYtMDMtMjAgMTA6
MTg6MTkKICAgICAgICAgICAg5b2T5YmN5Lu35qC8OiA0OTQ3LjU3NjY4MzI4ODQxMQogICAgICAg
ICAgICDlt7Lop6blj5Hnm67moIc6IFs0OTUwXQoKICAgICAgICAgICAg5LiK5qyh5omT5Y2w5pe2
6Ze0OiAyMDI2LTAzLTIwIDEwOjE4OjE5CiAgICAgICAgICAgIOS4iuasoeaJk+WNsOS7t+agvDog
NDk0Ny41NzY2ODMyODg0MTEgIOW9k+WJjeS7t+agvDogNDk0Ny41NzY2ODMyODg0MTEKICAgICAg
ICAgICAg

--===============2008564213894078757==--

2026-03-20 10:18:19,839 - INFO - 正在连接到 smtp.qq.com:465
2026-03-20 10:18:19,839 - INFO - 使用用户名: 2741023538@qq.com
2026-03-20 10:18:19,892 - ERROR - 监控异常: 'ascii' codec can't encode characters in position 19-21: ordinal not in range(128)
2026-03-20 10:18:34,908 - INFO - 
============================================================
2026-03-20 10:18:34,908 - INFO - 触发原因: 打印调试
2026-03-20 10:18:34,908 - INFO - 当前时间: 2026-03-20 10:18:34
2026-03-20 10:18:34,908 - INFO - 数据时间: 2026-03-20 10:18:34
2026-03-20 10:18:34,909 - INFO - 当前价格: 4943.1345492323635
2026-03-20 10:18:34,909 - INFO - 上次打印时间: 2026-03-20 10:18:19
2026-03-20 10:18:34,909 - INFO - 上次打印价格: 4947.576683288411
2026-03-20 10:18:34,909 - INFO - 当前价格: 4943.1345492323635
2026-03-20 10:18:34,909 - INFO - ============================================================

2026-03-20 10:18:34,909 - INFO - 
============================================================
2026-03-20 10:18:34,910 - INFO - 触发原因: 价格下跌超过整数变化
2026-03-20 10:18:34,910 - INFO - 当前时间: 2026-03-20 10:18:34
2026-03-20 10:18:34,910 - INFO - 数据时间: 2026-03-20 10:18:34
2026-03-20 10:18:34,910 - INFO - 当前价格: 4943.1345492323635
2026-03-20 10:18:34,910 - INFO - 上次打印时间: 2026-03-20 10:18:19
2026-03-20 10:18:34,910 - INFO - 上次打印价格: 4947.576683288411
2026-03-20 10:18:34,910 - INFO - 当前价格: 4943.1345492323635
2026-03-20 10:18:34,911 - INFO - Content-Type: multipart/mixed; boundary="===============4393141749722580449=="
MIME-Version: 1.0
Subject: =?utf-8?b?6buE6YeR5Lu35qC85o+Q6YaSIC0g5Lu35qC85LiL6LeM6LaF6L+H5pW05pWw5Y+Y5YyWLOW9k+WJjeS7t+agvDQ5NDMuMTM0NTQ5MjMyMzYzNQ==?=
From: 2741023538@qq.com
To: 2741023538@qq.com

--===============4393141749722580449==
Content-Type: text/plain; charset="utf-8"
MIME-Version: 1.0
Content-Transfer-Encoding: base64

CiAgICAgICAgICAgIOm7hOmHkeS7t+agvOebkeaOp+aPkOmGkgogICAgICAgICAgICDop6blj5Hl
jp/lm6A6IOS7t+agvOS4i+i3jOi2hei/h+aVtOaVsOWPmOWMlgogICAgICAgICAgICDlvZPliY3m
l7bpl7Q6IDIwMjYtMDMtMjAgMTA6MTg6MzQKICAgICAgICAgICAg5pWw5o2u5pe26Ze0OiAyMDI2
LTAzLTIwIDEwOjE4OjM0CiAgICAgICAgICAgIOW9k+WJjeS7t+agvDogNDk0My4xMzQ1NDkyMzIz
NjM1CiAgICAgICAgICAgIOW3suinpuWPkeebruaghzogWzQ5NTBdCgogICAgICAgICAgICDkuIrm
rKHmiZPljbDml7bpl7Q6IDIwMjYtMDMtMjAgMTA6MTg6MzQKICAgICAgICAgICAg5LiK5qyh5omT
5Y2w5Lu35qC8OiA0OTQzLjEzNDU0OTIzMjM2MzUgIOW9k+WJjeS7t+agvDogNDk0My4xMzQ1NDky
MzIzNjM1CiAgICAgICAgICAgIA==

--===============4393141749722580449==--

2026-03-20 10:18:35,166 - INFO - 正在连接到 smtp.qq.com:465
2026-03-20 10:18:35,167 - INFO - 使用用户名: 2741023538@qq.com
2026-03-20 10:18:35,222 - ERROR - 监控异常: 'ascii' codec can't encode characters in position 19-21: ordinal not in range(128)
2026-03-20 10:18:50,235 - INFO - 
============================================================
2026-03-20 10:18:50,236 - INFO - 触发原因: 打印调试
2026-03-20 10:18:50,236 - INFO - 当前时间: 2026-03-20 10:18:50
2026-03-20 10:18:50,236 - INFO - 数据时间: 2026-03-20 10:18:50
2026-03-20 10:18:50,236 - INFO - 当前价格: 4948.519597492949
2026-03-20 10:18:50,236 - INFO - 上次打印时间: 2026-03-20 10:18:34
2026-03-20 10:18:50,236 - INFO - 上次打印价格: 4943.1345492323635
2026-03-20 10:18:50,236 - INFO - 当前价格: 4948.519597492949
2026-03-20 10:18:50,236 - INFO - ============================================================

2026-03-20 10:19:00,245 - INFO - 
============================================================
2026-03-20 10:19:00,245 - INFO - 触发原因: 打印调试
2026-03-20 10:19:00,245 - INFO - 当前时间: 2026-03-20 10:19:00
2026-03-20 10:19:00,245 - INFO - 数据时间: 2026-03-20 10:19:00
2026-03-20 10:19:00,245 - INFO - 当前价格: 4952.282070900513
2026-03-20 10:19:00,246 - INFO - 上次打印时间: 2026-03-20 10:18:34
2026-03-20 10:19:00,246 - INFO - 上次打印价格: 4943.1345492323635
2026-03-20 10:19:00,246 - INFO - 当前价格: 4952.282070900513
2026-03-20 10:19:00,246 - INFO - ============================================================

2026-03-20 10:19:10,256 - INFO - 
============================================================
2026-03-20 10:19:10,256 - INFO - 触发原因: 打印调试
2026-03-20 10:19:10,256 - INFO - 当前时间: 2026-03-20 10:19:10
2026-03-20 10:19:10,257 - INFO - 数据时间: 2026-03-20 10:19:10
2026-03-20 10:19:10,257 - INFO - 当前价格: 4945.871042595325
2026-03-20 10:19:10,257 - INFO - 上次打印时间: 2026-03-20 10:18:34
2026-03-20 10:19:10,257 - INFO - 上次打印价格: 4943.1345492323635
2026-03-20 10:19:10,257 - INFO - 当前价格: 4945.871042595325
2026-03-20 10:19:10,257 - INFO - ============================================================

2026-03-20 10:19:20,261 - INFO - 
============================================================
2026-03-20 10:19:20,262 - INFO - 触发原因: 打印调试
2026-03-20 10:19:20,262 - INFO - 当前时间: 2026-03-20 10:19:20
2026-03-20 10:19:20,262 - INFO - 数据时间: 2026-03-20 10:19:20
2026-03-20 10:19:20,262 - INFO - 当前价格: 4944.530179215811
2026-03-20 10:19:20,262 - INFO - 上次打印时间: 2026-03-20 10:18:34
2026-03-20 10:19:20,262 - INFO - 上次打印价格: 4943.1345492323635
2026-03-20 10:19:20,262 - INFO - 当前价格: 4944.530179215811
2026-03-20 10:19:20,262 - INFO - ============================================================

2026-03-20 10:19:30,269 - INFO - 
============================================================
2026-03-20 10:19:30,269 - INFO - 触发原因: 打印调试
2026-03-20 10:19:30,269 - INFO - 当前时间: 2026-03-20 10:19:30
2026-03-20 10:19:30,269 - INFO - 数据时间: 2026-03-20 10:19:30
2026-03-20 10:19:30,270 - INFO - 当前价格: 4944.711946433631
2026-03-20 10:19:30,270 - INFO - 上次打印时间: 2026-03-20 10:18:34
2026-03-20 10:19:30,270 - INFO - 上次打印价格: 4943.1345492323635
2026-03-20 10:19:30,270 - INFO - 当前价格: 4944.711946433631
2026-03-20 10:19:30,270 - INFO - ============================================================

2026-03-20 10:19:40,279 - INFO - 
============================================================
2026-03-20 10:19:40,279 - INFO - 触发原因: 打印调试
2026-03-20 10:19:40,279 - INFO - 当前时间: 2026-03-20 10:19:40
2026-03-20 10:19:40,279 - INFO - 数据时间: 2026-03-20 10:19:40
2026-03-20 10:19:40,279 - INFO - 当前价格: 4959.577224990759
2026-03-20 10:19:40,280 - INFO - 上次打印时间: 2026-03-20 10:18:34
2026-03-20 10:19:40,280 - INFO - 上次打印价格: 4943.1345492323635
2026-03-20 10:19:40,280 - INFO - 当前价格: 4959.577224990759
2026-03-20 10:19:40,280 - INFO - ============================================================

2026-03-20 10:19:40,280 - INFO - 
============================================================
2026-03-20 10:19:40,280 - INFO - 触发原因: 价格上涨超过整数变化
2026-03-20 10:19:40,280 - INFO - 当前时间: 2026-03-20 10:19:40
2026-03-20 10:19:40,280 - INFO - 数据时间: 2026-03-20 10:19:40
2026-03-20 10:19:40,280 - INFO - 当前价格: 4959.577224990759
2026-03-20 10:19:40,281 - INFO - 上次打印时间: 2026-03-20 10:18:34
2026-03-20 10:19:40,281 - INFO - 上次打印价格: 4943.1345492323635
2026-03-20 10:19:40,281 - INFO - 当前价格: 4959.577224990759
2026-03-20 10:19:40,281 - INFO - Content-Type: multipart/mixed; boundary="===============8760248761204371073=="
MIME-Version: 1.0
Subject: =?utf-8?b?6buE6YeR5Lu35qC85o+Q6YaSIC0g5Lu35qC85LiK5rao6LaF6L+H5pW05pWw5Y+Y5YyWLOW9k+WJjeS7t+agvDQ5NTkuNTc3MjI0OTkwNzU5?=
From: 2741023538@qq.com
To: 2741023538@qq.com

--===============8760248761204371073==
Content-Type: text/plain; charset="utf-8"
MIME-Version: 1.0
Content-Transfer-Encoding: base64

CiAgICAgICAgICAgIOm7hOmHkeS7t+agvOebkeaOp+aPkOmGkgogICAgICAgICAgICDop6blj5Hl
jp/lm6A6IOS7t+agvOS4iua2qOi2hei/h+aVtOaVsOWPmOWMlgogICAgICAgICAgICDlvZPliY3m
l7bpl7Q6IDIwMjYtMDMtMjAgMTA6MTk6NDAKICAgICAgICAgICAg5pWw5o2u5pe26Ze0OiAyMDI2
LTAzLTIwIDEwOjE5OjQwCiAgICAgICAgICAgIOW9k+WJjeS7t+agvDogNDk1OS41NzcyMjQ5OTA3
NTkKICAgICAgICAgICAg5bey6Kem5Y+R55uu5qCHOiBbNDk1MF0KCiAgICAgICAgICAgIOS4iuas
oeaJk+WNsOaXtumXtDogMjAyNi0wMy0yMCAxMDoxOTo0MAogICAgICAgICAgICDkuIrmrKHmiZPl
jbDku7fmoLw6IDQ5NTkuNTc3MjI0OTkwNzU5ICDlvZPliY3ku7fmoLw6IDQ5NTkuNTc3MjI0OTkw
NzU5CiAgICAgICAgICAgIA==

--===============8760248761204371073==--

2026-03-20 10:19:40,523 - INFO - 正在连接到 smtp.qq.com:465
2026-03-20 10:19:40,523 - INFO - 使用用户名: 2741023538@qq.com
2026-03-20 10:19:40,576 - ERROR - 监控异常: 'ascii' codec can't encode characters in position 19-21: ordinal not in range(128)
2026-03-20 10:19:55,583 - INFO - 
============================================================
2026-03-20 10:19:55,583 - INFO - 触发原因: 打印调试
2026-03-20 10:19:55,583 - INFO - 当前时间: 2026-03-20 10:19:55
2026-03-20 10:19:55,584 - INFO - 数据时间: 2026-03-20 10:19:55
2026-03-20 10:19:55,584 - INFO - 当前价格: 4952.48431692037
2026-03-20 10:19:55,584 - INFO - 上次打印时间: 2026-03-20 10:19:40
2026-03-20 10:19:55,584 - INFO - 上次打印价格: 4959.577224990759
2026-03-20 10:19:55,584 - INFO - 当前价格: 4952.48431692037
2026-03-20 10:19:55,584 - INFO - ============================================================

2026-03-20 10:20:05,592 - INFO - 
============================================================
2026-03-20 10:20:05,593 - INFO - 触发原因: 打印调试
2026-03-20 10:20:05,593 - INFO - 当前时间: 2026-03-20 10:20:05
2026-03-20 10:20:05,593 - INFO - 数据时间: 2026-03-20 10:20:05
2026-03-20 10:20:05,593 - INFO - 当前价格: 4958.213292640595
2026-03-20 10:20:05,593 - INFO - 上次打印时间: 2026-03-20 10:19:40
2026-03-20 10:20:05,594 - INFO - 上次打印价格: 4959.577224990759
2026-03-20 10:20:05,594 - INFO - 当前价格: 4958.213292640595
2026-03-20 10:20:05,594 - INFO - ============================================================

2026-03-20 10:20:15,595 - INFO - 
============================================================
2026-03-20 10:20:15,595 - INFO - 触发原因: 打印调试
2026-03-20 10:20:15,596 - INFO - 当前时间: 2026-03-20 10:20:15
2026-03-20 10:20:15,596 - INFO - 数据时间: 2026-03-20 10:20:15
2026-03-20 10:20:15,596 - INFO - 当前价格: 4959.524084535471
2026-03-20 10:20:15,596 - INFO - 上次打印时间: 2026-03-20 10:19:40
2026-03-20 10:20:15,596 - INFO - 上次打印价格: 4959.577224990759
2026-03-20 10:20:15,596 - INFO - 当前价格: 4959.524084535471
2026-03-20 10:20:15,596 - INFO - ============================================================

2026-03-20 10:20:25,611 - INFO - 
============================================================
2026-03-20 10:20:25,611 - INFO - 触发原因: 打印调试
2026-03-20 10:20:25,611 - INFO - 当前时间: 2026-03-20 10:20:25
2026-03-20 10:20:25,612 - INFO - 数据时间: 2026-03-20 10:20:25
2026-03-20 10:20:25,612 - INFO - 当前价格: 4951.048584900157
2026-03-20 10:20:25,612 - INFO - 上次打印时间: 2026-03-20 10:19:40
2026-03-20 10:20:25,612 - INFO - 上次打印价格: 4959.577224990759
2026-03-20 10:20:25,612 - INFO - 当前价格: 4951.048584900157
2026-03-20 10:20:25,612 - INFO - ============================================================

2026-03-20 10:20:35,617 - INFO - 
============================================================
2026-03-20 10:20:35,617 - INFO - 触发原因: 打印调试
2026-03-20 10:20:35,617 - INFO - 当前时间: 2026-03-20 10:20:35
2026-03-20 10:20:35,617 - INFO - 数据时间: 2026-03-20 10:20:35
2026-03-20 10:20:35,617 - INFO - 当前价格: 4952.280094220934
2026-03-20 10:20:35,617 - INFO - 上次打印时间: 2026-03-20 10:19:40
2026-03-20 10:20:35,617 - INFO - 上次打印价格: 4959.577224990759
2026-03-20 10:20:35,618 - INFO - 当前价格: 4952.280094220934
2026-03-20 10:20:35,618 - INFO - ============================================================

2026-03-20 10:20:45,621 - INFO - 
============================================================
2026-03-20 10:20:45,621 - INFO - 触发原因: 打印调试
2026-03-20 10:20:45,621 - INFO - 当前时间: 2026-03-20 10:20:45
2026-03-20 10:20:45,621 - INFO - 数据时间: 2026-03-20 10:20:45
2026-03-20 10:20:45,621 - INFO - 当前价格: 4950.000138255478
2026-03-20 10:20:45,621 - INFO - 上次打印时间: 2026-03-20 10:19:40
2026-03-20 10:20:45,622 - INFO - 上次打印价格: 4959.577224990759
2026-03-20 10:20:45,622 - INFO - 当前价格: 4950.000138255478
2026-03-20 10:20:45,622 - INFO - ============================================================

2026-03-20 10:20:55,637 - INFO - 
============================================================
2026-03-20 10:20:55,637 - INFO - 触发原因: 打印调试
2026-03-20 10:20:55,637 - INFO - 当前时间: 2026-03-20 10:20:55
2026-03-20 10:20:55,638 - INFO - 数据时间: 2026-03-20 10:20:55
2026-03-20 10:20:55,638 - INFO - 当前价格: 4959.206163810502
2026-03-20 10:20:55,638 - INFO - 上次打印时间: 2026-03-20 10:19:40
2026-03-20 10:20:55,638 - INFO - 上次打印价格: 4959.577224990759
2026-03-20 10:20:55,638 - INFO - 当前价格: 4959.206163810502
2026-03-20 10:20:55,638 - INFO - ============================================================

2026-03-20 10:21:05,643 - INFO - 
============================================================
2026-03-20 10:21:05,643 - INFO - 触发原因: 打印调试
2026-03-20 10:21:05,644 - INFO - 当前时间: 2026-03-20 10:21:05
2026-03-20 10:21:05,644 - INFO - 数据时间: 2026-03-20 10:21:05
2026-03-20 10:21:05,644 - INFO - 当前价格: 4955.305410714682
2026-03-20 10:21:05,644 - INFO - 上次打印时间: 2026-03-20 10:19:40
2026-03-20 10:21:05,644 - INFO - 上次打印价格: 4959.577224990759
2026-03-20 10:21:05,645 - INFO - 当前价格: 4955.305410714682
2026-03-20 10:21:05,645 - INFO - ============================================================

2026-03-20 10:21:15,652 - INFO - 
============================================================
2026-03-20 10:21:15,652 - INFO - 触发原因: 打印调试
2026-03-20 10:21:15,653 - INFO - 当前时间: 2026-03-20 10:21:15
2026-03-20 10:21:15,653 - INFO - 数据时间: 2026-03-20 10:21:15
2026-03-20 10:21:15,653 - INFO - 当前价格: 4951.548097449727
2026-03-20 10:21:15,653 - INFO - 上次打印时间: 2026-03-20 10:19:40
2026-03-20 10:21:15,653 - INFO - 上次打印价格: 4959.577224990759
2026-03-20 10:21:15,653 - INFO - 当前价格: 4951.548097449727
2026-03-20 10:21:15,654 - INFO - ============================================================

2026-03-20 10:21:25,666 - INFO - 
============================================================
2026-03-20 10:21:25,666 - INFO - 触发原因: 打印调试
2026-03-20 10:21:25,666 - INFO - 当前时间: 2026-03-20 10:21:25
2026-03-20 10:21:25,666 - INFO - 数据时间: 2026-03-20 10:21:25
2026-03-20 10:21:25,666 - INFO - 当前价格: 4941.550763675434
2026-03-20 10:21:25,666 - INFO - 上次打印时间: 2026-03-20 10:19:40
2026-03-20 10:21:25,667 - INFO - 上次打印价格: 4959.577224990759
2026-03-20 10:21:25,667 - INFO - 当前价格: 4941.550763675434
2026-03-20 10:21:25,667 - INFO - ============================================================

2026-03-20 10:21:25,667 - INFO - 
============================================================
2026-03-20 10:21:25,667 - INFO - 触发原因: 价格下跌超过整数变化
2026-03-20 10:21:25,667 - INFO - 当前时间: 2026-03-20 10:21:25
2026-03-20 10:21:25,667 - INFO - 数据时间: 2026-03-20 10:21:25
2026-03-20 10:21:25,667 - INFO - 当前价格: 4941.550763675434
2026-03-20 10:21:25,668 - INFO - 上次打印时间: 2026-03-20 10:19:40
2026-03-20 10:21:25,668 - INFO - 上次打印价格: 4959.577224990759
2026-03-20 10:21:25,668 - INFO - 当前价格: 4941.550763675434
2026-03-20 10:21:25,669 - INFO - Content-Type: multipart/mixed; boundary="===============1328310277589556909=="
MIME-Version: 1.0
Subject: =?utf-8?b?6buE6YeR5Lu35qC85o+Q6YaSIC0g5Lu35qC85LiL6LeM6LaF6L+H5pW05pWw5Y+Y5YyWLOW9k+WJjeS7t+agvDQ5NDEuNTUwNzYzNjc1NDM0?=
From: 2741023538@qq.com
To: 2741023538@qq.com

--===============1328310277589556909==
Content-Type: text/plain; charset="utf-8"
MIME-Version: 1.0
Content-Transfer-Encoding: base64

CiAgICAgICAgICAgIOm7hOmHkeS7t+agvOebkeaOp+aPkOmGkgogICAgICAgICAgICDop6blj5Hl
jp/lm6A6IOS7t+agvOS4i+i3jOi2hei/h+aVtOaVsOWPmOWMlgogICAgICAgICAgICDlvZPliY3m
l7bpl7Q6IDIwMjYtMDMtMjAgMTA6MjE6MjUKICAgICAgICAgICAg5pWw5o2u5pe26Ze0OiAyMDI2
LTAzLTIwIDEwOjIxOjI1CiAgICAgICAgICAgIOW9k+WJjeS7t+agvDogNDk0MS41NTA3NjM2NzU0
MzQKICAgICAgICAgICAg5bey6Kem5Y+R55uu5qCHOiBbNDk1MF0KCiAgICAgICAgICAgIOS4iuas
oeaJk+WNsOaXtumXtDogMjAyNi0wMy0yMCAxMDoyMToyNQogICAgICAgICAgICDkuIrmrKHmiZPl
jbDku7fmoLw6IDQ5NDEuNTUwNzYzNjc1NDM0ICDlvZPliY3ku7fmoLw6IDQ5NDEuNTUwNzYzNjc1
NDM0CiAgICAgICAgICAgIA==

--===============1328310277589556909==--

2026-03-20 10:21:25,940 - INFO - 正在连接到 smtp.qq.com:465
2026-03-20 10:21:25,940 - INFO - 使用用户名: 2741023538@qq.com
2026-03-20 10:21:25,998 - ERROR - 监控异常: 'ascii' codec can't encode characters in position 19-21: ordinal not in range(128)
2026-03-20 10:21:41,010 - INFO - 
============================================================
2026-03-20 10:21:41,010 - INFO - 触发原因: 打印调试
2026-03-20 10:21:41,011 - INFO - 当前时间: 2026-03-20 10:21:41
2026-03-20 10:21:41,011 - INFO - 数据时间: 2026-03-20 10:21:41
2026-03-20 10:21:41,011 - INFO - 当前价格: 4954.919202182276
2026-03-20 10:21:41,011 - INFO - 上次打印时间: 2026-03-20 10:21:25
2026-03-20 10:21:41,011 - INFO - 上次打印价格: 4941.550763675434
2026-03-20 10:21:41,012 - INFO - 当前价格: 4954.919202182276
2026-03-20 10:21:41,012 - INFO - ============================================================

2026-03-20 10:21:41,012 - INFO - 
============================================================
2026-03-20 10:21:41,012 - INFO - 触发原因: 价格上涨超过整数变化
2026-03-20 10:21:41,012 - INFO - 当前时间: 2026-03-20 10:21:41
2026-03-20 10:21:41,012 - INFO - 数据时间: 2026-03-20 10:21:41
2026-03-20 10:21:41,013 - INFO - 当前价格: 4954.919202182276
2026-03-20 10:21:41,013 - INFO - 上次打印时间: 2026-03-20 10:21:25
2026-03-20 10:21:41,013 - INFO - 上次打印价格: 4941.550763675434
2026-03-20 10:21:41,013 - INFO - 当前价格: 4954.919202182276
2026-03-20 10:21:41,013 - INFO - Content-Type: multipart/mixed; boundary="===============0380444339896848422=="
MIME-Version: 1.0
Subject: =?utf-8?b?6buE6YeR5Lu35qC85o+Q6YaSIC0g5Lu35qC85LiK5rao6LaF6L+H5pW05pWw5Y+Y5YyWLOW9k+WJjeS7t+agvDQ5NTQuOTE5MjAyMTgyMjc2?=
From: 2741023538@qq.com
To: 2741023538@qq.com

--===============0380444339896848422==
Content-Type: text/plain; charset="utf-8"
MIME-Version: 1.0
Content-Transfer-Encoding: base64

CiAgICAgICAgICAgIOm7hOmHkeS7t+agvOebkeaOp+aPkOmGkgogICAgICAgICAgICDop6blj5Hl
jp/lm6A6IOS7t+agvOS4iua2qOi2hei/h+aVtOaVsOWPmOWMlgogICAgICAgICAgICDlvZPliY3m
l7bpl7Q6IDIwMjYtMDMtMjAgMTA6MjE6NDEKICAgICAgICAgICAg5pWw5o2u5pe26Ze0OiAyMDI2
LTAzLTIwIDEwOjIxOjQxCiAgICAgICAgICAgIOW9k+WJjeS7t+agvDogNDk1NC45MTkyMDIxODIy
NzYKICAgICAgICAgICAg5bey6Kem5Y+R55uu5qCHOiBbNDk1MF0KCiAgICAgICAgICAgIOS4iuas
oeaJk+WNsOaXtumXtDogMjAyNi0wMy0yMCAxMDoyMTo0MQogICAgICAgICAgICDkuIrmrKHmiZPl
jbDku7fmoLw6IDQ5NTQuOTE5MjAyMTgyMjc2ICDlvZPliY3ku7fmoLw6IDQ5NTQuOTE5MjAyMTgy
Mjc2CiAgICAgICAgICAgIA==

--===============0380444339896848422==--

2026-03-20 10:21:41,295 - INFO - 正在连接到 smtp.qq.com:465
2026-03-20 10:21:41,295 - INFO - 使用用户名: 2741023538@qq.com
2026-03-20 10:21:41,353 - ERROR - 监控异常: 'ascii' codec can't encode characters in position 19-21: ordinal not in range(128)
2026-03-20 10:21:56,364 - INFO - 
============================================================
2026-03-20 10:21:56,364 - INFO - 触发原因: 打印调试
2026-03-20 10:21:56,365 - INFO - 当前时间: 2026-03-20 10:21:56
2026-03-20 10:21:56,365 - INFO - 数据时间: 2026-03-20 10:21:56
2026-03-20 10:21:56,365 - INFO - 当前价格: 4955.205380077074
2026-03-20 10:21:56,365 - INFO - 上次打印时间: 2026-03-20 10:21:41
2026-03-20 10:21:56,365 - INFO - 上次打印价格: 4954.919202182276
2026-03-20 10:21:56,365 - INFO - 当前价格: 4955.205380077074
2026-03-20 10:21:56,365 - INFO - ============================================================

2026-03-20 10:22:06,368 - INFO - 
============================================================
2026-03-20 10:22:06,368 - INFO - 触发原因: 打印调试
2026-03-20 10:22:06,368 - INFO - 当前时间: 2026-03-20 10:22:06
2026-03-20 10:22:06,368 - INFO - 数据时间: 2026-03-20 10:22:06
2026-03-20 10:22:06,368 - INFO - 当前价格: 4950.4493653303125
2026-03-20 10:22:06,369 - INFO - 上次打印时间: 2026-03-20 10:21:41
2026-03-20 10:22:06,369 - INFO - 上次打印价格: 4954.919202182276
2026-03-20 10:22:06,369 - INFO - 当前价格: 4950.4493653303125
2026-03-20 10:22:06,369 - INFO - ============================================================

2026-03-20 10:22:16,370 - INFO - 
============================================================
2026-03-20 10:22:16,371 - INFO - 触发原因: 打印调试
2026-03-20 10:22:16,371 - INFO - 当前时间: 2026-03-20 10:22:16
2026-03-20 10:22:16,371 - INFO - 数据时间: 2026-03-20 10:22:16
2026-03-20 10:22:16,371 - INFO - 当前价格: 4941.935057834377
2026-03-20 10:22:16,371 - INFO - 上次打印时间: 2026-03-20 10:21:41
2026-03-20 10:22:16,371 - INFO - 上次打印价格: 4954.919202182276
2026-03-20 10:22:16,371 - INFO - 当前价格: 4941.935057834377
2026-03-20 10:22:16,371 - INFO - ============================================================

2026-03-20 10:22:16,372 - INFO - 
============================================================
2026-03-20 10:22:16,372 - INFO - 触发原因: 价格下跌超过整数变化
2026-03-20 10:22:16,372 - INFO - 当前时间: 2026-03-20 10:22:16
2026-03-20 10:22:16,372 - INFO - 数据时间: 2026-03-20 10:22:16
2026-03-20 10:22:16,372 - INFO - 当前价格: 4941.935057834377
2026-03-20 10:22:16,372 - INFO - 上次打印时间: 2026-03-20 10:21:41
2026-03-20 10:22:16,372 - INFO - 上次打印价格: 4954.919202182276
2026-03-20 10:22:16,372 - INFO - 当前价格: 4941.935057834377
2026-03-20 10:22:16,373 - INFO - Content-Type: multipart/mixed; boundary="===============8142561703319439167=="
MIME-Version: 1.0
Subject: =?utf-8?b?6buE6YeR5Lu35qC85o+Q6YaSIC0g5Lu35qC85LiL6LeM6LaF6L+H5pW05pWw5Y+Y5YyWLOW9k+WJjeS7t+agvDQ5NDEuOTM1MDU3ODM0Mzc3?=
From: 2741023538@qq.com
To: 2741023538@qq.com

--===============8142561703319439167==
Content-Type: text/plain; charset="utf-8"
MIME-Version: 1.0
Content-Transfer-Encoding: base64

CiAgICAgICAgICAgIOm7hOmHkeS7t+agvOebkeaOp+aPkOmGkgogICAgICAgICAgICDop6blj5Hl
jp/lm6A6IOS7t+agvOS4i+i3jOi2hei/h+aVtOaVsOWPmOWMlgogICAgICAgICAgICDlvZPliY3m
l7bpl7Q6IDIwMjYtMDMtMjAgMTA6MjI6MTYKICAgICAgICAgICAg5pWw5o2u5pe26Ze0OiAyMDI2
LTAzLTIwIDEwOjIyOjE2CiAgICAgICAgICAgIOW9k+WJjeS7t+agvDogNDk0MS45MzUwNTc4MzQz
NzcKICAgICAgICAgICAg5bey6Kem5Y+R55uu5qCHOiBbNDk1MF0KCiAgICAgICAgICAgIOS4iuas
oeaJk+WNsOaXtumXtDogMjAyNi0wMy0yMCAxMDoyMjoxNgogICAgICAgICAgICDkuIrmrKHmiZPl
jbDku7fmoLw6IDQ5NDEuOTM1MDU3ODM0Mzc3ICDlvZPliY3ku7fmoLw6IDQ5NDEuOTM1MDU3ODM0
Mzc3CiAgICAgICAgICAgIA==

--===============8142561703319439167==--

2026-03-20 10:22:16,627 - INFO - 正在连接到 smtp.qq.com:465
2026-03-20 10:22:16,627 - INFO - 使用用户名: 2741023538@qq.com
2026-03-20 10:22:16,685 - ERROR - 监控异常: 'ascii' codec can't encode characters in position 19-21: ordinal not in range(128)
2026-03-20 10:22:31,697 - INFO - 
============================================================
2026-03-20 10:22:31,697 - INFO - 触发原因: 打印调试
2026-03-20 10:22:31,698 - INFO - 当前时间: 2026-03-20 10:22:31
2026-03-20 10:22:31,698 - INFO - 数据时间: 2026-03-20 10:22:31
2026-03-20 10:22:31,698 - INFO - 当前价格: 4941.582520374662
2026-03-20 10:22:31,698 - INFO - 上次打印时间: 2026-03-20 10:22:16
2026-03-20 10:22:31,698 - INFO - 上次打印价格: 4941.935057834377
2026-03-20 10:22:31,699 - INFO - 当前价格: 4941.582520374662
2026-03-20 10:22:31,699 - INFO - ============================================================

2026-03-20 10:22:41,706 - INFO - 
============================================================
2026-03-20 10:22:41,706 - INFO - 触发原因: 打印调试
2026-03-20 10:22:41,706 - INFO - 当前时间: 2026-03-20 10:22:41
2026-03-20 10:22:41,706 - INFO - 数据时间: 2026-03-20 10:22:41
2026-03-20 10:22:41,706 - INFO - 当前价格: 4943.5856941099
2026-03-20 10:22:41,706 - INFO - 上次打印时间: 2026-03-20 10:22:16
2026-03-20 10:22:41,706 - INFO - 上次打印价格: 4941.935057834377
2026-03-20 10:22:41,707 - INFO - 当前价格: 4943.5856941099
2026-03-20 10:22:41,707 - INFO - ============================================================

2026-03-20 10:22:51,714 - INFO - 
============================================================
2026-03-20 10:22:51,714 - INFO - 触发原因: 打印调试
2026-03-20 10:22:51,714 - INFO - 当前时间: 2026-03-20 10:22:51
2026-03-20 10:22:51,715 - INFO - 数据时间: 2026-03-20 10:22:51
2026-03-20 10:22:51,715 - INFO - 当前价格: 4945.304920477839
2026-03-20 10:22:51,715 - INFO - 上次打印时间: 2026-03-20 10:22:16
2026-03-20 10:22:51,715 - INFO - 上次打印价格: 4941.935057834377
2026-03-20 10:22:51,715 - INFO - 当前价格: 4945.304920477839
2026-03-20 10:22:51,715 - INFO - ============================================================

2026-03-20 10:23:01,729 - INFO - 
============================================================
2026-03-20 10:23:01,729 - INFO - 触发原因: 打印调试
2026-03-20 10:23:01,729 - INFO - 当前时间: 2026-03-20 10:23:01
2026-03-20 10:23:01,729 - INFO - 数据时间: 2026-03-20 10:23:01
2026-03-20 10:23:01,730 - INFO - 当前价格: 4958.740695546836
2026-03-20 10:23:01,730 - INFO - 上次打印时间: 2026-03-20 10:22:16
2026-03-20 10:23:01,730 - INFO - 上次打印价格: 4941.935057834377
2026-03-20 10:23:01,730 - INFO - 当前价格: 4958.740695546836
2026-03-20 10:23:01,730 - INFO - ============================================================

2026-03-20 10:23:01,731 - INFO - 
============================================================
2026-03-20 10:23:01,731 - INFO - 触发原因: 价格上涨超过整数变化
2026-03-20 10:23:01,731 - INFO - 当前时间: 2026-03-20 10:23:01
2026-03-20 10:23:01,731 - INFO - 数据时间: 2026-03-20 10:23:01
2026-03-20 10:23:01,731 - INFO - 当前价格: 4958.740695546836
2026-03-20 10:23:01,731 - INFO - 上次打印时间: 2026-03-20 10:22:16
2026-03-20 10:23:01,731 - INFO - 上次打印价格: 4941.935057834377
2026-03-20 10:23:01,731 - INFO - 当前价格: 4958.740695546836
2026-03-20 10:23:01,732 - INFO - Content-Type: multipart/mixed; boundary="===============0777981253508418207=="
MIME-Version: 1.0
Subject: =?utf-8?b?6buE6YeR5Lu35qC85o+Q6YaSIC0g5Lu35qC85LiK5rao6LaF6L+H5pW05pWw5Y+Y5YyWLOW9k+WJjeS7t+agvDQ5NTguNzQwNjk1NTQ2ODM2?=
From: 2741023538@qq.com
To: 2741023538@qq.com

--===============0777981253508418207==
Content-Type: text/plain; charset="utf-8"
MIME-Version: 1.0
Content-Transfer-Encoding: base64

CiAgICAgICAgICAgIOm7hOmHkeS7t+agvOebkeaOp+aPkOmGkgogICAgICAgICAgICDop6blj5Hl
jp/lm6A6IOS7t+agvOS4iua2qOi2hei/h+aVtOaVsOWPmOWMlgogICAgICAgICAgICDlvZPliY3m
l7bpl7Q6IDIwMjYtMDMtMjAgMTA6MjM6MDEKICAgICAgICAgICAg5pWw5o2u5pe26Ze0OiAyMDI2
LTAzLTIwIDEwOjIzOjAxCiAgICAgICAgICAgIOW9k+WJjeS7t+agvDogNDk1OC43NDA2OTU1NDY4
MzYKICAgICAgICAgICAg5bey6Kem5Y+R55uu5qCHOiBbNDk1MF0KCiAgICAgICAgICAgIOS4iuas
oeaJk+WNsOaXtumXtDogMjAyNi0wMy0yMCAxMDoyMzowMQogICAgICAgICAgICDkuIrmrKHmiZPl
jbDku7fmoLw6IDQ5NTguNzQwNjk1NTQ2ODM2ICDlvZPliY3ku7fmoLw6IDQ5NTguNzQwNjk1NTQ2
ODM2CiAgICAgICAgICAgIA==

--===============0777981253508418207==--

2026-03-20 10:23:01,976 - INFO - 正在连接到 smtp.qq.com:465
2026-03-20 10:23:01,976 - INFO - 使用用户名: 2741023538@qq.com
2026-03-20 10:23:02,042 - ERROR - 监控异常: 'ascii' codec can't encode characters in position 19-21: ordinal not in range(128)
2026-03-20 10:23:17,063 - INFO - 
============================================================
2026-03-20 10:23:17,064 - INFO - 触发原因: 打印调试
2026-03-20 10:23:17,064 - INFO - 当前时间: 2026-03-20 10:23:17
2026-03-20 10:23:17,064 - INFO - 数据时间: 2026-03-20 10:23:17
2026-03-20 10:23:17,064 - INFO - 当前价格: 4956.712724571624
2026-03-20 10:23:17,064 - INFO - 上次打印时间: 2026-03-20 10:23:01
2026-03-20 10:23:17,064 - INFO - 上次打印价格: 4958.740695546836
2026-03-20 10:23:17,065 - INFO - 当前价格: 4956.712724571624
2026-03-20 10:23:17,065 - INFO - ============================================================

2026-03-20 10:23:27,077 - INFO - 
============================================================
2026-03-20 10:23:27,077 - INFO - 触发原因: 打印调试
2026-03-20 10:23:27,077 - INFO - 当前时间: 2026-03-20 10:23:27
2026-03-20 10:23:27,078 - INFO - 数据时间: 2026-03-20 10:23:27
2026-03-20 10:23:27,078 - INFO - 当前价格: 4953.575813701751
2026-03-20 10:23:27,078 - INFO - 上次打印时间: 2026-03-20 10:23:01
2026-03-20 10:23:27,078 - INFO - 上次打印价格: 4958.740695546836
2026-03-20 10:23:27,078 - INFO - 当前价格: 4953.575813701751
2026-03-20 10:23:27,079 - INFO - ============================================================

2026-03-20 10:23:37,087 - INFO - 
============================================================
2026-03-20 10:23:37,087 - INFO - 触发原因: 打印调试
2026-03-20 10:23:37,087 - INFO - 当前时间: 2026-03-20 10:23:37
2026-03-20 10:23:37,087 - INFO - 数据时间: 2026-03-20 10:23:37
2026-03-20 10:23:37,087 - INFO - 当前价格: 4949.244634772243
2026-03-20 10:23:37,087 - INFO - 上次打印时间: 2026-03-20 10:23:01
2026-03-20 10:23:37,087 - INFO - 上次打印价格: 4958.740695546836
2026-03-20 10:23:37,087 - INFO - 当前价格: 4949.244634772243
2026-03-20 10:23:37,087 - INFO - ============================================================

2026-03-20 10:23:47,092 - INFO - 
============================================================
2026-03-20 10:23:47,092 - INFO - 触发原因: 打印调试
2026-03-20 10:23:47,093 - INFO - 当前时间: 2026-03-20 10:23:47
2026-03-20 10:23:47,093 - INFO - 数据时间: 2026-03-20 10:23:47
2026-03-20 10:23:47,093 - INFO - 当前价格: 4955.425449613257
2026-03-20 10:23:47,093 - INFO - 上次打印时间: 2026-03-20 10:23:01
2026-03-20 10:23:47,093 - INFO - 上次打印价格: 4958.740695546836
2026-03-20 10:23:47,093 - INFO - 当前价格: 4955.425449613257
2026-03-20 10:23:47,094 - INFO - ============================================================

2026-03-20 10:23:57,100 - INFO - 
============================================================
2026-03-20 10:23:57,101 - INFO - 触发原因: 打印调试
2026-03-20 10:23:57,101 - INFO - 当前时间: 2026-03-20 10:23:57
2026-03-20 10:23:57,101 - INFO - 数据时间: 2026-03-20 10:23:57
2026-03-20 10:23:57,101 - INFO - 当前价格: 4948.198457286686
2026-03-20 10:23:57,101 - INFO - 上次打印时间: 2026-03-20 10:23:01
2026-03-20 10:23:57,101 - INFO - 上次打印价格: 4958.740695546836
2026-03-20 10:23:57,102 - INFO - 当前价格: 4948.198457286686
2026-03-20 10:23:57,102 - INFO - ============================================================

2026-03-20 10:23:57,102 - INFO - 
============================================================
2026-03-20 10:23:57,102 - INFO - 触发原因: 价格下跌超过整数变化
2026-03-20 10:23:57,102 - INFO - 当前时间: 2026-03-20 10:23:57
2026-03-20 10:23:57,102 - INFO - 数据时间: 2026-03-20 10:23:57
2026-03-20 10:23:57,102 - INFO - 当前价格: 4948.198457286686
2026-03-20 10:23:57,102 - INFO - 上次打印时间: 2026-03-20 10:23:01
2026-03-20 10:23:57,102 - INFO - 上次打印价格: 4958.740695546836
2026-03-20 10:23:57,102 - INFO - 当前价格: 4948.198457286686
2026-03-20 10:23:57,103 - INFO - Content-Type: multipart/mixed; boundary="===============9162685874787366881=="
MIME-Version: 1.0
Subject: =?utf-8?b?6buE6YeR5Lu35qC85o+Q6YaSIC0g5Lu35qC85LiL6LeM6LaF6L+H5pW05pWw5Y+Y5YyWLOW9k+WJjeS7t+agvDQ5NDguMTk4NDU3Mjg2Njg2?=
From: 2741023538@qq.com
To: 2741023538@qq.com

--===============9162685874787366881==
Content-Type: text/plain; charset="utf-8"
MIME-Version: 1.0
Content-Transfer-Encoding: base64

CiAgICAgICAgICAgIOm7hOmHkeS7t+agvOebkeaOp+aPkOmGkgogICAgICAgICAgICDop6blj5Hl
jp/lm6A6IOS7t+agvOS4i+i3jOi2hei/h+aVtOaVsOWPmOWMlgogICAgICAgICAgICDlvZPliY3m
l7bpl7Q6IDIwMjYtMDMtMjAgMTA6MjM6NTcKICAgICAgICAgICAg5pWw5o2u5pe26Ze0OiAyMDI2
LTAzLTIwIDEwOjIzOjU3CiAgICAgICAgICAgIOW9k+WJjeS7t+agvDogNDk0OC4xOTg0NTcyODY2
ODYKICAgICAgICAgICAg5bey6Kem5Y+R55uu5qCHOiBbNDk1MF0KCiAgICAgICAgICAgIOS4iuas
oeaJk+WNsOaXtumXtDogMjAyNi0wMy0yMCAxMDoyMzo1NwogICAgICAgICAgICDkuIrmrKHmiZPl
jbDku7fmoLw6IDQ5NDguMTk4NDU3Mjg2Njg2ICDlvZPliY3ku7fmoLw6IDQ5NDguMTk4NDU3Mjg2
Njg2CiAgICAgICAgICAgIA==

--===============9162685874787366881==--

2026-03-20 10:23:57,360 - INFO - 正在连接到 smtp.qq.com:465
2026-03-20 10:23:57,361 - INFO - 使用用户名: 2741023538@qq.com
2026-03-20 10:23:57,413 - ERROR - 监控异常: 'ascii' codec can't encode characters in position 19-21: ordinal not in range(128)
2026-03-20 10:24:12,417 - INFO - 
============================================================
2026-03-20 10:24:12,417 - INFO - 触发原因: 打印调试
2026-03-20 10:24:12,418 - INFO - 当前时间: 2026-03-20 10:24:12
2026-03-20 10:24:12,418 - INFO - 数据时间: 2026-03-20 10:24:12
2026-03-20 10:24:12,418 - INFO - 当前价格: 4958.763048971231
2026-03-20 10:24:12,418 - INFO - 上次打印时间: 2026-03-20 10:23:57
2026-03-20 10:24:12,418 - INFO - 上次打印价格: 4948.198457286686
2026-03-20 10:24:12,418 - INFO - 当前价格: 4958.763048971231
2026-03-20 10:24:12,418 - INFO - ============================================================

2026-03-20 10:24:12,419 - INFO - 
============================================================
2026-03-20 10:24:12,419 - INFO - 触发原因: 价格上涨超过整数变化
2026-03-20 10:24:12,419 - INFO - 当前时间: 2026-03-20 10:24:12
2026-03-20 10:24:12,419 - INFO - 数据时间: 2026-03-20 10:24:12
2026-03-20 10:24:12,419 - INFO - 当前价格: 4958.763048971231
2026-03-20 10:24:12,419 - INFO - 上次打印时间: 2026-03-20 10:23:57
2026-03-20 10:24:12,419 - INFO - 上次打印价格: 4948.198457286686
2026-03-20 10:24:12,420 - INFO - 当前价格: 4958.763048971231
2026-03-20 10:24:12,420 - INFO - Content-Type: multipart/mixed; boundary="===============6025050741592069241=="
MIME-Version: 1.0
Subject: =?utf-8?b?6buE6YeR5Lu35qC85o+Q6YaSIC0g5Lu35qC85LiK5rao6LaF6L+H5pW05pWw5Y+Y5YyWLOW9k+WJjeS7t+agvDQ5NTguNzYzMDQ4OTcxMjMx?=
From: 2741023538@qq.com
To: 2741023538@qq.com

--===============6025050741592069241==
Content-Type: text/plain; charset="utf-8"
MIME-Version: 1.0
Content-Transfer-Encoding: base64

CiAgICAgICAgICAgIOm7hOmHkeS7t+agvOebkeaOp+aPkOmGkgogICAgICAgICAgICDop6blj5Hl
jp/lm6A6IOS7t+agvOS4iua2qOi2hei/h+aVtOaVsOWPmOWMlgogICAgICAgICAgICDlvZPliY3m
l7bpl7Q6IDIwMjYtMDMtMjAgMTA6MjQ6MTIKICAgICAgICAgICAg5pWw5o2u5pe26Ze0OiAyMDI2
LTAzLTIwIDEwOjI0OjEyCiAgICAgICAgICAgIOW9k+WJjeS7t+agvDogNDk1OC43NjMwNDg5NzEy
MzEKICAgICAgICAgICAg5bey6Kem5Y+R55uu5qCHOiBbNDk1MF0KCiAgICAgICAgICAgIOS4iuas
oeaJk+WNsOaXtumXtDogMjAyNi0wMy0yMCAxMDoyNDoxMgogICAgICAgICAgICDkuIrmrKHmiZPl
jbDku7fmoLw6IDQ5NTguNzYzMDQ4OTcxMjMxICDlvZPliY3ku7fmoLw6IDQ5NTguNzYzMDQ4OTcx
MjMxCiAgICAgICAgICAgIA==

--===============6025050741592069241==--

2026-03-20 10:24:12,709 - INFO - 正在连接到 smtp.qq.com:465
2026-03-20 10:24:12,709 - INFO - 使用用户名: 2741023538@qq.com
2026-03-20 10:24:12,776 - ERROR - 监控异常: 'ascii' codec can't encode characters in position 19-21: ordinal not in range(128)
2026-03-20 10:24:27,783 - INFO - 
============================================================
2026-03-20 10:24:27,783 - INFO - 触发原因: 打印调试
2026-03-20 10:24:27,783 - INFO - 当前时间: 2026-03-20 10:24:27
2026-03-20 10:24:27,783 - INFO - 数据时间: 2026-03-20 10:24:27
2026-03-20 10:24:27,783 - INFO - 当前价格: 4946.936193875611
2026-03-20 10:24:27,783 - INFO - 上次打印时间: 2026-03-20 10:24:12
2026-03-20 10:24:27,783 - INFO - 上次打印价格: 4958.763048971231
2026-03-20 10:24:27,783 - INFO - 当前价格: 4946.936193875611
2026-03-20 10:24:27,784 - INFO - ============================================================

2026-03-20 10:24:27,784 - INFO - 
============================================================
2026-03-20 10:24:27,784 - INFO - 触发原因: 价格下跌超过整数变化
2026-03-20 10:24:27,784 - INFO - 当前时间: 2026-03-20 10:24:27
2026-03-20 10:24:27,784 - INFO - 数据时间: 2026-03-20 10:24:27
2026-03-20 10:24:27,784 - INFO - 当前价格: 4946.936193875611
2026-03-20 10:24:27,784 - INFO - 上次打印时间: 2026-03-20 10:24:12
2026-03-20 10:24:27,785 - INFO - 上次打印价格: 4958.763048971231
2026-03-20 10:24:27,785 - INFO - 当前价格: 4946.936193875611
2026-03-20 10:24:27,785 - INFO - Content-Type: multipart/mixed; boundary="===============4137703947600850420=="
MIME-Version: 1.0
Subject: =?utf-8?b?6buE6YeR5Lu35qC85o+Q6YaSIC0g5Lu35qC85LiL6LeM6LaF6L+H5pW05pWw5Y+Y5YyWLOW9k+WJjeS7t+agvDQ5NDYuOTM2MTkzODc1NjEx?=
From: 2741023538@qq.com
To: 2741023538@qq.com

--===============4137703947600850420==
Content-Type: text/plain; charset="utf-8"
MIME-Version: 1.0
Content-Transfer-Encoding: base64

CiAgICAgICAgICAgIOm7hOmHkeS7t+agvOebkeaOp+aPkOmGkgogICAgICAgICAgICDop6blj5Hl
jp/lm6A6IOS7t+agvOS4i+i3jOi2hei/h+aVtOaVsOWPmOWMlgogICAgICAgICAgICDlvZPliY3m
l7bpl7Q6IDIwMjYtMDMtMjAgMTA6MjQ6MjcKICAgICAgICAgICAg5pWw5o2u5pe26Ze0OiAyMDI2
LTAzLTIwIDEwOjI0OjI3CiAgICAgICAgICAgIOW9k+WJjeS7t+agvDogNDk0Ni45MzYxOTM4NzU2
MTEKICAgICAgICAgICAg5bey6Kem5Y+R55uu5qCHOiBbNDk1MF0KCiAgICAgICAgICAgIOS4iuas
oeaJk+WNsOaXtumXtDogMjAyNi0wMy0yMCAxMDoyNDoyNwogICAgICAgICAgICDkuIrmrKHmiZPl
jbDku7fmoLw6IDQ5NDYuOTM2MTkzODc1NjExICDlvZPliY3ku7fmoLw6IDQ5NDYuOTM2MTkzODc1
NjExCiAgICAgICAgICAgIA==

--===============4137703947600850420==--

2026-03-20 10:24:28,041 - INFO - 正在连接到 smtp.qq.com:465
2026-03-20 10:24:28,041 - INFO - 使用用户名: 2741023538@qq.com
2026-03-20 10:24:28,096 - ERROR - 监控异常: 'ascii' codec can't encode characters in position 19-21: ordinal not in range(128)
2026-03-20 10:24:43,117 - INFO - 
============================================================
2026-03-20 10:24:43,117 - INFO - 触发原因: 打印调试
2026-03-20 10:24:43,117 - INFO - 当前时间: 2026-03-20 10:24:43
2026-03-20 10:24:43,117 - INFO - 数据时间: 2026-03-20 10:24:43
2026-03-20 10:24:43,117 - INFO - 当前价格: 4955.876877997297
2026-03-20 10:24:43,117 - INFO - 上次打印时间: 2026-03-20 10:24:27
2026-03-20 10:24:43,118 - INFO - 上次打印价格: 4946.936193875611
2026-03-20 10:24:43,118 - INFO - 当前价格: 4955.876877997297
2026-03-20 10:24:43,118 - INFO - ============================================================

2026-03-20 10:24:53,119 - INFO - 
============================================================
2026-03-20 10:24:53,119 - INFO - 触发原因: 打印调试
2026-03-20 10:24:53,119 - INFO - 当前时间: 2026-03-20 10:24:53
2026-03-20 10:24:53,119 - INFO - 数据时间: 2026-03-20 10:24:53
2026-03-20 10:24:53,119 - INFO - 当前价格: 4945.490513591013
2026-03-20 10:24:53,120 - INFO - 上次打印时间: 2026-03-20 10:24:27
2026-03-20 10:24:53,120 - INFO - 上次打印价格: 4946.936193875611
2026-03-20 10:24:53,120 - INFO - 当前价格: 4945.490513591013
2026-03-20 10:24:53,120 - INFO - ============================================================

2026-03-20 10:25:03,132 - INFO - 
============================================================
2026-03-20 10:25:03,132 - INFO - 触发原因: 打印调试
2026-03-20 10:25:03,132 - INFO - 当前时间: 2026-03-20 10:25:03
2026-03-20 10:25:03,132 - INFO - 数据时间: 2026-03-20 10:25:03
2026-03-20 10:25:03,132 - INFO - 当前价格: 4952.170892194941
2026-03-20 10:25:03,132 - INFO - 上次打印时间: 2026-03-20 10:24:27
2026-03-20 10:25:03,132 - INFO - 上次打印价格: 4946.936193875611
2026-03-20 10:25:03,133 - INFO - 当前价格: 4952.170892194941
2026-03-20 10:25:03,133 - INFO - ============================================================

2026-03-20 10:25:13,139 - INFO - 
============================================================
2026-03-20 10:25:13,139 - INFO - 触发原因: 打印调试
2026-03-20 10:25:13,139 - INFO - 当前时间: 2026-03-20 10:25:13
2026-03-20 10:25:13,139 - INFO - 数据时间: 2026-03-20 10:25:13
2026-03-20 10:25:13,140 - INFO - 当前价格: 4941.853985914999
2026-03-20 10:25:13,140 - INFO - 上次打印时间: 2026-03-20 10:24:27
2026-03-20 10:25:13,140 - INFO - 上次打印价格: 4946.936193875611
2026-03-20 10:25:13,140 - INFO - 当前价格: 4941.853985914999
2026-03-20 10:25:13,140 - INFO - ============================================================

2026-03-20 10:25:23,142 - INFO - 
============================================================
2026-03-20 10:25:23,142 - INFO - 触发原因: 打印调试
2026-03-20 10:25:23,143 - INFO - 当前时间: 2026-03-20 10:25:23
2026-03-20 10:25:23,143 - INFO - 数据时间: 2026-03-20 10:25:23
2026-03-20 10:25:23,143 - INFO - 当前价格: 4958.318111996405
2026-03-20 10:25:23,143 - INFO - 上次打印时间: 2026-03-20 10:24:27
2026-03-20 10:25:23,143 - INFO - 上次打印价格: 4946.936193875611
2026-03-20 10:25:23,144 - INFO - 当前价格: 4958.318111996405
2026-03-20 10:25:23,144 - INFO - ============================================================

2026-03-20 10:25:23,144 - INFO - 
============================================================
2026-03-20 10:25:23,144 - INFO - 触发原因: 价格上涨超过整数变化
2026-03-20 10:25:23,144 - INFO - 当前时间: 2026-03-20 10:25:23
2026-03-20 10:25:23,145 - INFO - 数据时间: 2026-03-20 10:25:23
2026-03-20 10:25:23,145 - INFO - 当前价格: 4958.318111996405
2026-03-20 10:25:23,145 - INFO - 上次打印时间: 2026-03-20 10:24:27
2026-03-20 10:25:23,145 - INFO - 上次打印价格: 4946.936193875611
2026-03-20 10:25:23,145 - INFO - 当前价格: 4958.318111996405
2026-03-20 10:25:23,146 - INFO - Content-Type: multipart/mixed; boundary="===============5747015083503789345=="
MIME-Version: 1.0
Subject: =?utf-8?b?6buE6YeR5Lu35qC85o+Q6YaSIC0g5Lu35qC85LiK5rao6LaF6L+H5pW05pWw5Y+Y5YyWLOW9k+WJjeS7t+agvDQ5NTguMzE4MTExOTk2NDA1?=
From: 2741023538@qq.com
To: 2741023538@qq.com

--===============5747015083503789345==
Content-Type: text/plain; charset="utf-8"
MIME-Version: 1.0
Content-Transfer-Encoding: base64

CiAgICAgICAgICAgIOm7hOmHkeS7t+agvOebkeaOp+aPkOmGkgogICAgICAgICAgICDop6blj5Hl
jp/lm6A6IOS7t+agvOS4iua2qOi2hei/h+aVtOaVsOWPmOWMlgogICAgICAgICAgICDlvZPliY3m
l7bpl7Q6IDIwMjYtMDMtMjAgMTA6MjU6MjMKICAgICAgICAgICAg5pWw5o2u5pe26Ze0OiAyMDI2
LTAzLTIwIDEwOjI1OjIzCiAgICAgICAgICAgIOW9k+WJjeS7t+agvDogNDk1OC4zMTgxMTE5OTY0
MDUKICAgICAgICAgICAg5bey6Kem5Y+R55uu5qCHOiBbNDk1MF0KCiAgICAgICAgICAgIOS4iuas
oeaJk+WNsOaXtumXtDogMjAyNi0wMy0yMCAxMDoyNToyMwogICAgICAgICAgICDkuIrmrKHmiZPl
jbDku7fmoLw6IDQ5NTguMzE4MTExOTk2NDA1ICDlvZPliY3ku7fmoLw6IDQ5NTguMzE4MTExOTk2
NDA1CiAgICAgICAgICAgIA==

--===============5747015083503789345==--

2026-03-20 10:25:23,385 - INFO - 正在连接到 smtp.qq.com:465
2026-03-20 10:25:23,386 - INFO - 使用用户名: 2741023538@qq.com
2026-03-20 10:25:23,447 - ERROR - 监控异常: 'ascii' codec can't encode characters in position 19-21: ordinal not in range(128)
2026-03-20 10:25:38,471 - INFO - 
============================================================
2026-03-20 10:25:38,471 - INFO - 触发原因: 打印调试
2026-03-20 10:25:38,471 - INFO - 当前时间: 2026-03-20 10:25:38
2026-03-20 10:25:38,471 - INFO - 数据时间: 2026-03-20 10:25:38
2026-03-20 10:25:38,471 - INFO - 当前价格: 4946.876999695334
2026-03-20 10:25:38,471 - INFO - 上次打印时间: 2026-03-20 10:25:23
2026-03-20 10:25:38,471 - INFO - 上次打印价格: 4958.318111996405
2026-03-20 10:25:38,472 - INFO - 当前价格: 4946.876999695334
2026-03-20 10:25:38,472 - INFO - ============================================================

2026-03-20 10:25:38,472 - INFO - 
============================================================
2026-03-20 10:25:38,472 - INFO - 触发原因: 价格下跌超过整数变化
2026-03-20 10:25:38,472 - INFO - 当前时间: 2026-03-20 10:25:38
2026-03-20 10:25:38,472 - INFO - 数据时间: 2026-03-20 10:25:38
2026-03-20 10:25:38,472 - INFO - 当前价格: 4946.876999695334
2026-03-20 10:25:38,473 - INFO - 上次打印时间: 2026-03-20 10:25:23
2026-03-20 10:25:38,473 - INFO - 上次打印价格: 4958.318111996405
2026-03-20 10:25:38,473 - INFO - 当前价格: 4946.876999695334
2026-03-20 10:25:38,474 - INFO - Content-Type: multipart/mixed; boundary="===============8857706105126769078=="
MIME-Version: 1.0
Subject: =?utf-8?b?6buE6YeR5Lu35qC85o+Q6YaSIC0g5Lu35qC85LiL6LeM6LaF6L+H5pW05pWw5Y+Y5YyWLOW9k+WJjeS7t+agvDQ5NDYuODc2OTk5Njk1MzM0?=
From: 2741023538@qq.com
To: 2741023538@qq.com

--===============8857706105126769078==
Content-Type: text/plain; charset="utf-8"
MIME-Version: 1.0
Content-Transfer-Encoding: base64

CiAgICAgICAgICAgIOm7hOmHkeS7t+agvOebkeaOp+aPkOmGkgogICAgICAgICAgICDop6blj5Hl
jp/lm6A6IOS7t+agvOS4i+i3jOi2hei/h+aVtOaVsOWPmOWMlgogICAgICAgICAgICDlvZPliY3m
l7bpl7Q6IDIwMjYtMDMtMjAgMTA6MjU6MzgKICAgICAgICAgICAg5pWw5o2u5pe26Ze0OiAyMDI2
LTAzLTIwIDEwOjI1OjM4CiAgICAgICAgICAgIOW9k+WJjeS7t+agvDogNDk0Ni44NzY5OTk2OTUz
MzQKICAgICAgICAgICAg5bey6Kem5Y+R55uu5qCHOiBbNDk1MF0KCiAgICAgICAgICAgIOS4iuas
oeaJk+WNsOaXtumXtDogMjAyNi0wMy0yMCAxMDoyNTozOAogICAgICAgICAgICDkuIrmrKHmiZPl
jbDku7fmoLw6IDQ5NDYuODc2OTk5Njk1MzM0ICDlvZPliY3ku7fmoLw6IDQ5NDYuODc2OTk5Njk1
MzM0CiAgICAgICAgICAgIA==

--===============8857706105126769078==--

2026-03-20 10:25:38,690 - INFO - 正在连接到 smtp.qq.com:465
2026-03-20 10:25:38,691 - INFO - 使用用户名: 2741023538@qq.com
2026-03-20 10:25:38,761 - ERROR - 监控异常: 'ascii' codec can't encode characters in position 19-21: ordinal not in range(128)
2026-03-20 10:25:53,777 - INFO - 
============================================================
2026-03-20 10:25:53,778 - INFO - 触发原因: 打印调试
2026-03-20 10:25:53,778 - INFO - 当前时间: 2026-03-20 10:25:53
2026-03-20 10:25:53,778 - INFO - 数据时间: 2026-03-20 10:25:53
2026-03-20 10:25:53,778 - INFO - 当前价格: 4947.869800625019
2026-03-20 10:25:53,779 - INFO - 上次打印时间: 2026-03-20 10:25:38
2026-03-20 10:25:53,779 - INFO - 上次打印价格: 4946.876999695334
2026-03-20 10:25:53,779 - INFO - 当前价格: 4947.869800625019
2026-03-20 10:25:53,779 - INFO - ============================================================

2026-03-20 10:26:03,794 - INFO - 
============================================================
2026-03-20 10:26:03,794 - INFO - 触发原因: 打印调试
2026-03-20 10:26:03,794 - INFO - 当前时间: 2026-03-20 10:26:03
2026-03-20 10:26:03,795 - INFO - 数据时间: 2026-03-20 10:26:03
2026-03-20 10:26:03,795 - INFO - 当前价格: 4942.2177499892105
2026-03-20 10:26:03,795 - INFO - 上次打印时间: 2026-03-20 10:25:38
2026-03-20 10:26:03,795 - INFO - 上次打印价格: 4946.876999695334
2026-03-20 10:26:03,795 - INFO - 当前价格: 4942.2177499892105
2026-03-20 10:26:03,796 - INFO - ============================================================

2026-03-20 10:26:13,800 - INFO - 
============================================================
2026-03-20 10:26:13,800 - INFO - 触发原因: 打印调试
2026-03-20 10:26:13,800 - INFO - 当前时间: 2026-03-20 10:26:13
2026-03-20 10:26:13,801 - INFO - 数据时间: 2026-03-20 10:26:13
2026-03-20 10:26:13,801 - INFO - 当前价格: 4946.328281171137
2026-03-20 10:26:13,801 - INFO - 上次打印时间: 2026-03-20 10:25:38
2026-03-20 10:26:13,801 - INFO - 上次打印价格: 4946.876999695334
2026-03-20 10:26:13,801 - INFO - 当前价格: 4946.328281171137
2026-03-20 10:26:13,801 - INFO - ============================================================

2026-03-20 10:26:23,809 - INFO - 
============================================================
2026-03-20 10:26:23,809 - INFO - 触发原因: 打印调试
2026-03-20 10:26:23,809 - INFO - 当前时间: 2026-03-20 10:26:23
2026-03-20 10:26:23,809 - INFO - 数据时间: 2026-03-20 10:26:23
2026-03-20 10:26:23,810 - INFO - 当前价格: 4940.961924672093
2026-03-20 10:26:23,810 - INFO - 上次打印时间: 2026-03-20 10:25:38
2026-03-20 10:26:23,810 - INFO - 上次打印价格: 4946.876999695334
2026-03-20 10:26:23,810 - INFO - 当前价格: 4940.961924672093
2026-03-20 10:26:23,810 - INFO - ============================================================

2026-03-20 10:26:33,814 - INFO - 
============================================================
2026-03-20 10:26:33,814 - INFO - 触发原因: 打印调试
2026-03-20 10:26:33,815 - INFO - 当前时间: 2026-03-20 10:26:33
2026-03-20 10:26:33,815 - INFO - 数据时间: 2026-03-20 10:26:33
2026-03-20 10:26:33,815 - INFO - 当前价格: 4956.2065276761905
2026-03-20 10:26:33,815 - INFO - 上次打印时间: 2026-03-20 10:25:38
2026-03-20 10:26:33,815 - INFO - 上次打印价格: 4946.876999695334
2026-03-20 10:26:33,816 - INFO - 当前价格: 4956.2065276761905
2026-03-20 10:26:33,816 - INFO - ============================================================

2026-03-20 10:26:33,816 - INFO - 
============================================================
2026-03-20 10:26:33,816 - INFO - 触发原因: 价格上涨超过整数变化
2026-03-20 10:26:33,817 - INFO - 当前时间: 2026-03-20 10:26:33
2026-03-20 10:26:33,817 - INFO - 数据时间: 2026-03-20 10:26:33
2026-03-20 10:26:33,817 - INFO - 当前价格: 4956.2065276761905
2026-03-20 10:26:33,817 - INFO - 上次打印时间: 2026-03-20 10:25:38
2026-03-20 10:26:33,817 - INFO - 上次打印价格: 4946.876999695334
2026-03-20 10:26:33,817 - INFO - 当前价格: 4956.2065276761905
2026-03-20 10:26:33,819 - INFO - Content-Type: multipart/mixed; boundary="===============0299427150173011667=="
MIME-Version: 1.0
Subject: =?utf-8?b?6buE6YeR5Lu35qC85o+Q6YaSIC0g5Lu35qC85LiK5rao6LaF6L+H5pW05pWw5Y+Y5YyWLOW9k+WJjeS7t+agvDQ5NTYuMjA2NTI3Njc2MTkwNQ==?=
From: 2741023538@qq.com
To: 2741023538@qq.com

--===============0299427150173011667==
Content-Type: text/plain; charset="utf-8"
MIME-Version: 1.0
Content-Transfer-Encoding: base64

CiAgICAgICAgICAgIOm7hOmHkeS7t+agvOebkeaOp+aPkOmGkgogICAgICAgICAgICDop6blj5Hl
jp/lm6A6IOS7t+agvOS4iua2qOi2hei/h+aVtOaVsOWPmOWMlgogICAgICAgICAgICDlvZPliY3m
l7bpl7Q6IDIwMjYtMDMtMjAgMTA6MjY6MzMKICAgICAgICAgICAg5pWw5o2u5pe26Ze0OiAyMDI2
LTAzLTIwIDEwOjI2OjMzCiAgICAgICAgICAgIOW9k+WJjeS7t+agvDogNDk1Ni4yMDY1Mjc2NzYx
OTA1CiAgICAgICAgICAgIOW3suinpuWPkeebruaghzogWzQ5NTBdCgogICAgICAgICAgICDkuIrm
rKHmiZPljbDml7bpl7Q6IDIwMjYtMDMtMjAgMTA6MjY6MzMKICAgICAgICAgICAg5LiK5qyh5omT
5Y2w5Lu35qC8OiA0OTU2LjIwNjUyNzY3NjE5MDUgIOW9k+WJjeS7t+agvDogNDk1Ni4yMDY1Mjc2
NzYxOTA1CiAgICAgICAgICAgIA==

--===============0299427150173011667==--

2026-03-20 10:26:34,056 - INFO - 正在连接到 smtp.qq.com:465
2026-03-20 10:26:34,056 - INFO - 使用用户名: 2741023538@qq.com
2026-03-20 10:26:34,119 - ERROR - 监控异常: 'ascii' codec can't encode characters in position 19-21: ordinal not in range(128)
2026-03-20 10:26:49,133 - INFO - 
============================================================
2026-03-20 10:26:49,133 - INFO - 触发原因: 打印调试
2026-03-20 10:26:49,133 - INFO - 当前时间: 2026-03-20 10:26:49
2026-03-20 10:26:49,133 - INFO - 数据时间: 2026-03-20 10:26:49
2026-03-20 10:26:49,134 - INFO - 当前价格: 4950.310611844419
2026-03-20 10:26:49,134 - INFO - 上次打印时间: 2026-03-20 10:26:33
2026-03-20 10:26:49,134 - INFO - 上次打印价格: 4956.2065276761905
2026-03-20 10:26:49,134 - INFO - 当前价格: 4950.310611844419
2026-03-20 10:26:49,134 - INFO - ============================================================

2026-03-20 10:26:59,145 - INFO - 
============================================================
2026-03-20 10:26:59,146 - INFO - 触发原因: 打印调试
2026-03-20 10:26:59,146 - INFO - 当前时间: 2026-03-20 10:26:59
2026-03-20 10:26:59,146 - INFO - 数据时间: 2026-03-20 10:26:59
2026-03-20 10:26:59,146 - INFO - 当前价格: 4952.632444206161
2026-03-20 10:26:59,147 - INFO - 上次打印时间: 2026-03-20 10:26:33
2026-03-20 10:26:59,147 - INFO - 上次打印价格: 4956.2065276761905
2026-03-20 10:26:59,147 - INFO - 当前价格: 4952.632444206161
2026-03-20 10:26:59,147 - INFO - ============================================================

2026-03-20 10:27:09,155 - INFO - 
============================================================
2026-03-20 10:27:09,156 - INFO - 触发原因: 打印调试
2026-03-20 10:27:09,156 - INFO - 当前时间: 2026-03-20 10:27:09
2026-03-20 10:27:09,156 - INFO - 数据时间: 2026-03-20 10:27:09
2026-03-20 10:27:09,156 - INFO - 当前价格: 4953.292502867931
2026-03-20 10:27:09,156 - INFO - 上次打印时间: 2026-03-20 10:26:33
2026-03-20 10:27:09,156 - INFO - 上次打印价格: 4956.2065276761905
2026-03-20 10:27:09,156 - INFO - 当前价格: 4953.292502867931
2026-03-20 10:27:09,156 - INFO - ============================================================

2026-03-20 10:27:19,162 - INFO - 
============================================================
2026-03-20 10:27:19,162 - INFO - 触发原因: 打印调试
2026-03-20 10:27:19,162 - INFO - 当前时间: 2026-03-20 10:27:19
2026-03-20 10:27:19,162 - INFO - 数据时间: 2026-03-20 10:27:19
2026-03-20 10:27:19,163 - INFO - 当前价格: 4951.9143442170225
2026-03-20 10:27:19,163 - INFO - 上次打印时间: 2026-03-20 10:26:33
2026-03-20 10:27:19,163 - INFO - 上次打印价格: 4956.2065276761905
2026-03-20 10:27:19,163 - INFO - 当前价格: 4951.9143442170225
2026-03-20 10:27:19,163 - INFO - ============================================================

2026-03-20 10:27:29,167 - INFO - 
============================================================
2026-03-20 10:27:29,168 - INFO - 触发原因: 打印调试
2026-03-20 10:27:29,168 - INFO - 当前时间: 2026-03-20 10:27:29
2026-03-20 10:27:29,168 - INFO - 数据时间: 2026-03-20 10:27:29
2026-03-20 10:27:29,168 - INFO - 当前价格: 4940.485871024458
2026-03-20 10:27:29,168 - INFO - 上次打印时间: 2026-03-20 10:26:33
2026-03-20 10:27:29,169 - INFO - 上次打印价格: 4956.2065276761905
2026-03-20 10:27:29,169 - INFO - 当前价格: 4940.485871024458
2026-03-20 10:27:29,169 - INFO - ============================================================

2026-03-20 10:27:29,169 - INFO - 
============================================================
2026-03-20 10:27:29,169 - INFO - 触发原因: 价格下跌超过整数变化
2026-03-20 10:27:29,169 - INFO - 当前时间: 2026-03-20 10:27:29
2026-03-20 10:27:29,169 - INFO - 数据时间: 2026-03-20 10:27:29
2026-03-20 10:27:29,169 - INFO - 当前价格: 4940.485871024458
2026-03-20 10:27:29,169 - INFO - 上次打印时间: 2026-03-20 10:26:33
2026-03-20 10:27:29,169 - INFO - 上次打印价格: 4956.2065276761905
2026-03-20 10:27:29,169 - INFO - 当前价格: 4940.485871024458
2026-03-20 10:27:29,170 - INFO - Content-Type: multipart/mixed; boundary="===============1165817625293859284=="
MIME-Version: 1.0
Subject: =?utf-8?b?6buE6YeR5Lu35qC85o+Q6YaSIC0g5Lu35qC85LiL6LeM6LaF6L+H5pW05pWw5Y+Y5YyWLOW9k+WJjeS7t+agvDQ5NDAuNDg1ODcxMDI0NDU4?=
From: 2741023538@qq.com
To: 2741023538@qq.com

--===============1165817625293859284==
Content-Type: text/plain; charset="utf-8"
MIME-Version: 1.0
Content-Transfer-Encoding: base64

CiAgICAgICAgICAgIOm7hOmHkeS7t+agvOebkeaOp+aPkOmGkgogICAgICAgICAgICDop6blj5Hl
jp/lm6A6IOS7t+agvOS4i+i3jOi2hei/h+aVtOaVsOWPmOWMlgogICAgICAgICAgICDlvZPliY3m
l7bpl7Q6IDIwMjYtMDMtMjAgMTA6Mjc6MjkKICAgICAgICAgICAg5pWw5o2u5pe26Ze0OiAyMDI2
LTAzLTIwIDEwOjI3OjI5CiAgICAgICAgICAgIOW9k+WJjeS7t+agvDogNDk0MC40ODU4NzEwMjQ0
NTgKICAgICAgICAgICAg5bey6Kem5Y+R55uu5qCHOiBbNDk1MF0KCiAgICAgICAgICAgIOS4iuas
oeaJk+WNsOaXtumXtDogMjAyNi0wMy0yMCAxMDoyNzoyOQogICAgICAgICAgICDkuIrmrKHmiZPl
jbDku7fmoLw6IDQ5NDAuNDg1ODcxMDI0NDU4ICDlvZPliY3ku7fmoLw6IDQ5NDAuNDg1ODcxMDI0
NDU4CiAgICAgICAgICAgIA==

--===============1165817625293859284==--

2026-03-20 10:27:29,424 - INFO - 正在连接到 smtp.qq.com:465
2026-03-20 10:27:29,424 - INFO - 使用用户名: 2741023538@qq.com
2026-03-20 10:27:29,479 - ERROR - 监控异常: 'ascii' codec can't encode characters in position 19-21: ordinal not in range(128)
2026-03-20 10:27:44,504 - INFO - 
============================================================
2026-03-20 10:27:44,504 - INFO - 触发原因: 打印调试
2026-03-20 10:27:44,504 - INFO - 当前时间: 2026-03-20 10:27:44
2026-03-20 10:27:44,504 - INFO - 数据时间: 2026-03-20 10:27:44
2026-03-20 10:27:44,504 - INFO - 当前价格: 4952.629074231727
2026-03-20 10:27:44,504 - INFO - 上次打印时间: 2026-03-20 10:27:29
2026-03-20 10:27:44,505 - INFO - 上次打印价格: 4940.485871024458
2026-03-20 10:27:44,505 - INFO - 当前价格: 4952.629074231727
2026-03-20 10:27:44,505 - INFO - ============================================================

2026-03-20 10:27:44,505 - INFO - 
============================================================
2026-03-20 10:27:44,505 - INFO - 触发原因: 价格上涨超过整数变化
2026-03-20 10:27:44,505 - INFO - 当前时间: 2026-03-20 10:27:44
2026-03-20 10:27:44,506 - INFO - 数据时间: 2026-03-20 10:27:44
2026-03-20 10:27:44,506 - INFO - 当前价格: 4952.629074231727
2026-03-20 10:27:44,506 - INFO - 上次打印时间: 2026-03-20 10:27:29
2026-03-20 10:27:44,506 - INFO - 上次打印价格: 4940.485871024458
2026-03-20 10:27:44,506 - INFO - 当前价格: 4952.629074231727
2026-03-20 10:27:44,507 - INFO - Content-Type: multipart/mixed; boundary="===============1467641611778821251=="
MIME-Version: 1.0
Subject: =?utf-8?b?6buE6YeR5Lu35qC85o+Q6YaSIC0g5Lu35qC85LiK5rao6LaF6L+H5pW05pWw5Y+Y5YyWLOW9k+WJjeS7t+agvDQ5NTIuNjI5MDc0MjMxNzI3?=
From: 2741023538@qq.com
To: 2741023538@qq.com

--===============1467641611778821251==
Content-Type: text/plain; charset="utf-8"
MIME-Version: 1.0
Content-Transfer-Encoding: base64

CiAgICAgICAgICAgIOm7hOmHkeS7t+agvOebkeaOp+aPkOmGkgogICAgICAgICAgICDop6blj5Hl
jp/lm6A6IOS7t+agvOS4iua2qOi2hei/h+aVtOaVsOWPmOWMlgogICAgICAgICAgICDlvZPliY3m
l7bpl7Q6IDIwMjYtMDMtMjAgMTA6Mjc6NDQKICAgICAgICAgICAg5pWw5o2u5pe26Ze0OiAyMDI2
LTAzLTIwIDEwOjI3OjQ0CiAgICAgICAgICAgIOW9k+WJjeS7t+agvDogNDk1Mi42MjkwNzQyMzE3
MjcKICAgICAgICAgICAg5bey6Kem5Y+R55uu5qCHOiBbNDk1MF0KCiAgICAgICAgICAgIOS4iuas
oeaJk+WNsOaXtumXtDogMjAyNi0wMy0yMCAxMDoyNzo0NAogICAgICAgICAgICDkuIrmrKHmiZPl
jbDku7fmoLw6IDQ5NTIuNjI5MDc0MjMxNzI3ICDlvZPliY3ku7fmoLw6IDQ5NTIuNjI5MDc0MjMx
NzI3CiAgICAgICAgICAgIA==

--===============1467641611778821251==--

2026-03-20 10:27:44,760 - INFO - 正在连接到 smtp.qq.com:465
2026-03-20 10:27:44,760 - INFO - 使用用户名: 2741023538@qq.com
2026-03-20 10:27:44,819 - ERROR - 监控异常: 'ascii' codec can't encode characters in position 19-21: ordinal not in range(128)
2026-03-20 10:27:59,840 - INFO - 
============================================================
2026-03-20 10:27:59,840 - INFO - 触发原因: 打印调试
2026-03-20 10:27:59,841 - INFO - 当前时间: 2026-03-20 10:27:59
2026-03-20 10:27:59,841 - INFO - 数据时间: 2026-03-20 10:27:59
2026-03-20 10:27:59,841 - INFO - 当前价格: 4957.248059753057
2026-03-20 10:27:59,841 - INFO - 上次打印时间: 2026-03-20 10:27:44
2026-03-20 10:27:59,842 - INFO - 上次打印价格: 4952.629074231727
2026-03-20 10:27:59,842 - INFO - 当前价格: 4957.248059753057
2026-03-20 10:27:59,842 - INFO - ============================================================

2026-03-20 10:28:09,850 - INFO - 
============================================================
2026-03-20 10:28:09,850 - INFO - 触发原因: 打印调试
2026-03-20 10:28:09,850 - INFO - 当前时间: 2026-03-20 10:28:09
2026-03-20 10:28:09,851 - INFO - 数据时间: 2026-03-20 10:28:09
2026-03-20 10:28:09,851 - INFO - 当前价格: 4954.060988466353
2026-03-20 10:28:09,851 - INFO - 上次打印时间: 2026-03-20 10:27:44
2026-03-20 10:28:09,851 - INFO - 上次打印价格: 4952.629074231727
2026-03-20 10:28:09,851 - INFO - 当前价格: 4954.060988466353
2026-03-20 10:28:09,851 - INFO - ============================================================

2026-03-20 10:28:19,865 - INFO - 
============================================================
2026-03-20 10:28:19,865 - INFO - 触发原因: 打印调试
2026-03-20 10:28:19,866 - INFO - 当前时间: 2026-03-20 10:28:19
2026-03-20 10:28:19,866 - INFO - 数据时间: 2026-03-20 10:28:19
2026-03-20 10:28:19,866 - INFO - 当前价格: 4957.882359189905
2026-03-20 10:28:19,866 - INFO - 上次打印时间: 2026-03-20 10:27:44
2026-03-20 10:28:19,867 - INFO - 上次打印价格: 4952.629074231727
2026-03-20 10:28:19,867 - INFO - 当前价格: 4957.882359189905
2026-03-20 10:28:19,867 - INFO - ============================================================

2026-03-20 10:28:19,867 - INFO - 
============================================================
2026-03-20 10:28:19,868 - INFO - 触发原因: 10分钟定时打印
2026-03-20 10:28:19,868 - INFO - 当前时间: 2026-03-20 10:28:19
2026-03-20 10:28:19,868 - INFO - 数据时间: 2026-03-20 10:28:19
2026-03-20 10:28:19,868 - INFO - 当前价格: 4957.882359189905
2026-03-20 10:28:19,869 - INFO - 上次打印时间: 2026-03-20 10:27:44
2026-03-20 10:28:19,869 - INFO - 上次打印价格: 4952.629074231727
2026-03-20 10:28:19,869 - INFO - 当前价格: 4957.882359189905
2026-03-20 10:28:19,870 - INFO - Content-Type: multipart/mixed; boundary="===============4259199638606344731=="
MIME-Version: 1.0
Subject: =?utf-8?b?6buE6YeR5Lu35qC85o+Q6YaSIC0gMTDliIbpkp/lrprml7bmiZPljbAs5b2T5YmN5Lu35qC8NDk1Ny44ODIzNTkxODk5MDU=?=
From: 2741023538@qq.com
To: 2741023538@qq.com

--===============4259199638606344731==
Content-Type: text/plain; charset="utf-8"
MIME-Version: 1.0
Content-Transfer-Encoding: base64

CiAgICAgICAgICAgIOm7hOmHkeS7t+agvOebkeaOp+aPkOmGkgogICAgICAgICAgICDop6blj5Hl
jp/lm6A6IDEw5YiG6ZKf5a6a5pe25omT5Y2wCiAgICAgICAgICAgIOW9k+WJjeaXtumXtDogMjAy
Ni0wMy0yMCAxMDoyODoxOQogICAgICAgICAgICDmlbDmja7ml7bpl7Q6IDIwMjYtMDMtMjAgMTA6
Mjg6MTkKICAgICAgICAgICAg5b2T5YmN5Lu35qC8OiA0OTU3Ljg4MjM1OTE4OTkwNQogICAgICAg
ICAgICDlt7Lop6blj5Hnm67moIc6IFs0OTUwXQoKICAgICAgICAgICAg5LiK5qyh5omT5Y2w5pe2
6Ze0OiAyMDI2LTAzLTIwIDEwOjI4OjE5CiAgICAgICAgICAgIOS4iuasoeaJk+WNsOS7t+agvDog
NDk1Ny44ODIzNTkxODk5MDUgIOW9k+WJjeS7t+agvDogNDk1Ny44ODIzNTkxODk5MDUKICAgICAg
ICAgICAg

--===============4259199638606344731==--

2026-03-20 10:28:20,153 - INFO - 正在连接到 smtp.qq.com:465
2026-03-20 10:28:20,153 - INFO - 使用用户名: 2741023538@qq.com
2026-03-20 10:28:20,208 - ERROR - 监控异常: 'ascii' codec can't encode characters in position 19-21: ordinal not in range(128)
2026-03-20 10:28:35,225 - INFO - 
============================================================
2026-03-20 10:28:35,225 - INFO - 触发原因: 打印调试
2026-03-20 10:28:35,225 - INFO - 当前时间: 2026-03-20 10:28:35
2026-03-20 10:28:35,226 - INFO - 数据时间: 2026-03-20 10:28:35
2026-03-20 10:28:35,226 - INFO - 当前价格: 4956.670939818059
2026-03-20 10:28:35,226 - INFO - 上次打印时间: 2026-03-20 10:28:19
2026-03-20 10:28:35,226 - INFO - 上次打印价格: 4957.882359189905
2026-03-20 10:28:35,226 - INFO - 当前价格: 4956.670939818059
2026-03-20 10:28:35,227 - INFO - ============================================================

2026-03-20 10:28:45,229 - INFO - 
============================================================
2026-03-20 10:28:45,230 - INFO - 触发原因: 打印调试
2026-03-20 10:28:45,230 - INFO - 当前时间: 2026-03-20 10:28:45
2026-03-20 10:28:45,230 - INFO - 数据时间: 2026-03-20 10:28:45
2026-03-20 10:28:45,230 - INFO - 当前价格: 4948.180369654333
2026-03-20 10:28:45,230 - INFO - 上次打印时间: 2026-03-20 10:28:19
2026-03-20 10:28:45,230 - INFO - 上次打印价格: 4957.882359189905
2026-03-20 10:28:45,230 - INFO - 当前价格: 4948.180369654333
2026-03-20 10:28:45,230 - INFO - ============================================================

2026-03-20 10:28:55,235 - INFO - 
============================================================
2026-03-20 10:28:55,235 - INFO - 触发原因: 打印调试
2026-03-20 10:28:55,235 - INFO - 当前时间: 2026-03-20 10:28:55
2026-03-20 10:28:55,235 - INFO - 数据时间: 2026-03-20 10:28:55
2026-03-20 10:28:55,235 - INFO - 当前价格: 4951.770156705914
2026-03-20 10:28:55,235 - INFO - 上次打印时间: 2026-03-20 10:28:19
2026-03-20 10:28:55,236 - INFO - 上次打印价格: 4957.882359189905
2026-03-20 10:28:55,236 - INFO - 当前价格: 4951.770156705914
2026-03-20 10:28:55,236 - INFO - ============================================================

2026-03-20 10:29:05,247 - INFO - 
============================================================
2026-03-20 10:29:05,247 - INFO - 触发原因: 打印调试
2026-03-20 10:29:05,247 - INFO - 当前时间: 2026-03-20 10:29:05
2026-03-20 10:29:05,247 - INFO - 数据时间: 2026-03-20 10:29:05
2026-03-20 10:29:05,248 - INFO - 当前价格: 4958.247882360063
2026-03-20 10:29:05,248 - INFO - 上次打印时间: 2026-03-20 10:28:19
2026-03-20 10:29:05,248 - INFO - 上次打印价格: 4957.882359189905
2026-03-20 10:29:05,248 - INFO - 当前价格: 4958.247882360063
2026-03-20 10:29:05,248 - INFO - ============================================================

2026-03-20 10:29:15,261 - INFO - 
============================================================
2026-03-20 10:29:15,262 - INFO - 触发原因: 打印调试
2026-03-20 10:29:15,262 - INFO - 当前时间: 2026-03-20 10:29:15
2026-03-20 10:29:15,262 - INFO - 数据时间: 2026-03-20 10:29:15
2026-03-20 10:29:15,262 - INFO - 当前价格: 4946.552417420426
2026-03-20 10:29:15,262 - INFO - 上次打印时间: 2026-03-20 10:28:19
2026-03-20 10:29:15,262 - INFO - 上次打印价格: 4957.882359189905
2026-03-20 10:29:15,262 - INFO - 当前价格: 4946.552417420426
2026-03-20 10:29:15,263 - INFO - ============================================================

2026-03-20 10:29:25,268 - INFO - 
============================================================
2026-03-20 10:29:25,268 - INFO - 触发原因: 打印调试
2026-03-20 10:29:25,268 - INFO - 当前时间: 2026-03-20 10:29:25
2026-03-20 10:29:25,269 - INFO - 数据时间: 2026-03-20 10:29:25
2026-03-20 10:29:25,269 - INFO - 当前价格: 4944.567782279991
2026-03-20 10:29:25,269 - INFO - 上次打印时间: 2026-03-20 10:28:19
2026-03-20 10:29:25,269 - INFO - 上次打印价格: 4957.882359189905
2026-03-20 10:29:25,269 - INFO - 当前价格: 4944.567782279991
2026-03-20 10:29:25,270 - INFO - ============================================================

2026-03-20 10:29:35,284 - INFO - 
============================================================
2026-03-20 10:29:35,284 - INFO - 触发原因: 打印调试
2026-03-20 10:29:35,284 - INFO - 当前时间: 2026-03-20 10:29:35
2026-03-20 10:29:35,285 - INFO - 数据时间: 2026-03-20 10:29:35
2026-03-20 10:29:35,285 - INFO - 当前价格: 4952.858249147129
2026-03-20 10:29:35,285 - INFO - 上次打印时间: 2026-03-20 10:28:19
2026-03-20 10:29:35,285 - INFO - 上次打印价格: 4957.882359189905
2026-03-20 10:29:35,285 - INFO - 当前价格: 4952.858249147129
2026-03-20 10:29:35,286 - INFO - ============================================================

2026-03-20 10:29:45,298 - INFO - 
============================================================
2026-03-20 10:29:45,298 - INFO - 触发原因: 打印调试
2026-03-20 10:29:45,298 - INFO - 当前时间: 2026-03-20 10:29:45
2026-03-20 10:29:45,298 - INFO - 数据时间: 2026-03-20 10:29:45
2026-03-20 10:29:45,298 - INFO - 当前价格: 4950.796694326155
2026-03-20 10:29:45,299 - INFO - 上次打印时间: 2026-03-20 10:28:19
2026-03-20 10:29:45,299 - INFO - 上次打印价格: 4957.882359189905
2026-03-20 10:29:45,299 - INFO - 当前价格: 4950.796694326155
2026-03-20 10:29:45,299 - INFO - ============================================================

2026-03-20 10:29:55,308 - INFO - 
============================================================
2026-03-20 10:29:55,308 - INFO - 触发原因: 打印调试
2026-03-20 10:29:55,309 - INFO - 当前时间: 2026-03-20 10:29:55
2026-03-20 10:29:55,309 - INFO - 数据时间: 2026-03-20 10:29:55
2026-03-20 10:29:55,309 - INFO - 当前价格: 4953.581277437885
2026-03-20 10:29:55,309 - INFO - 上次打印时间: 2026-03-20 10:28:19
2026-03-20 10:29:55,309 - INFO - 上次打印价格: 4957.882359189905
2026-03-20 10:29:55,309 - INFO - 当前价格: 4953.581277437885
2026-03-20 10:29:55,310 - INFO - ============================================================

2026-03-20 10:30:05,323 - INFO - 
============================================================
2026-03-20 10:30:05,323 - INFO - 触发原因: 打印调试
2026-03-20 10:30:05,323 - INFO - 当前时间: 2026-03-20 10:30:05
2026-03-20 10:30:05,323 - INFO - 数据时间: 2026-03-20 10:30:05
2026-03-20 10:30:05,324 - INFO - 当前价格: 4947.446507403065
2026-03-20 10:30:05,324 - INFO - 上次打印时间: 2026-03-20 10:28:19
2026-03-20 10:30:05,324 - INFO - 上次打印价格: 4957.882359189905
2026-03-20 10:30:05,324 - INFO - 当前价格: 4947.446507403065
2026-03-20 10:30:05,324 - INFO - ============================================================

2026-03-20 10:30:15,331 - INFO - 
============================================================
2026-03-20 10:30:15,331 - INFO - 触发原因: 打印调试
2026-03-20 10:30:15,332 - INFO - 当前时间: 2026-03-20 10:30:15
2026-03-20 10:30:15,332 - INFO - 数据时间: 2026-03-20 10:30:15
2026-03-20 10:30:15,332 - INFO - 当前价格: 4957.020114002364
2026-03-20 10:30:15,332 - INFO - 上次打印时间: 2026-03-20 10:28:19
2026-03-20 10:30:15,332 - INFO - 上次打印价格: 4957.882359189905
2026-03-20 10:30:15,333 - INFO - 当前价格: 4957.020114002364
2026-03-20 10:30:15,333 - INFO - ============================================================

2026-03-20 10:30:25,344 - INFO - 
============================================================
2026-03-20 10:30:25,345 - INFO - 触发原因: 打印调试
2026-03-20 10:30:25,345 - INFO - 当前时间: 2026-03-20 10:30:25
2026-03-20 10:30:25,345 - INFO - 数据时间: 2026-03-20 10:30:25
2026-03-20 10:30:25,346 - INFO - 当前价格: 4955.924553467628
2026-03-20 10:30:25,346 - INFO - 上次打印时间: 2026-03-20 10:28:19
2026-03-20 10:30:25,346 - INFO - 上次打印价格: 4957.882359189905
2026-03-20 10:30:25,346 - INFO - 当前价格: 4955.924553467628
2026-03-20 10:30:25,346 - INFO - ============================================================

2026-03-20 10:30:35,347 - INFO - 
============================================================
2026-03-20 10:30:35,347 - INFO - 触发原因: 打印调试
2026-03-20 10:30:35,347 - INFO - 当前时间: 2026-03-20 10:30:35
2026-03-20 10:30:35,347 - INFO - 数据时间: 2026-03-20 10:30:35
2026-03-20 10:30:35,347 - INFO - 当前价格: 4946.478813556046
2026-03-20 10:30:35,348 - INFO - 上次打印时间: 2026-03-20 10:28:19
2026-03-20 10:30:35,348 - INFO - 上次打印价格: 4957.882359189905
2026-03-20 10:30:35,348 - INFO - 当前价格: 4946.478813556046
2026-03-20 10:30:35,348 - INFO - ============================================================

2026-03-20 10:30:45,361 - INFO - 
============================================================
2026-03-20 10:30:45,362 - INFO - 触发原因: 打印调试
2026-03-20 10:30:45,362 - INFO - 当前时间: 2026-03-20 10:30:45
2026-03-20 10:30:45,362 - INFO - 数据时间: 2026-03-20 10:30:45
2026-03-20 10:30:45,362 - INFO - 当前价格: 4948.512515531665
2026-03-20 10:30:45,362 - INFO - 上次打印时间: 2026-03-20 10:28:19
2026-03-20 10:30:45,362 - INFO - 上次打印价格: 4957.882359189905
2026-03-20 10:30:45,362 - INFO - 当前价格: 4948.512515531665
2026-03-20 10:30:45,362 - INFO - ============================================================

2026-03-20 10:30:55,369 - INFO - 
============================================================
2026-03-20 10:30:55,369 - INFO - 触发原因: 打印调试
2026-03-20 10:30:55,369 - INFO - 当前时间: 2026-03-20 10:30:55
2026-03-20 10:30:55,369 - INFO - 数据时间: 2026-03-20 10:30:55
2026-03-20 10:30:55,369 - INFO - 当前价格: 4942.85621403709
2026-03-20 10:30:55,370 - INFO - 上次打印时间: 2026-03-20 10:28:19
2026-03-20 10:30:55,370 - INFO - 上次打印价格: 4957.882359189905
2026-03-20 10:30:55,370 - INFO - 当前价格: 4942.85621403709
2026-03-20 10:30:55,370 - INFO - ============================================================

2026-03-20 10:30:55,370 - INFO - 
============================================================
2026-03-20 10:30:55,370 - INFO - 触发原因: 价格下跌超过整数变化
2026-03-20 10:30:55,370 - INFO - 当前时间: 2026-03-20 10:30:55
2026-03-20 10:30:55,370 - INFO - 数据时间: 2026-03-20 10:30:55
2026-03-20 10:30:55,370 - INFO - 当前价格: 4942.85621403709
2026-03-20 10:30:55,370 - INFO - 上次打印时间: 2026-03-20 10:28:19
2026-03-20 10:30:55,371 - INFO - 上次打印价格: 4957.882359189905
2026-03-20 10:30:55,371 - INFO - 当前价格: 4942.85621403709
2026-03-20 10:30:55,371 - INFO - Content-Type: multipart/mixed; boundary="===============5696753547739519457=="
MIME-Version: 1.0
Subject: =?utf-8?b?6buE6YeR5Lu35qC85o+Q6YaSIC0g5Lu35qC85LiL6LeM6LaF6L+H5pW05pWw5Y+Y5YyWLOW9k+WJjeS7t+agvDQ5NDIuODU2MjE0MDM3MDk=?=
From: 2741023538@qq.com
To: 2741023538@qq.com

--===============5696753547739519457==
Content-Type: text/plain; charset="utf-8"
MIME-Version: 1.0
Content-Transfer-Encoding: base64

CiAgICAgICAgICAgIOm7hOmHkeS7t+agvOebkeaOp+aPkOmGkgogICAgICAgICAgICDop6blj5Hl
jp/lm6A6IOS7t+agvOS4i+i3jOi2hei/h+aVtOaVsOWPmOWMlgogICAgICAgICAgICDlvZPliY3m
l7bpl7Q6IDIwMjYtMDMtMjAgMTA6MzA6NTUKICAgICAgICAgICAg5pWw5o2u5pe26Ze0OiAyMDI2
LTAzLTIwIDEwOjMwOjU1CiAgICAgICAgICAgIOW9k+WJjeS7t+agvDogNDk0Mi44NTYyMTQwMzcw
OQogICAgICAgICAgICDlt7Lop6blj5Hnm67moIc6IFs0OTUwXQoKICAgICAgICAgICAg5LiK5qyh
5omT5Y2w5pe26Ze0OiAyMDI2LTAzLTIwIDEwOjMwOjU1CiAgICAgICAgICAgIOS4iuasoeaJk+WN
sOS7t+agvDogNDk0Mi44NTYyMTQwMzcwOSAg5b2T5YmN5Lu35qC8OiA0OTQyLjg1NjIxNDAzNzA5
CiAgICAgICAgICAgIA==

--===============5696753547739519457==--

2026-03-20 10:30:55,617 - INFO - 正在连接到 smtp.qq.com:465
2026-03-20 10:30:55,618 - INFO - 使用用户名: 2741023538@qq.com
2026-03-20 10:30:55,670 - ERROR - 监控异常: 'ascii' codec can't encode characters in position 19-21: ordinal not in range(128)
2026-03-20 10:31:10,676 - INFO - 
============================================================
2026-03-20 10:31:10,677 - INFO - 触发原因: 打印调试
2026-03-20 10:31:10,677 - INFO - 当前时间: 2026-03-20 10:31:10
2026-03-20 10:31:10,677 - INFO - 数据时间: 2026-03-20 10:31:10
2026-03-20 10:31:10,678 - INFO - 当前价格: 4946.23231601789
2026-03-20 10:31:10,678 - INFO - 上次打印时间: 2026-03-20 10:30:55
2026-03-20 10:31:10,678 - INFO - 上次打印价格: 4942.85621403709
2026-03-20 10:31:10,678 - INFO - 当前价格: 4946.23231601789
2026-03-20 10:31:10,678 - INFO - ============================================================

2026-03-20 10:31:20,679 - INFO - 
============================================================
2026-03-20 10:31:20,679 - INFO - 触发原因: 打印调试
2026-03-20 10:31:20,679 - INFO - 当前时间: 2026-03-20 10:31:20
2026-03-20 10:31:20,679 - INFO - 数据时间: 2026-03-20 10:31:20
2026-03-20 10:31:20,680 - INFO - 当前价格: 4942.317607802184
2026-03-20 10:31:20,680 - INFO - 上次打印时间: 2026-03-20 10:30:55
2026-03-20 10:31:20,680 - INFO - 上次打印价格: 4942.85621403709
2026-03-20 10:31:20,680 - INFO - 当前价格: 4942.317607802184
2026-03-20 10:31:20,680 - INFO - ============================================================

2026-03-20 10:31:30,686 - INFO - 
============================================================
2026-03-20 10:31:30,686 - INFO - 触发原因: 打印调试
2026-03-20 10:31:30,686 - INFO - 当前时间: 2026-03-20 10:31:30
2026-03-20 10:31:30,687 - INFO - 数据时间: 2026-03-20 10:31:30
2026-03-20 10:31:30,687 - INFO - 当前价格: 4943.991409242443
2026-03-20 10:31:30,687 - INFO - 上次打印时间: 2026-03-20 10:30:55
2026-03-20 10:31:30,687 - INFO - 上次打印价格: 4942.85621403709
2026-03-20 10:31:30,687 - INFO - 当前价格: 4943.991409242443
2026-03-20 10:31:30,687 - INFO - ============================================================

2026-03-20 10:31:40,701 - INFO - 
============================================================
2026-03-20 10:31:40,701 - INFO - 触发原因: 打印调试
2026-03-20 10:31:40,701 - INFO - 当前时间: 2026-03-20 10:31:40
2026-03-20 10:31:40,701 - INFO - 数据时间: 2026-03-20 10:31:40
2026-03-20 10:31:40,702 - INFO - 当前价格: 4958.606660336517
2026-03-20 10:31:40,702 - INFO - 上次打印时间: 2026-03-20 10:30:55
2026-03-20 10:31:40,702 - INFO - 上次打印价格: 4942.85621403709
2026-03-20 10:31:40,702 - INFO - 当前价格: 4958.606660336517
2026-03-20 10:31:40,702 - INFO - ============================================================

2026-03-20 10:31:40,703 - INFO - 
============================================================
2026-03-20 10:31:40,703 - INFO - 触发原因: 价格上涨超过整数变化
2026-03-20 10:31:40,703 - INFO - 当前时间: 2026-03-20 10:31:40
2026-03-20 10:31:40,703 - INFO - 数据时间: 2026-03-20 10:31:40
2026-03-20 10:31:40,703 - INFO - 当前价格: 4958.606660336517
2026-03-20 10:31:40,703 - INFO - 上次打印时间: 2026-03-20 10:30:55
2026-03-20 10:31:40,704 - INFO - 上次打印价格: 4942.85621403709
2026-03-20 10:31:40,704 - INFO - 当前价格: 4958.606660336517
2026-03-20 10:31:40,705 - INFO - Content-Type: multipart/mixed; boundary="===============3331198590097885872=="
MIME-Version: 1.0
Subject: =?utf-8?b?6buE6YeR5Lu35qC85o+Q6YaSIC0g5Lu35qC85LiK5rao6LaF6L+H5pW05pWw5Y+Y5YyWLOW9k+WJjeS7t+agvDQ5NTguNjA2NjYwMzM2NTE3?=
From: 2741023538@qq.com
To: 2741023538@qq.com

--===============3331198590097885872==
Content-Type: text/plain; charset="utf-8"
MIME-Version: 1.0
Content-Transfer-Encoding: base64

CiAgICAgICAgICAgIOm7hOmHkeS7t+agvOebkeaOp+aPkOmGkgogICAgICAgICAgICDop6blj5Hl
jp/lm6A6IOS7t+agvOS4iua2qOi2hei/h+aVtOaVsOWPmOWMlgogICAgICAgICAgICDlvZPliY3m
l7bpl7Q6IDIwMjYtMDMtMjAgMTA6MzE6NDAKICAgICAgICAgICAg5pWw5o2u5pe26Ze0OiAyMDI2
LTAzLTIwIDEwOjMxOjQwCiAgICAgICAgICAgIOW9k+WJjeS7t+agvDogNDk1OC42MDY2NjAzMzY1
MTcKICAgICAgICAgICAg5bey6Kem5Y+R55uu5qCHOiBbNDk1MF0KCiAgICAgICAgICAgIOS4iuas
oeaJk+WNsOaXtumXtDogMjAyNi0wMy0yMCAxMDozMTo0MAogICAgICAgICAgICDkuIrmrKHmiZPl
jbDku7fmoLw6IDQ5NTguNjA2NjYwMzM2NTE3ICDlvZPliY3ku7fmoLw6IDQ5NTguNjA2NjYwMzM2
NTE3CiAgICAgICAgICAgIA==

--===============3331198590097885872==--

2026-03-20 10:31:40,939 - INFO - 正在连接到 smtp.qq.com:465
2026-03-20 10:31:40,940 - INFO - 使用用户名: 2741023538@qq.com
2026-03-20 10:31:40,997 - ERROR - 监控异常: 'ascii' codec can't encode characters in position 19-21: ordinal not in range(128)
2026-03-20 10:31:56,018 - INFO - 
============================================================
2026-03-20 10:31:56,018 - INFO - 触发原因: 打印调试
2026-03-20 10:31:56,018 - INFO - 当前时间: 2026-03-20 10:31:56
2026-03-20 10:31:56,018 - INFO - 数据时间: 2026-03-20 10:31:56
2026-03-20 10:31:56,018 - INFO - 当前价格: 4942.121286981498
2026-03-20 10:31:56,019 - INFO - 上次打印时间: 2026-03-20 10:31:40
2026-03-20 10:31:56,019 - INFO - 上次打印价格: 4958.606660336517
2026-03-20 10:31:56,019 - INFO - 当前价格: 4942.121286981498
2026-03-20 10:31:56,019 - INFO - ============================================================

2026-03-20 10:31:56,019 - INFO - 
============================================================
2026-03-20 10:31:56,019 - INFO - 触发原因: 价格下跌超过整数变化
2026-03-20 10:31:56,019 - INFO - 当前时间: 2026-03-20 10:31:56
2026-03-20 10:31:56,020 - INFO - 数据时间: 2026-03-20 10:31:56
2026-03-20 10:31:56,020 - INFO - 当前价格: 4942.121286981498
2026-03-20 10:31:56,020 - INFO - 上次打印时间: 2026-03-20 10:31:40
2026-03-20 10:31:56,020 - INFO - 上次打印价格: 4958.606660336517
2026-03-20 10:31:56,020 - INFO - 当前价格: 4942.121286981498
2026-03-20 10:31:56,021 - INFO - Content-Type: multipart/mixed; boundary="===============6836149404161610722=="
MIME-Version: 1.0
Subject: =?utf-8?b?6buE6YeR5Lu35qC85o+Q6YaSIC0g5Lu35qC85LiL6LeM6LaF6L+H5pW05pWw5Y+Y5YyWLOW9k+WJjeS7t+agvDQ5NDIuMTIxMjg2OTgxNDk4?=
From: 2741023538@qq.com
To: 2741023538@qq.com

--===============6836149404161610722==
Content-Type: text/plain; charset="utf-8"
MIME-Version: 1.0
Content-Transfer-Encoding: base64

CiAgICAgICAgICAgIOm7hOmHkeS7t+agvOebkeaOp+aPkOmGkgogICAgICAgICAgICDop6blj5Hl
jp/lm6A6IOS7t+agvOS4i+i3jOi2hei/h+aVtOaVsOWPmOWMlgogICAgICAgICAgICDlvZPliY3m
l7bpl7Q6IDIwMjYtMDMtMjAgMTA6MzE6NTYKICAgICAgICAgICAg5pWw5o2u5pe26Ze0OiAyMDI2
LTAzLTIwIDEwOjMxOjU2CiAgICAgICAgICAgIOW9k+WJjeS7t+agvDogNDk0Mi4xMjEyODY5ODE0
OTgKICAgICAgICAgICAg5bey6Kem5Y+R55uu5qCHOiBbNDk1MF0KCiAgICAgICAgICAgIOS4iuas
oeaJk+WNsOaXtumXtDogMjAyNi0wMy0yMCAxMDozMTo1NgogICAgICAgICAgICDkuIrmrKHmiZPl
jbDku7fmoLw6IDQ5NDIuMTIxMjg2OTgxNDk4ICDlvZPliY3ku7fmoLw6IDQ5NDIuMTIxMjg2OTgx
NDk4CiAgICAgICAgICAgIA==

--===============6836149404161610722==--

2026-03-20 10:31:56,297 - INFO - 正在连接到 smtp.qq.com:465
2026-03-20 10:31:56,297 - INFO - 使用用户名: 2741023538@qq.com
2026-03-20 10:31:56,360 - ERROR - 监控异常: 'ascii' codec can't encode characters in position 19-21: ordinal not in range(128)
2026-03-20 10:32:11,374 - INFO - 
============================================================
2026-03-20 10:32:11,374 - INFO - 触发原因: 打印调试
2026-03-20 10:32:11,374 - INFO - 当前时间: 2026-03-20 10:32:11
2026-03-20 10:32:11,375 - INFO - 数据时间: 2026-03-20 10:32:11
2026-03-20 10:32:11,375 - INFO - 当前价格: 4950.863168615303
2026-03-20 10:32:11,375 - INFO - 上次打印时间: 2026-03-20 10:31:56
2026-03-20 10:32:11,375 - INFO - 上次打印价格: 4942.121286981498
2026-03-20 10:32:11,375 - INFO - 当前价格: 4950.863168615303
2026-03-20 10:32:11,375 - INFO - ============================================================

2026-03-20 10:32:21,377 - INFO - 
============================================================
2026-03-20 10:32:21,377 - INFO - 触发原因: 打印调试
2026-03-20 10:32:21,377 - INFO - 当前时间: 2026-03-20 10:32:21
2026-03-20 10:32:21,377 - INFO - 数据时间: 2026-03-20 10:32:21
2026-03-20 10:32:21,377 - INFO - 当前价格: 4955.612829467893
2026-03-20 10:32:21,378 - INFO - 上次打印时间: 2026-03-20 10:31:56
2026-03-20 10:32:21,378 - INFO - 上次打印价格: 4942.121286981498
2026-03-20 10:32:21,378 - INFO - 当前价格: 4955.612829467893
2026-03-20 10:32:21,378 - INFO - ============================================================

2026-03-20 10:32:21,378 - INFO - 
============================================================
2026-03-20 10:32:21,378 - INFO - 触发原因: 价格上涨超过整数变化
2026-03-20 10:32:21,378 - INFO - 当前时间: 2026-03-20 10:32:21
2026-03-20 10:32:21,378 - INFO - 数据时间: 2026-03-20 10:32:21
2026-03-20 10:32:21,378 - INFO - 当前价格: 4955.612829467893
2026-03-20 10:32:21,378 - INFO - 上次打印时间: 2026-03-20 10:31:56
2026-03-20 10:32:21,378 - INFO - 上次打印价格: 4942.121286981498
2026-03-20 10:32:21,379 - INFO - 当前价格: 4955.612829467893
2026-03-20 10:32:21,379 - INFO - Content-Type: multipart/mixed; boundary="===============1626518120961474340=="
MIME-Version: 1.0
Subject: =?utf-8?b?6buE6YeR5Lu35qC85o+Q6YaSIC0g5Lu35qC85LiK5rao6LaF6L+H5pW05pWw5Y+Y5YyWLOW9k+WJjeS7t+agvDQ5NTUuNjEyODI5NDY3ODkz?=
From: 2741023538@qq.com
To: 2741023538@qq.com

--===============1626518120961474340==
Content-Type: text/plain; charset="utf-8"
MIME-Version: 1.0
Content-Transfer-Encoding: base64

CiAgICAgICAgICAgIOm7hOmHkeS7t+agvOebkeaOp+aPkOmGkgogICAgICAgICAgICDop6blj5Hl
jp/lm6A6IOS7t+agvOS4iua2qOi2hei/h+aVtOaVsOWPmOWMlgogICAgICAgICAgICDlvZPliY3m
l7bpl7Q6IDIwMjYtMDMtMjAgMTA6MzI6MjEKICAgICAgICAgICAg5pWw5o2u5pe26Ze0OiAyMDI2
LTAzLTIwIDEwOjMyOjIxCiAgICAgICAgICAgIOW9k+WJjeS7t+agvDogNDk1NS42MTI4Mjk0Njc4
OTMKICAgICAgICAgICAg5bey6Kem5Y+R55uu5qCHOiBbNDk1MF0KCiAgICAgICAgICAgIOS4iuas
oeaJk+WNsOaXtumXtDogMjAyNi0wMy0yMCAxMDozMjoyMQogICAgICAgICAgICDkuIrmrKHmiZPl
jbDku7fmoLw6IDQ5NTUuNjEyODI5NDY3ODkzICDlvZPliY3ku7fmoLw6IDQ5NTUuNjEyODI5NDY3
ODkzCiAgICAgICAgICAgIA==

--===============1626518120961474340==--

2026-03-20 10:32:21,639 - INFO - 正在连接到 smtp.qq.com:465
2026-03-20 10:32:21,639 - INFO - 使用用户名: 2741023538@qq.com
2026-03-20 10:32:21,694 - ERROR - 监控异常: 'ascii' codec can't encode characters in position 19-21: ordinal not in range(128)
2026-03-20 10:32:36,699 - INFO - 
============================================================
2026-03-20 10:32:36,699 - INFO - 触发原因: 打印调试
2026-03-20 10:32:36,699 - INFO - 当前时间: 2026-03-20 10:32:36
2026-03-20 10:32:36,699 - INFO - 数据时间: 2026-03-20 10:32:36
2026-03-20 10:32:36,699 - INFO - 当前价格: 4955.925222443005
2026-03-20 10:32:36,699 - INFO - 上次打印时间: 2026-03-20 10:32:21
2026-03-20 10:32:36,700 - INFO - 上次打印价格: 4955.612829467893
2026-03-20 10:32:36,700 - INFO - 当前价格: 4955.925222443005
2026-03-20 10:32:36,700 - INFO - ============================================================

2026-03-20 10:32:46,702 - INFO - 
============================================================
2026-03-20 10:32:46,702 - INFO - 触发原因: 打印调试
2026-03-20 10:32:46,702 - INFO - 当前时间: 2026-03-20 10:32:46
2026-03-20 10:32:46,702 - INFO - 数据时间: 2026-03-20 10:32:46
2026-03-20 10:32:46,703 - INFO - 当前价格: 4942.601467375946
2026-03-20 10:32:46,703 - INFO - 上次打印时间: 2026-03-20 10:32:21
2026-03-20 10:32:46,703 - INFO - 上次打印价格: 4955.612829467893
2026-03-20 10:32:46,703 - INFO - 当前价格: 4942.601467375946
2026-03-20 10:32:46,703 - INFO - ============================================================

2026-03-20 10:32:46,704 - INFO - 
============================================================
2026-03-20 10:32:46,704 - INFO - 触发原因: 价格下跌超过整数变化
2026-03-20 10:32:46,704 - INFO - 当前时间: 2026-03-20 10:32:46
2026-03-20 10:32:46,704 - INFO - 数据时间: 2026-03-20 10:32:46
2026-03-20 10:32:46,704 - INFO - 当前价格: 4942.601467375946
2026-03-20 10:32:46,704 - INFO - 上次打印时间: 2026-03-20 10:32:21
2026-03-20 10:32:46,704 - INFO - 上次打印价格: 4955.612829467893
2026-03-20 10:32:46,705 - INFO - 当前价格: 4942.601467375946
2026-03-20 10:32:46,705 - INFO - Content-Type: multipart/mixed; boundary="===============5652703889587982591=="
MIME-Version: 1.0
Subject: =?utf-8?b?6buE6YeR5Lu35qC85o+Q6YaSIC0g5Lu35qC85LiL6LeM6LaF6L+H5pW05pWw5Y+Y5YyWLOW9k+WJjeS7t+agvDQ5NDIuNjAxNDY3Mzc1OTQ2?=
From: 2741023538@qq.com
To: 2741023538@qq.com

--===============5652703889587982591==
Content-Type: text/plain; charset="utf-8"
MIME-Version: 1.0
Content-Transfer-Encoding: base64

CiAgICAgICAgICAgIOm7hOmHkeS7t+agvOebkeaOp+aPkOmGkgogICAgICAgICAgICDop6blj5Hl
jp/lm6A6IOS7t+agvOS4i+i3jOi2hei/h+aVtOaVsOWPmOWMlgogICAgICAgICAgICDlvZPliY3m
l7bpl7Q6IDIwMjYtMDMtMjAgMTA6MzI6NDYKICAgICAgICAgICAg5pWw5o2u5pe26Ze0OiAyMDI2
LTAzLTIwIDEwOjMyOjQ2CiAgICAgICAgICAgIOW9k+WJjeS7t+agvDogNDk0Mi42MDE0NjczNzU5
NDYKICAgICAgICAgICAg5bey6Kem5Y+R55uu5qCHOiBbNDk1MF0KCiAgICAgICAgICAgIOS4iuas
oeaJk+WNsOaXtumXtDogMjAyNi0wMy0yMCAxMDozMjo0NgogICAgICAgICAgICDkuIrmrKHmiZPl
jbDku7fmoLw6IDQ5NDIuNjAxNDY3Mzc1OTQ2ICDlvZPliY3ku7fmoLw6IDQ5NDIuNjAxNDY3Mzc1
OTQ2CiAgICAgICAgICAgIA==

--===============5652703889587982591==--

2026-03-20 10:32:46,980 - INFO - 正在连接到 smtp.qq.com:465
2026-03-20 10:32:46,980 - INFO - 使用用户名: 2741023538@qq.com
2026-03-20 10:32:47,033 - ERROR - 监控异常: 'ascii' codec can't encode characters in position 19-21: ordinal not in range(128)
2026-03-20 10:33:02,048 - INFO - 
============================================================
2026-03-20 10:33:02,048 - INFO - 触发原因: 打印调试
2026-03-20 10:33:02,048 - INFO - 当前时间: 2026-03-20 10:33:02
2026-03-20 10:33:02,048 - INFO - 数据时间: 2026-03-20 10:33:02
2026-03-20 10:33:02,048 - INFO - 当前价格: 4945.391315201676
2026-03-20 10:33:02,048 - INFO - 上次打印时间: 2026-03-20 10:32:46
2026-03-20 10:33:02,048 - INFO - 上次打印价格: 4942.601467375946
2026-03-20 10:33:02,049 - INFO - 当前价格: 4945.391315201676
2026-03-20 10:33:02,049 - INFO - ============================================================

2026-03-20 10:33:12,056 - INFO - 
============================================================
2026-03-20 10:33:12,056 - INFO - 触发原因: 打印调试
2026-03-20 10:33:12,056 - INFO - 当前时间: 2026-03-20 10:33:12
2026-03-20 10:33:12,057 - INFO - 数据时间: 2026-03-20 10:33:12
2026-03-20 10:33:12,057 - INFO - 当前价格: 4943.779695870808
2026-03-20 10:33:12,057 - INFO - 上次打印时间: 2026-03-20 10:32:46
2026-03-20 10:33:12,057 - INFO - 上次打印价格: 4942.601467375946
2026-03-20 10:33:12,057 - INFO - 当前价格: 4943.779695870808
2026-03-20 10:33:12,057 - INFO - ============================================================

2026-03-20 10:33:22,062 - INFO - 
============================================================
2026-03-20 10:33:22,063 - INFO - 触发原因: 打印调试
2026-03-20 10:33:22,063 - INFO - 当前时间: 2026-03-20 10:33:22
2026-03-20 10:33:22,063 - INFO - 数据时间: 2026-03-20 10:33:22
2026-03-20 10:33:22,063 - INFO - 当前价格: 4945.889713008374
2026-03-20 10:33:22,063 - INFO - 上次打印时间: 2026-03-20 10:32:46
2026-03-20 10:33:22,063 - INFO - 上次打印价格: 4942.601467375946
2026-03-20 10:33:22,063 - INFO - 当前价格: 4945.889713008374
2026-03-20 10:33:22,063 - INFO - ============================================================

2026-03-20 10:33:32,069 - INFO - 
============================================================
2026-03-20 10:33:32,070 - INFO - 触发原因: 打印调试
2026-03-20 10:33:32,070 - INFO - 当前时间: 2026-03-20 10:33:32
2026-03-20 10:33:32,070 - INFO - 数据时间: 2026-03-20 10:33:32
2026-03-20 10:33:32,070 - INFO - 当前价格: 4946.201421855819
2026-03-20 10:33:32,070 - INFO - 上次打印时间: 2026-03-20 10:32:46
2026-03-20 10:33:32,070 - INFO - 上次打印价格: 4942.601467375946
2026-03-20 10:33:32,071 - INFO - 当前价格: 4946.201421855819
2026-03-20 10:33:32,071 - INFO - ============================================================

2026-03-20 10:33:42,081 - INFO - 
============================================================
2026-03-20 10:33:42,081 - INFO - 触发原因: 打印调试
2026-03-20 10:33:42,081 - INFO - 当前时间: 2026-03-20 10:33:42
2026-03-20 10:33:42,081 - INFO - 数据时间: 2026-03-20 10:33:42
2026-03-20 10:33:42,082 - INFO - 当前价格: 4951.853678069365
2026-03-20 10:33:42,082 - INFO - 上次打印时间: 2026-03-20 10:32:46
2026-03-20 10:33:42,082 - INFO - 上次打印价格: 4942.601467375946
2026-03-20 10:33:42,082 - INFO - 当前价格: 4951.853678069365
2026-03-20 10:33:42,082 - INFO - ============================================================

2026-03-20 10:33:52,085 - INFO - 
============================================================
2026-03-20 10:33:52,085 - INFO - 触发原因: 打印调试
2026-03-20 10:33:52,085 - INFO - 当前时间: 2026-03-20 10:33:52
2026-03-20 10:33:52,086 - INFO - 数据时间: 2026-03-20 10:33:52
2026-03-20 10:33:52,086 - INFO - 当前价格: 4947.9837690488
2026-03-20 10:33:52,086 - INFO - 上次打印时间: 2026-03-20 10:32:46
2026-03-20 10:33:52,086 - INFO - 上次打印价格: 4942.601467375946
2026-03-20 10:33:52,086 - INFO - 当前价格: 4947.9837690488
2026-03-20 10:33:52,087 - INFO - ============================================================

2026-03-20 10:34:02,091 - INFO - 
============================================================
2026-03-20 10:34:02,091 - INFO - 触发原因: 打印调试
2026-03-20 10:34:02,091 - INFO - 当前时间: 2026-03-20 10:34:02
2026-03-20 10:34:02,091 - INFO - 数据时间: 2026-03-20 10:34:02
2026-03-20 10:34:02,091 - INFO - 当前价格: 4955.2988156861375
2026-03-20 10:34:02,091 - INFO - 上次打印时间: 2026-03-20 10:32:46
2026-03-20 10:34:02,091 - INFO - 上次打印价格: 4942.601467375946
2026-03-20 10:34:02,092 - INFO - 当前价格: 4955.2988156861375
2026-03-20 10:34:02,092 - INFO - ============================================================

2026-03-20 10:34:02,092 - INFO - 
============================================================
2026-03-20 10:34:02,092 - INFO - 触发原因: 价格上涨超过整数变化
2026-03-20 10:34:02,092 - INFO - 当前时间: 2026-03-20 10:34:02
2026-03-20 10:34:02,092 - INFO - 数据时间: 2026-03-20 10:34:02
2026-03-20 10:34:02,092 - INFO - 当前价格: 4955.2988156861375
2026-03-20 10:34:02,093 - INFO - 上次打印时间: 2026-03-20 10:32:46
2026-03-20 10:34:02,093 - INFO - 上次打印价格: 4942.601467375946
2026-03-20 10:34:02,093 - INFO - 当前价格: 4955.2988156861375
2026-03-20 10:34:02,094 - INFO - Content-Type: multipart/mixed; boundary="===============7488036735075380821=="
MIME-Version: 1.0
Subject: =?utf-8?b?6buE6YeR5Lu35qC85o+Q6YaSIC0g5Lu35qC85LiK5rao6LaF6L+H5pW05pWw5Y+Y5YyWLOW9k+WJjeS7t+agvDQ5NTUuMjk4ODE1Njg2MTM3NQ==?=
From: 2741023538@qq.com
To: 2741023538@qq.com

--===============7488036735075380821==
Content-Type: text/plain; charset="utf-8"
MIME-Version: 1.0
Content-Transfer-Encoding: base64

CiAgICAgICAgICAgIOm7hOmHkeS7t+agvOebkeaOp+aPkOmGkgogICAgICAgICAgICDop6blj5Hl
jp/lm6A6IOS7t+agvOS4iua2qOi2hei/h+aVtOaVsOWPmOWMlgogICAgICAgICAgICDlvZPliY3m
l7bpl7Q6IDIwMjYtMDMtMjAgMTA6MzQ6MDIKICAgICAgICAgICAg5pWw5o2u5pe26Ze0OiAyMDI2
LTAzLTIwIDEwOjM0OjAyCiAgICAgICAgICAgIOW9k+WJjeS7t+agvDogNDk1NS4yOTg4MTU2ODYx
Mzc1CiAgICAgICAgICAgIOW3suinpuWPkeebruaghzogWzQ5NTBdCgogICAgICAgICAgICDkuIrm
rKHmiZPljbDml7bpl7Q6IDIwMjYtMDMtMjAgMTA6MzQ6MDIKICAgICAgICAgICAg5LiK5qyh5omT
5Y2w5Lu35qC8OiA0OTU1LjI5ODgxNTY4NjEzNzUgIOW9k+WJjeS7t+agvDogNDk1NS4yOTg4MTU2
ODYxMzc1CiAgICAgICAgICAgIA==

--===============7488036735075380821==--

2026-03-20 10:34:02,339 - INFO - 正在连接到 smtp.qq.com:465
2026-03-20 10:34:02,339 - INFO - 使用用户名: 2741023538@qq.com
2026-03-20 10:34:02,392 - ERROR - 监控异常: 'ascii' codec can't encode characters in position 19-21: ordinal not in range(128)
2026-03-20 10:34:17,400 - INFO - 
============================================================
2026-03-20 10:34:17,400 - INFO - 触发原因: 打印调试
2026-03-20 10:34:17,401 - INFO - 当前时间: 2026-03-20 10:34:17
2026-03-20 10:34:17,401 - INFO - 数据时间: 2026-03-20 10:34:17
2026-03-20 10:34:17,401 - INFO - 当前价格: 4951.522381041604
2026-03-20 10:34:17,401 - INFO - 上次打印时间: 2026-03-20 10:34:02
2026-03-20 10:34:17,401 - INFO - 上次打印价格: 4955.2988156861375
2026-03-20 10:34:17,401 - INFO - 当前价格: 4951.522381041604
2026-03-20 10:34:17,401 - INFO - ============================================================

2026-03-20 10:34:27,410 - INFO - 
============================================================
2026-03-20 10:34:27,410 - INFO - 触发原因: 打印调试
2026-03-20 10:34:27,410 - INFO - 当前时间: 2026-03-20 10:34:27
2026-03-20 10:34:27,410 - INFO - 数据时间: 2026-03-20 10:34:27
2026-03-20 10:34:27,410 - INFO - 当前价格: 4948.338504616882
2026-03-20 10:34:27,410 - INFO - 上次打印时间: 2026-03-20 10:34:02
2026-03-20 10:34:27,410 - INFO - 上次打印价格: 4955.2988156861375
2026-03-20 10:34:27,411 - INFO - 当前价格: 4948.338504616882
2026-03-20 10:34:27,411 - INFO - ============================================================

2026-03-20 10:34:37,417 - INFO - 
============================================================
2026-03-20 10:34:37,417 - INFO - 触发原因: 打印调试
2026-03-20 10:34:37,417 - INFO - 当前时间: 2026-03-20 10:34:37
2026-03-20 10:34:37,417 - INFO - 数据时间: 2026-03-20 10:34:37
2026-03-20 10:34:37,417 - INFO - 当前价格: 4949.732530950104
2026-03-20 10:34:37,417 - INFO - 上次打印时间: 2026-03-20 10:34:02
2026-03-20 10:34:37,418 - INFO - 上次打印价格: 4955.2988156861375
2026-03-20 10:34:37,418 - INFO - 当前价格: 4949.732530950104
2026-03-20 10:34:37,418 - INFO - ============================================================

2026-03-20 10:34:47,420 - INFO - 
============================================================
2026-03-20 10:34:47,420 - INFO - 触发原因: 打印调试
2026-03-20 10:34:47,420 - INFO - 当前时间: 2026-03-20 10:34:47
2026-03-20 10:34:47,420 - INFO - 数据时间: 2026-03-20 10:34:47
2026-03-20 10:34:47,420 - INFO - 当前价格: 4947.6537852444435
2026-03-20 10:34:47,420 - INFO - 上次打印时间: 2026-03-20 10:34:02
2026-03-20 10:34:47,420 - INFO - 上次打印价格: 4955.2988156861375
2026-03-20 10:34:47,420 - INFO - 当前价格: 4947.6537852444435
2026-03-20 10:34:47,420 - INFO - ============================================================

2026-03-20 10:34:57,429 - INFO - 
============================================================
2026-03-20 10:34:57,430 - INFO - 触发原因: 打印调试
2026-03-20 10:34:57,430 - INFO - 当前时间: 2026-03-20 10:34:57
2026-03-20 10:34:57,430 - INFO - 数据时间: 2026-03-20 10:34:57
2026-03-20 10:34:57,430 - INFO - 当前价格: 4954.275700136489
2026-03-20 10:34:57,430 - INFO - 上次打印时间: 2026-03-20 10:34:02
2026-03-20 10:34:57,430 - INFO - 上次打印价格: 4955.2988156861375
2026-03-20 10:34:57,430 - INFO - 当前价格: 4954.275700136489
2026-03-20 10:34:57,430 - INFO - ============================================================

2026-03-20 10:35:07,433 - INFO - 
============================================================
2026-03-20 10:35:07,433 - INFO - 触发原因: 打印调试
2026-03-20 10:35:07,434 - INFO - 当前时间: 2026-03-20 10:35:07
2026-03-20 10:35:07,434 - INFO - 数据时间: 2026-03-20 10:35:07
2026-03-20 10:35:07,434 - INFO - 当前价格: 4956.2715071838975
2026-03-20 10:35:07,434 - INFO - 上次打印时间: 2026-03-20 10:34:02
2026-03-20 10:35:07,434 - INFO - 上次打印价格: 4955.2988156861375
2026-03-20 10:35:07,434 - INFO - 当前价格: 4956.2715071838975
2026-03-20 10:35:07,434 - INFO - ============================================================

2026-03-20 10:35:17,441 - INFO - 
============================================================
2026-03-20 10:35:17,441 - INFO - 触发原因: 打印调试
2026-03-20 10:35:17,442 - INFO - 当前时间: 2026-03-20 10:35:17
2026-03-20 10:35:17,442 - INFO - 数据时间: 2026-03-20 10:35:17
2026-03-20 10:35:17,442 - INFO - 当前价格: 4946.476598333995
2026-03-20 10:35:17,442 - INFO - 上次打印时间: 2026-03-20 10:34:02
2026-03-20 10:35:17,442 - INFO - 上次打印价格: 4955.2988156861375
2026-03-20 10:35:17,442 - INFO - 当前价格: 4946.476598333995
2026-03-20 10:35:17,442 - INFO - ============================================================

2026-03-20 10:35:27,446 - INFO - 
============================================================
2026-03-20 10:35:27,446 - INFO - 触发原因: 打印调试
2026-03-20 10:35:27,446 - INFO - 当前时间: 2026-03-20 10:35:27
2026-03-20 10:35:27,447 - INFO - 数据时间: 2026-03-20 10:35:27
2026-03-20 10:35:27,447 - INFO - 当前价格: 4942.591570704203
2026-03-20 10:35:27,447 - INFO - 上次打印时间: 2026-03-20 10:34:02
2026-03-20 10:35:27,447 - INFO - 上次打印价格: 4955.2988156861375
2026-03-20 10:35:27,447 - INFO - 当前价格: 4942.591570704203
2026-03-20 10:35:27,447 - INFO - ============================================================

2026-03-20 10:35:27,448 - INFO - 
============================================================
2026-03-20 10:35:27,448 - INFO - 触发原因: 价格下跌超过整数变化
2026-03-20 10:35:27,448 - INFO - 当前时间: 2026-03-20 10:35:27
2026-03-20 10:35:27,448 - INFO - 数据时间: 2026-03-20 10:35:27
2026-03-20 10:35:27,448 - INFO - 当前价格: 4942.591570704203
2026-03-20 10:35:27,448 - INFO - 上次打印时间: 2026-03-20 10:34:02
2026-03-20 10:35:27,448 - INFO - 上次打印价格: 4955.2988156861375
2026-03-20 10:35:27,449 - INFO - 当前价格: 4942.591570704203
2026-03-20 10:35:27,450 - INFO - Content-Type: multipart/mixed; boundary="===============0780932191950498032=="
MIME-Version: 1.0
Subject: =?utf-8?b?6buE6YeR5Lu35qC85o+Q6YaSIC0g5Lu35qC85LiL6LeM6LaF6L+H5pW05pWw5Y+Y5YyWLOW9k+WJjeS7t+agvDQ5NDIuNTkxNTcwNzA0MjAz?=
From: 2741023538@qq.com
To: 2741023538@qq.com

--===============0780932191950498032==
Content-Type: text/plain; charset="utf-8"
MIME-Version: 1.0
Content-Transfer-Encoding: base64

CiAgICAgICAgICAgIOm7hOmHkeS7t+agvOebkeaOp+aPkOmGkgogICAgICAgICAgICDop6blj5Hl
jp/lm6A6IOS7t+agvOS4i+i3jOi2hei/h+aVtOaVsOWPmOWMlgogICAgICAgICAgICDlvZPliY3m
l7bpl7Q6IDIwMjYtMDMtMjAgMTA6MzU6MjcKICAgICAgICAgICAg5pWw5o2u5pe26Ze0OiAyMDI2
LTAzLTIwIDEwOjM1OjI3CiAgICAgICAgICAgIOW9k+WJjeS7t+agvDogNDk0Mi41OTE1NzA3MDQy
MDMKICAgICAgICAgICAg5bey6Kem5Y+R55uu5qCHOiBbNDk1MF0KCiAgICAgICAgICAgIOS4iuas
oeaJk+WNsOaXtumXtDogMjAyNi0wMy0yMCAxMDozNToyNwogICAgICAgICAgICDkuIrmrKHmiZPl
jbDku7fmoLw6IDQ5NDIuNTkxNTcwNzA0MjAzICDlvZPliY3ku7fmoLw6IDQ5NDIuNTkxNTcwNzA0
MjAzCiAgICAgICAgICAgIA==

--===============0780932191950498032==--

2026-03-20 10:35:27,690 - INFO - 正在连接到 smtp.qq.com:465
2026-03-20 10:35:27,691 - INFO - 使用用户名: 2741023538@qq.com
2026-03-20 10:35:27,746 - ERROR - 监控异常: 'ascii' codec can't encode characters in position 19-21: ordinal not in range(128)
2026-03-20 10:35:42,763 - INFO - 
============================================================
2026-03-20 10:35:42,764 - INFO - 触发原因: 打印调试
2026-03-20 10:35:42,764 - INFO - 当前时间: 2026-03-20 10:35:42
2026-03-20 10:35:42,764 - INFO - 数据时间: 2026-03-20 10:35:42
2026-03-20 10:35:42,764 - INFO - 当前价格: 4950.723472337576
2026-03-20 10:35:42,764 - INFO - 上次打印时间: 2026-03-20 10:35:27
2026-03-20 10:35:42,765 - INFO - 上次打印价格: 4942.591570704203
2026-03-20 10:35:42,765 - INFO - 当前价格: 4950.723472337576
2026-03-20 10:35:42,765 - INFO - ============================================================

2026-03-20 10:35:52,771 - INFO - 
============================================================
2026-03-20 10:35:52,771 - INFO - 触发原因: 打印调试
2026-03-20 10:35:52,771 - INFO - 当前时间: 2026-03-20 10:35:52
2026-03-20 10:35:52,771 - INFO - 数据时间: 2026-03-20 10:35:52
2026-03-20 10:35:52,771 - INFO - 当前价格: 4956.419457543879
2026-03-20 10:35:52,771 - INFO - 上次打印时间: 2026-03-20 10:35:27
2026-03-20 10:35:52,771 - INFO - 上次打印价格: 4942.591570704203
2026-03-20 10:35:52,771 - INFO - 当前价格: 4956.419457543879
2026-03-20 10:35:52,772 - INFO - ============================================================

2026-03-20 10:35:52,772 - INFO - 
============================================================
2026-03-20 10:35:52,772 - INFO - 触发原因: 价格上涨超过整数变化
2026-03-20 10:35:52,772 - INFO - 当前时间: 2026-03-20 10:35:52
2026-03-20 10:35:52,772 - INFO - 数据时间: 2026-03-20 10:35:52
2026-03-20 10:35:52,772 - INFO - 当前价格: 4956.419457543879
2026-03-20 10:35:52,772 - INFO - 上次打印时间: 2026-03-20 10:35:27
2026-03-20 10:35:52,772 - INFO - 上次打印价格: 4942.591570704203
2026-03-20 10:35:52,772 - INFO - 当前价格: 4956.419457543879
2026-03-20 10:35:52,773 - INFO - Content-Type: multipart/mixed; boundary="===============1195749486876961803=="
MIME-Version: 1.0
Subject: =?utf-8?b?6buE6YeR5Lu35qC85o+Q6YaSIC0g5Lu35qC85LiK5rao6LaF6L+H5pW05pWw5Y+Y5YyWLOW9k+WJjeS7t+agvDQ5NTYuNDE5NDU3NTQzODc5?=
From: 2741023538@qq.com
To: 2741023538@qq.com

--===============1195749486876961803==
Content-Type: text/plain; charset="utf-8"
MIME-Version: 1.0
Content-Transfer-Encoding: base64

CiAgICAgICAgICAgIOm7hOmHkeS7t+agvOebkeaOp+aPkOmGkgogICAgICAgICAgICDop6blj5Hl
jp/lm6A6IOS7t+agvOS4iua2qOi2hei/h+aVtOaVsOWPmOWMlgogICAgICAgICAgICDlvZPliY3m
l7bpl7Q6IDIwMjYtMDMtMjAgMTA6MzU6NTIKICAgICAgICAgICAg5pWw5o2u5pe26Ze0OiAyMDI2
LTAzLTIwIDEwOjM1OjUyCiAgICAgICAgICAgIOW9k+WJjeS7t+agvDogNDk1Ni40MTk0NTc1NDM4
NzkKICAgICAgICAgICAg5bey6Kem5Y+R55uu5qCHOiBbNDk1MF0KCiAgICAgICAgICAgIOS4iuas
oeaJk+WNsOaXtumXtDogMjAyNi0wMy0yMCAxMDozNTo1MgogICAgICAgICAgICDkuIrmrKHmiZPl
jbDku7fmoLw6IDQ5NTYuNDE5NDU3NTQzODc5ICDlvZPliY3ku7fmoLw6IDQ5NTYuNDE5NDU3NTQz
ODc5CiAgICAgICAgICAgIA==

--===============1195749486876961803==--

2026-03-20 10:35:52,997 - INFO - 正在连接到 smtp.qq.com:465
2026-03-20 10:35:52,998 - INFO - 使用用户名: 2741023538@qq.com
2026-03-20 10:35:53,055 - ERROR - 监控异常: 'ascii' codec can't encode characters in position 19-21: ordinal not in range(128)
2026-03-20 10:36:08,074 - INFO - 
============================================================
2026-03-20 10:36:08,074 - INFO - 触发原因: 打印调试
2026-03-20 10:36:08,074 - INFO - 当前时间: 2026-03-20 10:36:08
2026-03-20 10:36:08,074 - INFO - 数据时间: 2026-03-20 10:36:08
2026-03-20 10:36:08,074 - INFO - 当前价格: 4944.505500419079
2026-03-20 10:36:08,074 - INFO - 上次打印时间: 2026-03-20 10:35:52
2026-03-20 10:36:08,075 - INFO - 上次打印价格: 4956.419457543879
2026-03-20 10:36:08,075 - INFO - 当前价格: 4944.505500419079
2026-03-20 10:36:08,075 - INFO - ============================================================

2026-03-20 10:36:08,075 - INFO - 
============================================================
2026-03-20 10:36:08,075 - INFO - 触发原因: 价格下跌超过整数变化
2026-03-20 10:36:08,075 - INFO - 当前时间: 2026-03-20 10:36:08
2026-03-20 10:36:08,075 - INFO - 数据时间: 2026-03-20 10:36:08
2026-03-20 10:36:08,076 - INFO - 当前价格: 4944.505500419079
2026-03-20 10:36:08,076 - INFO - 上次打印时间: 2026-03-20 10:35:52
2026-03-20 10:36:08,076 - INFO - 上次打印价格: 4956.419457543879
2026-03-20 10:36:08,076 - INFO - 当前价格: 4944.505500419079
2026-03-20 10:36:08,076 - INFO - Content-Type: multipart/mixed; boundary="===============6808815501935749639=="
MIME-Version: 1.0
Subject: =?utf-8?b?6buE6YeR5Lu35qC85o+Q6YaSIC0g5Lu35qC85LiL6LeM6LaF6L+H5pW05pWw5Y+Y5YyWLOW9k+WJjeS7t+agvDQ5NDQuNTA1NTAwNDE5MDc5?=
From: 2741023538@qq.com
To: 2741023538@qq.com

--===============6808815501935749639==
Content-Type: text/plain; charset="utf-8"
MIME-Version: 1.0
Content-Transfer-Encoding: base64

CiAgICAgICAgICAgIOm7hOmHkeS7t+agvOebkeaOp+aPkOmGkgogICAgICAgICAgICDop6blj5Hl
jp/lm6A6IOS7t+agvOS4i+i3jOi2hei/h+aVtOaVsOWPmOWMlgogICAgICAgICAgICDlvZPliY3m
l7bpl7Q6IDIwMjYtMDMtMjAgMTA6MzY6MDgKICAgICAgICAgICAg5pWw5o2u5pe26Ze0OiAyMDI2
LTAzLTIwIDEwOjM2OjA4CiAgICAgICAgICAgIOW9k+WJjeS7t+agvDogNDk0NC41MDU1MDA0MTkw
NzkKICAgICAgICAgICAg5bey6Kem5Y+R55uu5qCHOiBbNDk1MF0KCiAgICAgICAgICAgIOS4iuas
oeaJk+WNsOaXtumXtDogMjAyNi0wMy0yMCAxMDozNjowOAogICAgICAgICAgICDkuIrmrKHmiZPl
jbDku7fmoLw6IDQ5NDQuNTA1NTAwNDE5MDc5ICDlvZPliY3ku7fmoLw6IDQ5NDQuNTA1NTAwNDE5
MDc5CiAgICAgICAgICAgIA==

--===============6808815501935749639==--

2026-03-20 10:36:08,313 - INFO - 正在连接到 smtp.qq.com:465
2026-03-20 10:36:08,313 - INFO - 使用用户名: 2741023538@qq.com
2026-03-20 10:36:08,369 - ERROR - 监控异常: 'ascii' codec can't encode characters in position 19-21: ordinal not in range(128)
2026-03-20 10:36:23,384 - INFO - 
============================================================
2026-03-20 10:36:23,385 - INFO - 触发原因: 打印调试
2026-03-20 10:36:23,385 - INFO - 当前时间: 2026-03-20 10:36:23
2026-03-20 10:36:23,385 - INFO - 数据时间: 2026-03-20 10:36:23
2026-03-20 10:36:23,385 - INFO - 当前价格: 4957.6366792958315
2026-03-20 10:36:23,385 - INFO - 上次打印时间: 2026-03-20 10:36:08
2026-03-20 10:36:23,385 - INFO - 上次打印价格: 4944.505500419079
2026-03-20 10:36:23,385 - INFO - 当前价格: 4957.6366792958315
2026-03-20 10:36:23,385 - INFO - ============================================================

2026-03-20 10:36:23,385 - INFO - 
============================================================
2026-03-20 10:36:23,385 - INFO - 触发原因: 价格上涨超过整数变化
2026-03-20 10:36:23,386 - INFO - 当前时间: 2026-03-20 10:36:23
2026-03-20 10:36:23,386 - INFO - 数据时间: 2026-03-20 10:36:23
2026-03-20 10:36:23,386 - INFO - 当前价格: 4957.6366792958315
2026-03-20 10:36:23,386 - INFO - 上次打印时间: 2026-03-20 10:36:08
2026-03-20 10:36:23,386 - INFO - 上次打印价格: 4944.505500419079
2026-03-20 10:36:23,386 - INFO - 当前价格: 4957.6366792958315
2026-03-20 10:36:23,387 - INFO - Content-Type: multipart/mixed; boundary="===============4319205204321198849=="
MIME-Version: 1.0
Subject: =?utf-8?b?6buE6YeR5Lu35qC85o+Q6YaSIC0g5Lu35qC85LiK5rao6LaF6L+H5pW05pWw5Y+Y5YyWLOW9k+WJjeS7t+agvDQ5NTcuNjM2Njc5Mjk1ODMxNQ==?=
From: 2741023538@qq.com
To: 2741023538@qq.com

--===============4319205204321198849==
Content-Type: text/plain; charset="utf-8"
MIME-Version: 1.0
Content-Transfer-Encoding: base64

CiAgICAgICAgICAgIOm7hOmHkeS7t+agvOebkeaOp+aPkOmGkgogICAgICAgICAgICDop6blj5Hl
jp/lm6A6IOS7t+agvOS4iua2qOi2hei/h+aVtOaVsOWPmOWMlgogICAgICAgICAgICDlvZPliY3m
l7bpl7Q6IDIwMjYtMDMtMjAgMTA6MzY6MjMKICAgICAgICAgICAg5pWw5o2u5pe26Ze0OiAyMDI2
LTAzLTIwIDEwOjM2OjIzCiAgICAgICAgICAgIOW9k+WJjeS7t+agvDogNDk1Ny42MzY2NzkyOTU4
MzE1CiAgICAgICAgICAgIOW3suinpuWPkeebruaghzogWzQ5NTBdCgogICAgICAgICAgICDkuIrm
rKHmiZPljbDml7bpl7Q6IDIwMjYtMDMtMjAgMTA6MzY6MjMKICAgICAgICAgICAg5LiK5qyh5omT
5Y2w5Lu35qC8OiA0OTU3LjYzNjY3OTI5NTgzMTUgIOW9k+WJjeS7t+agvDogNDk1Ny42MzY2Nzky
OTU4MzE1CiAgICAgICAgICAgIA==

--===============4319205204321198849==--

2026-03-20 10:36:23,636 - INFO - 正在连接到 smtp.qq.com:465
2026-03-20 10:36:23,637 - INFO - 使用用户名: 2741023538@qq.com
2026-03-20 10:36:23,685 - ERROR - 监控异常: 'ascii' codec can't encode characters in position 19-21: ordinal not in range(128)
2026-03-20 10:36:38,695 - INFO - 
============================================================
2026-03-20 10:36:38,695 - INFO - 触发原因: 打印调试
2026-03-20 10:36:38,695 - INFO - 当前时间: 2026-03-20 10:36:38
2026-03-20 10:36:38,695 - INFO - 数据时间: 2026-03-20 10:36:38
2026-03-20 10:36:38,695 - INFO - 当前价格: 4952.448922416167
2026-03-20 10:36:38,695 - INFO - 上次打印时间: 2026-03-20 10:36:23
2026-03-20 10:36:38,696 - INFO - 上次打印价格: 4957.6366792958315
2026-03-20 10:36:38,696 - INFO - 当前价格: 4952.448922416167
2026-03-20 10:36:38,696 - INFO - ============================================================

2026-03-20 10:36:48,703 - INFO - 
============================================================
2026-03-20 10:36:48,703 - INFO - 触发原因: 打印调试
2026-03-20 10:36:48,704 - INFO - 当前时间: 2026-03-20 10:36:48
2026-03-20 10:36:48,704 - INFO - 数据时间: 2026-03-20 10:36:48
2026-03-20 10:36:48,704 - INFO - 当前价格: 4948.930367020584
2026-03-20 10:36:48,704 - INFO - 上次打印时间: 2026-03-20 10:36:23
2026-03-20 10:36:48,704 - INFO - 上次打印价格: 4957.6366792958315
2026-03-20 10:36:48,704 - INFO - 当前价格: 4948.930367020584
2026-03-20 10:36:48,705 - INFO - ============================================================

2026-03-20 10:36:58,716 - INFO - 
============================================================
2026-03-20 10:36:58,717 - INFO - 触发原因: 打印调试
2026-03-20 10:36:58,717 - INFO - 当前时间: 2026-03-20 10:36:58
2026-03-20 10:36:58,717 - INFO - 数据时间: 2026-03-20 10:36:58
2026-03-20 10:36:58,717 - INFO - 当前价格: 4959.266766532336
2026-03-20 10:36:58,717 - INFO - 上次打印时间: 2026-03-20 10:36:23
2026-03-20 10:36:58,718 - INFO - 上次打印价格: 4957.6366792958315
2026-03-20 10:36:58,718 - INFO - 当前价格: 4959.266766532336
2026-03-20 10:36:58,718 - INFO - ============================================================

2026-03-20 10:37:08,726 - INFO - 
============================================================
2026-03-20 10:37:08,726 - INFO - 触发原因: 打印调试
2026-03-20 10:37:08,727 - INFO - 当前时间: 2026-03-20 10:37:08
2026-03-20 10:37:08,727 - INFO - 数据时间: 2026-03-20 10:37:08
2026-03-20 10:37:08,727 - INFO - 当前价格: 4940.9913342210575
2026-03-20 10:37:08,727 - INFO - 上次打印时间: 2026-03-20 10:36:23
2026-03-20 10:37:08,727 - INFO - 上次打印价格: 4957.6366792958315
2026-03-20 10:37:08,727 - INFO - 当前价格: 4940.9913342210575
2026-03-20 10:37:08,728 - INFO - ============================================================

2026-03-20 10:37:08,728 - INFO - 
============================================================
2026-03-20 10:37:08,728 - INFO - 触发原因: 价格下跌超过整数变化
2026-03-20 10:37:08,728 - INFO - 当前时间: 2026-03-20 10:37:08
2026-03-20 10:37:08,728 - INFO - 数据时间: 2026-03-20 10:37:08
2026-03-20 10:37:08,728 - INFO - 当前价格: 4940.9913342210575
2026-03-20 10:37:08,729 - INFO - 上次打印时间: 2026-03-20 10:36:23
2026-03-20 10:37:08,729 - INFO - 上次打印价格: 4957.6366792958315
2026-03-20 10:37:08,729 - INFO - 当前价格: 4940.9913342210575
2026-03-20 10:37:08,730 - INFO - Content-Type: multipart/mixed; boundary="===============3669417321580047739=="
MIME-Version: 1.0
Subject: =?utf-8?b?6buE6YeR5Lu35qC85o+Q6YaSIC0g5Lu35qC85LiL6LeM6LaF6L+H5pW05pWw5Y+Y5YyWLOW9k+WJjeS7t+agvDQ5NDAuOTkxMzM0MjIxMDU3NQ==?=
From: 2741023538@qq.com
To: 2741023538@qq.com

--===============3669417321580047739==
Content-Type: text/plain; charset="utf-8"
MIME-Version: 1.0
Content-Transfer-Encoding: base64

CiAgICAgICAgICAgIOm7hOmHkeS7t+agvOebkeaOp+aPkOmGkgogICAgICAgICAgICDop6blj5Hl
jp/lm6A6IOS7t+agvOS4i+i3jOi2hei/h+aVtOaVsOWPmOWMlgogICAgICAgICAgICDlvZPliY3m
l7bpl7Q6IDIwMjYtMDMtMjAgMTA6Mzc6MDgKICAgICAgICAgICAg5pWw5o2u5pe26Ze0OiAyMDI2
LTAzLTIwIDEwOjM3OjA4CiAgICAgICAgICAgIOW9k+WJjeS7t+agvDogNDk0MC45OTEzMzQyMjEw
NTc1CiAgICAgICAgICAgIOW3suinpuWPkeebruaghzogWzQ5NTBdCgogICAgICAgICAgICDkuIrm
rKHmiZPljbDml7bpl7Q6IDIwMjYtMDMtMjAgMTA6Mzc6MDgKICAgICAgICAgICAg5LiK5qyh5omT
5Y2w5Lu35qC8OiA0OTQwLjk5MTMzNDIyMTA1NzUgIOW9k+WJjeS7t+agvDogNDk0MC45OTEzMzQy
MjEwNTc1CiAgICAgICAgICAgIA==

--===============3669417321580047739==--

2026-03-20 10:37:08,960 - INFO - 正在连接到 smtp.qq.com:465
2026-03-20 10:37:08,961 - INFO - 使用用户名: 2741023538@qq.com
2026-03-20 10:37:09,015 - ERROR - 监控异常: 'ascii' codec can't encode characters in position 19-21: ordinal not in range(128)
2026-03-20 10:37:24,028 - INFO - 
============================================================
2026-03-20 10:37:24,029 - INFO - 触发原因: 打印调试
2026-03-20 10:37:24,029 - INFO - 当前时间: 2026-03-20 10:37:24
2026-03-20 10:37:24,029 - INFO - 数据时间: 2026-03-20 10:37:24
2026-03-20 10:37:24,030 - INFO - 当前价格: 4951.486900422679
2026-03-20 10:37:24,030 - INFO - 上次打印时间: 2026-03-20 10:37:08
2026-03-20 10:37:24,030 - INFO - 上次打印价格: 4940.9913342210575
2026-03-20 10:37:24,030 - INFO - 当前价格: 4951.486900422679
2026-03-20 10:37:24,031 - INFO - ============================================================

2026-03-20 10:37:24,031 - INFO - 
============================================================
2026-03-20 10:37:24,031 - INFO - 触发原因: 价格上涨超过整数变化
2026-03-20 10:37:24,031 - INFO - 当前时间: 2026-03-20 10:37:24
2026-03-20 10:37:24,031 - INFO - 数据时间: 2026-03-20 10:37:24
2026-03-20 10:37:24,031 - INFO - 当前价格: 4951.486900422679
2026-03-20 10:37:24,031 - INFO - 上次打印时间: 2026-03-20 10:37:08
2026-03-20 10:37:24,031 - INFO - 上次打印价格: 4940.9913342210575
2026-03-20 10:37:24,031 - INFO - 当前价格: 4951.486900422679
2026-03-20 10:37:24,032 - INFO - Content-Type: multipart/mixed; boundary="===============7534456099954729003=="
MIME-Version: 1.0
Subject: =?utf-8?b?6buE6YeR5Lu35qC85o+Q6YaSIC0g5Lu35qC85LiK5rao6LaF6L+H5pW05pWw5Y+Y5YyWLOW9k+WJjeS7t+agvDQ5NTEuNDg2OTAwNDIyNjc5?=
From: 2741023538@qq.com
To: 2741023538@qq.com

--===============7534456099954729003==
Content-Type: text/plain; charset="utf-8"
MIME-Version: 1.0
Content-Transfer-Encoding: base64

CiAgICAgICAgICAgIOm7hOmHkeS7t+agvOebkeaOp+aPkOmGkgogICAgICAgICAgICDop6blj5Hl
jp/lm6A6IOS7t+agvOS4iua2qOi2hei/h+aVtOaVsOWPmOWMlgogICAgICAgICAgICDlvZPliY3m
l7bpl7Q6IDIwMjYtMDMtMjAgMTA6Mzc6MjQKICAgICAgICAgICAg5pWw5o2u5pe26Ze0OiAyMDI2
LTAzLTIwIDEwOjM3OjI0CiAgICAgICAgICAgIOW9k+WJjeS7t+agvDogNDk1MS40ODY5MDA0MjI2
NzkKICAgICAgICAgICAg5bey6Kem5Y+R55uu5qCHOiBbNDk1MF0KCiAgICAgICAgICAgIOS4iuas
oeaJk+WNsOaXtumXtDogMjAyNi0wMy0yMCAxMDozNzoyNAogICAgICAgICAgICDkuIrmrKHmiZPl
jbDku7fmoLw6IDQ5NTEuNDg2OTAwNDIyNjc5ICDlvZPliY3ku7fmoLw6IDQ5NTEuNDg2OTAwNDIy
Njc5CiAgICAgICAgICAgIA==

--===============7534456099954729003==--

2026-03-20 10:37:24,277 - INFO - 正在连接到 smtp.qq.com:465
2026-03-20 10:37:24,277 - INFO - 使用用户名: 2741023538@qq.com
2026-03-20 10:37:24,334 - ERROR - 监控异常: 'ascii' codec can't encode characters in position 19-21: ordinal not in range(128)
2026-03-20 10:37:39,353 - INFO - 
============================================================
2026-03-20 10:37:39,353 - INFO - 触发原因: 打印调试
2026-03-20 10:37:39,354 - INFO - 当前时间: 2026-03-20 10:37:39
2026-03-20 10:37:39,354 - INFO - 数据时间: 2026-03-20 10:37:39
2026-03-20 10:37:39,354 - INFO - 当前价格: 4943.516110507937
2026-03-20 10:37:39,354 - INFO - 上次打印时间: 2026-03-20 10:37:24
2026-03-20 10:37:39,354 - INFO - 上次打印价格: 4951.486900422679
2026-03-20 10:37:39,354 - INFO - 当前价格: 4943.516110507937
2026-03-20 10:37:39,355 - INFO - ============================================================

2026-03-20 10:37:49,370 - INFO - 
============================================================
2026-03-20 10:37:49,370 - INFO - 触发原因: 打印调试
2026-03-20 10:37:49,371 - INFO - 当前时间: 2026-03-20 10:37:49
2026-03-20 10:37:49,371 - INFO - 数据时间: 2026-03-20 10:37:49
2026-03-20 10:37:49,371 - INFO - 当前价格: 4948.624142691194
2026-03-20 10:37:49,371 - INFO - 上次打印时间: 2026-03-20 10:37:24
2026-03-20 10:37:49,371 - INFO - 上次打印价格: 4951.486900422679
2026-03-20 10:37:49,371 - INFO - 当前价格: 4948.624142691194
2026-03-20 10:37:49,372 - INFO - ============================================================

2026-03-20 10:37:59,377 - INFO - 
============================================================
2026-03-20 10:37:59,377 - INFO - 触发原因: 打印调试
2026-03-20 10:37:59,377 - INFO - 当前时间: 2026-03-20 10:37:59
2026-03-20 10:37:59,377 - INFO - 数据时间: 2026-03-20 10:37:59
2026-03-20 10:37:59,378 - INFO - 当前价格: 4946.009361255306
2026-03-20 10:37:59,378 - INFO - 上次打印时间: 2026-03-20 10:37:24
2026-03-20 10:37:59,378 - INFO - 上次打印价格: 4951.486900422679
2026-03-20 10:37:59,378 - INFO - 当前价格: 4946.009361255306
2026-03-20 10:37:59,378 - INFO - ============================================================

2026-03-20 10:38:09,389 - INFO - 
============================================================
2026-03-20 10:38:09,389 - INFO - 触发原因: 打印调试
2026-03-20 10:38:09,389 - INFO - 当前时间: 2026-03-20 10:38:09
2026-03-20 10:38:09,390 - INFO - 数据时间: 2026-03-20 10:38:09
2026-03-20 10:38:09,390 - INFO - 当前价格: 4946.267914934511
2026-03-20 10:38:09,390 - INFO - 上次打印时间: 2026-03-20 10:37:24
2026-03-20 10:38:09,390 - INFO - 上次打印价格: 4951.486900422679
2026-03-20 10:38:09,390 - INFO - 当前价格: 4946.267914934511
2026-03-20 10:38:09,390 - INFO - ============================================================

2026-03-20 10:38:19,393 - INFO - 
============================================================
2026-03-20 10:38:19,393 - INFO - 触发原因: 打印调试
2026-03-20 10:38:19,393 - INFO - 当前时间: 2026-03-20 10:38:19
2026-03-20 10:38:19,393 - INFO - 数据时间: 2026-03-20 10:38:19
2026-03-20 10:38:19,393 - INFO - 当前价格: 4941.552680375581
2026-03-20 10:38:19,393 - INFO - 上次打印时间: 2026-03-20 10:37:24
2026-03-20 10:38:19,394 - INFO - 上次打印价格: 4951.486900422679
2026-03-20 10:38:19,394 - INFO - 当前价格: 4941.552680375581
2026-03-20 10:38:19,394 - INFO - ============================================================

2026-03-20 10:38:19,394 - INFO - 
============================================================
2026-03-20 10:38:19,394 - INFO - 触发原因: 价格下跌超过整数变化
2026-03-20 10:38:19,394 - INFO - 当前时间: 2026-03-20 10:38:19
2026-03-20 10:38:19,394 - INFO - 数据时间: 2026-03-20 10:38:19
2026-03-20 10:38:19,394 - INFO - 当前价格: 4941.552680375581
2026-03-20 10:38:19,394 - INFO - 上次打印时间: 2026-03-20 10:37:24
2026-03-20 10:38:19,394 - INFO - 上次打印价格: 4951.486900422679
2026-03-20 10:38:19,395 - INFO - 当前价格: 4941.552680375581
2026-03-20 10:38:19,395 - INFO - Content-Type: multipart/mixed; boundary="===============5574058541348335879=="
MIME-Version: 1.0
Subject: =?utf-8?b?6buE6YeR5Lu35qC85o+Q6YaSIC0g5Lu35qC85LiL6LeM6LaF6L+H5pW05pWw5Y+Y5YyWLOW9k+WJjeS7t+agvDQ5NDEuNTUyNjgwMzc1NTgx?=
From: 2741023538@qq.com
To: 2741023538@qq.com

--===============5574058541348335879==
Content-Type: text/plain; charset="utf-8"
MIME-Version: 1.0
Content-Transfer-Encoding: base64

CiAgICAgICAgICAgIOm7hOmHkeS7t+agvOebkeaOp+aPkOmGkgogICAgICAgICAgICDop6blj5Hl
jp/lm6A6IOS7t+agvOS4i+i3jOi2hei/h+aVtOaVsOWPmOWMlgogICAgICAgICAgICDlvZPliY3m
l7bpl7Q6IDIwMjYtMDMtMjAgMTA6Mzg6MTkKICAgICAgICAgICAg5pWw5o2u5pe26Ze0OiAyMDI2
LTAzLTIwIDEwOjM4OjE5CiAgICAgICAgICAgIOW9k+WJjeS7t+agvDogNDk0MS41NTI2ODAzNzU1
ODEKICAgICAgICAgICAg5bey6Kem5Y+R55uu5qCHOiBbNDk1MF0KCiAgICAgICAgICAgIOS4iuas
oeaJk+WNsOaXtumXtDogMjAyNi0wMy0yMCAxMDozODoxOQogICAgICAgICAgICDkuIrmrKHmiZPl
jbDku7fmoLw6IDQ5NDEuNTUyNjgwMzc1NTgxICDlvZPliY3ku7fmoLw6IDQ5NDEuNTUyNjgwMzc1
NTgxCiAgICAgICAgICAgIA==

--===============5574058541348335879==--

2026-03-20 10:38:19,918 - INFO - 正在连接到 smtp.qq.com:465
2026-03-20 10:38:19,918 - INFO - 使用用户名: 2741023538@qq.com
2026-03-20 10:38:19,982 - ERROR - 监控异常: 'ascii' codec can't encode characters in position 19-21: ordinal not in range(128)
2026-03-20 10:38:34,993 - INFO - 
============================================================
2026-03-20 10:38:34,993 - INFO - 触发原因: 打印调试
2026-03-20 10:38:34,994 - INFO - 当前时间: 2026-03-20 10:38:34
2026-03-20 10:38:34,994 - INFO - 数据时间: 2026-03-20 10:38:34
2026-03-20 10:38:34,994 - INFO - 当前价格: 4951.572322897076
2026-03-20 10:38:34,994 - INFO - 上次打印时间: 2026-03-20 10:38:19
2026-03-20 10:38:34,995 - INFO - 上次打印价格: 4941.552680375581
2026-03-20 10:38:34,995 - INFO - 当前价格: 4951.572322897076
2026-03-20 10:38:34,995 - INFO - ============================================================

2026-03-20 10:38:34,995 - INFO - 
============================================================
2026-03-20 10:38:34,995 - INFO - 触发原因: 10分钟定时打印
2026-03-20 10:38:34,996 - INFO - 当前时间: 2026-03-20 10:38:34
2026-03-20 10:38:34,996 - INFO - 数据时间: 2026-03-20 10:38:34
2026-03-20 10:38:34,996 - INFO - 当前价格: 4951.572322897076
2026-03-20 10:38:34,996 - INFO - 上次打印时间: 2026-03-20 10:38:19
2026-03-20 10:38:34,996 - INFO - 上次打印价格: 4941.552680375581
2026-03-20 10:38:34,996 - INFO - 当前价格: 4951.572322897076
2026-03-20 10:38:34,997 - INFO - Content-Type: multipart/mixed; boundary="===============5043116255347595583=="
MIME-Version: 1.0
Subject: =?utf-8?b?6buE6YeR5Lu35qC85o+Q6YaSIC0gMTDliIbpkp/lrprml7bmiZPljbAs5b2T5YmN5Lu35qC8NDk1MS41NzIzMjI4OTcwNzY=?=
From: 2741023538@qq.com
To: 2741023538@qq.com

--===============5043116255347595583==
Content-Type: text/plain; charset="utf-8"
MIME-Version: 1.0
Content-Transfer-Encoding: base64

CiAgICAgICAgICAgIOm7hOmHkeS7t+agvOebkeaOp+aPkOmGkgogICAgICAgICAgICDop6blj5Hl
jp/lm6A6IDEw5YiG6ZKf5a6a5pe25omT5Y2wCiAgICAgICAgICAgIOW9k+WJjeaXtumXtDogMjAy
Ni0wMy0yMCAxMDozODozNAogICAgICAgICAgICDmlbDmja7ml7bpl7Q6IDIwMjYtMDMtMjAgMTA6
Mzg6MzQKICAgICAgICAgICAg5b2T5YmN5Lu35qC8OiA0OTUxLjU3MjMyMjg5NzA3NgogICAgICAg
ICAgICDlt7Lop6blj5Hnm67moIc6IFs0OTUwXQoKICAgICAgICAgICAg5LiK5qyh5omT5Y2w5pe2
6Ze0OiAyMDI2LTAzLTIwIDEwOjM4OjM0CiAgICAgICAgICAgIOS4iuasoeaJk+WNsOS7t+agvDog
NDk1MS41NzIzMjI4OTcwNzYgIOW9k+WJjeS7t+agvDogNDk1MS41NzIzMjI4OTcwNzYKICAgICAg
ICAgICAg

--===============5043116255347595583==--

2026-03-20 10:38:35,420 - INFO - 正在连接到 smtp.qq.com:465
2026-03-20 10:38:35,421 - INFO - 使用用户名: 2741023538@qq.com
2026-03-20 10:38:35,507 - ERROR - 监控异常: 'ascii' codec can't encode characters in position 19-21: ordinal not in range(128)
2026-03-20 10:38:50,525 - INFO - 
============================================================
2026-03-20 10:38:50,525 - INFO - 触发原因: 打印调试
2026-03-20 10:38:50,525 - INFO - 当前时间: 2026-03-20 10:38:50
2026-03-20 10:38:50,526 - INFO - 数据时间: 2026-03-20 10:38:50
2026-03-20 10:38:50,526 - INFO - 当前价格: 4956.171319182753
2026-03-20 10:38:50,526 - INFO - 上次打印时间: 2026-03-20 10:38:34
2026-03-20 10:38:50,526 - INFO - 上次打印价格: 4951.572322897076
2026-03-20 10:38:50,526 - INFO - 当前价格: 4956.171319182753
2026-03-20 10:38:50,526 - INFO - ============================================================

2026-03-20 10:38:50,526 - INFO - 
============================================================
2026-03-20 10:38:50,527 - INFO - 触发原因: 价格上涨超过整数变化
2026-03-20 10:38:50,527 - INFO - 当前时间: 2026-03-20 10:38:50
2026-03-20 10:38:50,527 - INFO - 数据时间: 2026-03-20 10:38:50
2026-03-20 10:38:50,527 - INFO - 当前价格: 4956.171319182753
2026-03-20 10:38:50,527 - INFO - 上次打印时间: 2026-03-20 10:38:34
2026-03-20 10:38:50,528 - INFO - 上次打印价格: 4951.572322897076
2026-03-20 10:38:50,528 - INFO - 当前价格: 4956.171319182753
2026-03-20 10:38:50,528 - INFO - Content-Type: multipart/mixed; boundary="===============8151676472719624490=="
MIME-Version: 1.0
Subject: =?utf-8?b?6buE6YeR5Lu35qC85o+Q6YaSIC0g5Lu35qC85LiK5rao6LaF6L+H5pW05pWw5Y+Y5YyWLOW9k+WJjeS7t+agvDQ5NTYuMTcxMzE5MTgyNzUz?=
From: 2741023538@qq.com
To: 2741023538@qq.com

--===============8151676472719624490==
Content-Type: text/plain; charset="utf-8"
MIME-Version: 1.0
Content-Transfer-Encoding: base64

CiAgICAgICAgICAgIOm7hOmHkeS7t+agvOebkeaOp+aPkOmGkgogICAgICAgICAgICDop6blj5Hl
jp/lm6A6IOS7t+agvOS4iua2qOi2hei/h+aVtOaVsOWPmOWMlgogICAgICAgICAgICDlvZPliY3m
l7bpl7Q6IDIwMjYtMDMtMjAgMTA6Mzg6NTAKICAgICAgICAgICAg5pWw5o2u5pe26Ze0OiAyMDI2
LTAzLTIwIDEwOjM4OjUwCiAgICAgICAgICAgIOW9k+WJjeS7t+agvDogNDk1Ni4xNzEzMTkxODI3
NTMKICAgICAgICAgICAg5bey6Kem5Y+R55uu5qCHOiBbNDk1MF0KCiAgICAgICAgICAgIOS4iuas
oeaJk+WNsOaXtumXtDogMjAyNi0wMy0yMCAxMDozODo1MAogICAgICAgICAgICDkuIrmrKHmiZPl
jbDku7fmoLw6IDQ5NTYuMTcxMzE5MTgyNzUzICDlvZPliY3ku7fmoLw6IDQ5NTYuMTcxMzE5MTgy
NzUzCiAgICAgICAgICAgIA==

--===============8151676472719624490==--

2026-03-20 10:39:00,482 - ERROR - 监控异常: [Errno 11001] getaddrinfo failed
2026-03-20 10:39:15,507 - INFO - 
============================================================
2026-03-20 10:39:15,508 - INFO - 触发原因: 打印调试
2026-03-20 10:39:15,508 - INFO - 当前时间: 2026-03-20 10:39:15
2026-03-20 10:39:15,508 - INFO - 数据时间: 2026-03-20 10:39:15
2026-03-20 10:39:15,508 - INFO - 当前价格: 4959.496689002918
2026-03-20 10:39:15,508 - INFO - 上次打印时间: 2026-03-20 10:38:50
2026-03-20 10:39:15,509 - INFO - 上次打印价格: 4956.171319182753
2026-03-20 10:39:15,509 - INFO - 当前价格: 4959.496689002918
2026-03-20 10:39:15,509 - INFO - ============================================================

2026-03-20 10:39:25,518 - INFO - 
============================================================
2026-03-20 10:39:25,518 - INFO - 触发原因: 打印调试
2026-03-20 10:39:25,518 - INFO - 当前时间: 2026-03-20 10:39:25
2026-03-20 10:39:25,518 - INFO - 数据时间: 2026-03-20 10:39:25
2026-03-20 10:39:25,518 - INFO - 当前价格: 4951.04943424077
2026-03-20 10:39:25,518 - INFO - 上次打印时间: 2026-03-20 10:38:50
2026-03-20 10:39:25,519 - INFO - 上次打印价格: 4956.171319182753
2026-03-20 10:39:25,519 - INFO - 当前价格: 4951.04943424077
2026-03-20 10:39:25,519 - INFO - ============================================================

2026-03-20 10:39:35,524 - INFO - 
============================================================
2026-03-20 10:39:35,525 - INFO - 触发原因: 打印调试
2026-03-20 10:39:35,525 - INFO - 当前时间: 2026-03-20 10:39:35
2026-03-20 10:39:35,525 - INFO - 数据时间: 2026-03-20 10:39:35
2026-03-20 10:39:35,525 - INFO - 当前价格: 4940.953525477371
2026-03-20 10:39:35,526 - INFO - 上次打印时间: 2026-03-20 10:38:50
2026-03-20 10:39:35,526 - INFO - 上次打印价格: 4956.171319182753
2026-03-20 10:39:35,526 - INFO - 当前价格: 4940.953525477371
2026-03-20 10:39:35,526 - INFO - ============================================================

2026-03-20 10:39:35,526 - INFO - 
============================================================
2026-03-20 10:39:35,526 - INFO - 触发原因: 价格下跌超过整数变化
2026-03-20 10:39:35,526 - INFO - 当前时间: 2026-03-20 10:39:35
2026-03-20 10:39:35,527 - INFO - 数据时间: 2026-03-20 10:39:35
2026-03-20 10:39:35,527 - INFO - 当前价格: 4940.953525477371
2026-03-20 10:39:35,527 - INFO - 上次打印时间: 2026-03-20 10:38:50
2026-03-20 10:39:35,527 - INFO - 上次打印价格: 4956.171319182753
2026-03-20 10:39:35,527 - INFO - 当前价格: 4940.953525477371
2026-03-20 10:39:35,528 - INFO - Content-Type: multipart/mixed; boundary="===============5566252733460870489=="
MIME-Version: 1.0
Subject: =?utf-8?b?6buE6YeR5Lu35qC85o+Q6YaSIC0g5Lu35qC85LiL6LeM6LaF6L+H5pW05pWw5Y+Y5YyWLOW9k+WJjeS7t+agvDQ5NDAuOTUzNTI1NDc3Mzcx?=
From: 2741023538@qq.com
To: 2741023538@qq.com

--===============5566252733460870489==
Content-Type: text/plain; charset="utf-8"
MIME-Version: 1.0
Content-Transfer-Encoding: base64

CiAgICAgICAgICAgIOm7hOmHkeS7t+agvOebkeaOp+aPkOmGkgogICAgICAgICAgICDop6blj5Hl
jp/lm6A6IOS7t+agvOS4i+i3jOi2hei/h+aVtOaVsOWPmOWMlgogICAgICAgICAgICDlvZPliY3m
l7bpl7Q6IDIwMjYtMDMtMjAgMTA6Mzk6MzUKICAgICAgICAgICAg5pWw5o2u5pe26Ze0OiAyMDI2
LTAzLTIwIDEwOjM5OjM1CiAgICAgICAgICAgIOW9k+WJjeS7t+agvDogNDk0MC45NTM1MjU0Nzcz
NzEKICAgICAgICAgICAg5bey6Kem5Y+R55uu5qCHOiBbNDk1MF0KCiAgICAgICAgICAgIOS4iuas
oeaJk+WNsOaXtumXtDogMjAyNi0wMy0yMCAxMDozOTozNQogICAgICAgICAgICDkuIrmrKHmiZPl
jbDku7fmoLw6IDQ5NDAuOTUzNTI1NDc3MzcxICDlvZPliY3ku7fmoLw6IDQ5NDAuOTUzNTI1NDc3
MzcxCiAgICAgICAgICAgIA==

--===============5566252733460870489==--

2026-03-20 10:39:35,528 - ERROR - 监控异常: [Errno 11001] getaddrinfo failed
2026-03-20 10:39:50,544 - INFO - 
============================================================
2026-03-20 10:39:50,544 - INFO - 触发原因: 打印调试
2026-03-20 10:39:50,544 - INFO - 当前时间: 2026-03-20 10:39:50
2026-03-20 10:39:50,544 - INFO - 数据时间: 2026-03-20 10:39:50
2026-03-20 10:39:50,545 - INFO - 当前价格: 4955.426732374923
2026-03-20 10:39:50,545 - INFO - 上次打印时间: 2026-03-20 10:39:35
2026-03-20 10:39:50,545 - INFO - 上次打印价格: 4940.953525477371
2026-03-20 10:39:50,545 - INFO - 当前价格: 4955.426732374923
2026-03-20 10:39:50,545 - INFO - ============================================================

2026-03-20 10:39:50,546 - INFO - 
============================================================
2026-03-20 10:39:50,546 - INFO - 触发原因: 价格上涨超过整数变化
2026-03-20 10:39:50,546 - INFO - 当前时间: 2026-03-20 10:39:50
2026-03-20 10:39:50,546 - INFO - 数据时间: 2026-03-20 10:39:50
2026-03-20 10:39:50,546 - INFO - 当前价格: 4955.426732374923
2026-03-20 10:39:50,546 - INFO - 上次打印时间: 2026-03-20 10:39:35
2026-03-20 10:39:50,547 - INFO - 上次打印价格: 4940.953525477371
2026-03-20 10:39:50,547 - INFO - 当前价格: 4955.426732374923
2026-03-20 10:39:50,548 - INFO - Content-Type: multipart/mixed; boundary="===============3689262319184669681=="
MIME-Version: 1.0
Subject: =?utf-8?b?6buE6YeR5Lu35qC85o+Q6YaSIC0g5Lu35qC85LiK5rao6LaF6L+H5pW05pWw5Y+Y5YyWLOW9k+WJjeS7t+agvDQ5NTUuNDI2NzMyMzc0OTIz?=
From: 2741023538@qq.com
To: 2741023538@qq.com

--===============3689262319184669681==
Content-Type: text/plain; charset="utf-8"
MIME-Version: 1.0
Content-Transfer-Encoding: base64

CiAgICAgICAgICAgIOm7hOmHkeS7t+agvOebkeaOp+aPkOmGkgogICAgICAgICAgICDop6blj5Hl
jp/lm6A6IOS7t+agvOS4iua2qOi2hei/h+aVtOaVsOWPmOWMlgogICAgICAgICAgICDlvZPliY3m
l7bpl7Q6IDIwMjYtMDMtMjAgMTA6Mzk6NTAKICAgICAgICAgICAg5pWw5o2u5pe26Ze0OiAyMDI2
LTAzLTIwIDEwOjM5OjUwCiAgICAgICAgICAgIOW9k+WJjeS7t+agvDogNDk1NS40MjY3MzIzNzQ5
MjMKICAgICAgICAgICAg5bey6Kem5Y+R55uu5qCHOiBbNDk1MF0KCiAgICAgICAgICAgIOS4iuas
oeaJk+WNsOaXtumXtDogMjAyNi0wMy0yMCAxMDozOTo1MAogICAgICAgICAgICDkuIrmrKHmiZPl
jbDku7fmoLw6IDQ5NTUuNDI2NzMyMzc0OTIzICDlvZPliY3ku7fmoLw6IDQ5NTUuNDI2NzMyMzc0
OTIzCiAgICAgICAgICAgIA==

--===============3689262319184669681==--

2026-03-20 10:39:50,549 - ERROR - 监控异常: [Errno 11001] getaddrinfo failed
2026-03-20 10:40:05,565 - INFO - 
============================================================
2026-03-20 10:40:05,565 - INFO - 触发原因: 打印调试
2026-03-20 10:40:05,565 - INFO - 当前时间: 2026-03-20 10:40:05
2026-03-20 10:40:05,566 - INFO - 数据时间: 2026-03-20 10:40:05
2026-03-20 10:40:05,566 - INFO - 当前价格: 4943.148630757391
2026-03-20 10:40:05,566 - INFO - 上次打印时间: 2026-03-20 10:39:50
2026-03-20 10:40:05,566 - INFO - 上次打印价格: 4955.426732374923
2026-03-20 10:40:05,566 - INFO - 当前价格: 4943.148630757391
2026-03-20 10:40:05,566 - INFO - ============================================================

2026-03-20 10:40:05,567 - INFO - 
============================================================
2026-03-20 10:40:05,567 - INFO - 触发原因: 价格下跌超过整数变化
2026-03-20 10:40:05,567 - INFO - 当前时间: 2026-03-20 10:40:05
2026-03-20 10:40:05,567 - INFO - 数据时间: 2026-03-20 10:40:05
2026-03-20 10:40:05,567 - INFO - 当前价格: 4943.148630757391
2026-03-20 10:40:05,567 - INFO - 上次打印时间: 2026-03-20 10:39:50
2026-03-20 10:40:05,567 - INFO - 上次打印价格: 4955.426732374923
2026-03-20 10:40:05,567 - INFO - 当前价格: 4943.148630757391
2026-03-20 10:40:05,569 - INFO - Content-Type: multipart/mixed; boundary="===============8818071732266144908=="
MIME-Version: 1.0
Subject: =?utf-8?b?6buE6YeR5Lu35qC85o+Q6YaSIC0g5Lu35qC85LiL6LeM6LaF6L+H5pW05pWw5Y+Y5YyWLOW9k+WJjeS7t+agvDQ5NDMuMTQ4NjMwNzU3Mzkx?=
From: 2741023538@qq.com
To: 2741023538@qq.com

--===============8818071732266144908==
Content-Type: text/plain; charset="utf-8"
MIME-Version: 1.0
Content-Transfer-Encoding: base64

CiAgICAgICAgICAgIOm7hOmHkeS7t+agvOebkeaOp+aPkOmGkgogICAgICAgICAgICDop6blj5Hl
jp/lm6A6IOS7t+agvOS4i+i3jOi2hei/h+aVtOaVsOWPmOWMlgogICAgICAgICAgICDlvZPliY3m
l7bpl7Q6IDIwMjYtMDMtMjAgMTA6NDA6MDUKICAgICAgICAgICAg5pWw5o2u5pe26Ze0OiAyMDI2
LTAzLTIwIDEwOjQwOjA1CiAgICAgICAgICAgIOW9k+WJjeS7t+agvDogNDk0My4xNDg2MzA3NTcz
OTEKICAgICAgICAgICAg5bey6Kem5Y+R55uu5qCHOiBbNDk1MF0KCiAgICAgICAgICAgIOS4iuas
oeaJk+WNsOaXtumXtDogMjAyNi0wMy0yMCAxMDo0MDowNQogICAgICAgICAgICDkuIrmrKHmiZPl
jbDku7fmoLw6IDQ5NDMuMTQ4NjMwNzU3MzkxICDlvZPliY3ku7fmoLw6IDQ5NDMuMTQ4NjMwNzU3
MzkxCiAgICAgICAgICAgIA==

--===============8818071732266144908==--

2026-03-20 10:40:05,570 - ERROR - 监控异常: [Errno 11001] getaddrinfo failed
2026-03-20 10:40:20,583 - INFO - 
============================================================
2026-03-20 10:40:20,584 - INFO - 触发原因: 打印调试
2026-03-20 10:40:20,584 - INFO - 当前时间: 2026-03-20 10:40:20
2026-03-20 10:40:20,584 - INFO - 数据时间: 2026-03-20 10:40:20
2026-03-20 10:40:20,584 - INFO - 当前价格: 4942.578104217861
2026-03-20 10:40:20,584 - INFO - 上次打印时间: 2026-03-20 10:40:05
2026-03-20 10:40:20,584 - INFO - 上次打印价格: 4943.148630757391
2026-03-20 10:40:20,584 - INFO - 当前价格: 4942.578104217861
2026-03-20 10:40:20,585 - INFO - ============================================================

2026-03-20 10:40:30,588 - INFO - 
============================================================
2026-03-20 10:40:30,588 - INFO - 触发原因: 打印调试
2026-03-20 10:40:30,588 - INFO - 当前时间: 2026-03-20 10:40:30
2026-03-20 10:40:30,589 - INFO - 数据时间: 2026-03-20 10:40:30
2026-03-20 10:40:30,589 - INFO - 当前价格: 4958.652513466133
2026-03-20 10:40:30,589 - INFO - 上次打印时间: 2026-03-20 10:40:05
2026-03-20 10:40:30,589 - INFO - 上次打印价格: 4943.148630757391
2026-03-20 10:40:30,589 - INFO - 当前价格: 4958.652513466133
2026-03-20 10:40:30,589 - INFO - ============================================================

2026-03-20 10:40:30,589 - INFO - 
============================================================
2026-03-20 10:40:30,589 - INFO - 触发原因: 价格上涨超过整数变化
2026-03-20 10:40:30,589 - INFO - 当前时间: 2026-03-20 10:40:30
2026-03-20 10:40:30,590 - INFO - 数据时间: 2026-03-20 10:40:30
2026-03-20 10:40:30,590 - INFO - 当前价格: 4958.652513466133
2026-03-20 10:40:30,590 - INFO - 上次打印时间: 2026-03-20 10:40:05
2026-03-20 10:40:30,590 - INFO - 上次打印价格: 4943.148630757391
2026-03-20 10:40:30,590 - INFO - 当前价格: 4958.652513466133
2026-03-20 10:40:30,590 - INFO - Content-Type: multipart/mixed; boundary="===============1511052727861753885=="
MIME-Version: 1.0
Subject: =?utf-8?b?6buE6YeR5Lu35qC85o+Q6YaSIC0g5Lu35qC85LiK5rao6LaF6L+H5pW05pWw5Y+Y5YyWLOW9k+WJjeS7t+agvDQ5NTguNjUyNTEzNDY2MTMz?=
From: 2741023538@qq.com
To: 2741023538@qq.com

--===============1511052727861753885==
Content-Type: text/plain; charset="utf-8"
MIME-Version: 1.0
Content-Transfer-Encoding: base64

CiAgICAgICAgICAgIOm7hOmHkeS7t+agvOebkeaOp+aPkOmGkgogICAgICAgICAgICDop6blj5Hl
jp/lm6A6IOS7t+agvOS4iua2qOi2hei/h+aVtOaVsOWPmOWMlgogICAgICAgICAgICDlvZPliY3m
l7bpl7Q6IDIwMjYtMDMtMjAgMTA6NDA6MzAKICAgICAgICAgICAg5pWw5o2u5pe26Ze0OiAyMDI2
LTAzLTIwIDEwOjQwOjMwCiAgICAgICAgICAgIOW9k+WJjeS7t+agvDogNDk1OC42NTI1MTM0NjYx
MzMKICAgICAgICAgICAg5bey6Kem5Y+R55uu5qCHOiBbNDk1MF0KCiAgICAgICAgICAgIOS4iuas
oeaJk+WNsOaXtumXtDogMjAyNi0wMy0yMCAxMDo0MDozMAogICAgICAgICAgICDkuIrmrKHmiZPl
jbDku7fmoLw6IDQ5NTguNjUyNTEzNDY2MTMzICDlvZPliY3ku7fmoLw6IDQ5NTguNjUyNTEzNDY2
MTMzCiAgICAgICAgICAgIA==

--===============1511052727861753885==--

2026-03-20 10:40:30,591 - ERROR - 监控异常: [Errno 11001] getaddrinfo failed
2026-03-20 10:40:45,603 - INFO - 
============================================================
2026-03-20 10:40:45,603 - INFO - 触发原因: 打印调试
2026-03-20 10:40:45,604 - INFO - 当前时间: 2026-03-20 10:40:45
2026-03-20 10:40:45,604 - INFO - 数据时间: 2026-03-20 10:40:45
2026-03-20 10:40:45,604 - INFO - 当前价格: 4950.87882078926
2026-03-20 10:40:45,604 - INFO - 上次打印时间: 2026-03-20 10:40:30
2026-03-20 10:40:45,604 - INFO - 上次打印价格: 4958.652513466133
2026-03-20 10:40:45,604 - INFO - 当前价格: 4950.87882078926
2026-03-20 10:40:45,604 - INFO - ============================================================

2026-03-20 10:40:55,619 - INFO - 
============================================================
2026-03-20 10:40:55,619 - INFO - 触发原因: 打印调试
2026-03-20 10:40:55,619 - INFO - 当前时间: 2026-03-20 10:40:55
2026-03-20 10:40:55,619 - INFO - 数据时间: 2026-03-20 10:40:55
2026-03-20 10:40:55,619 - INFO - 当前价格: 4956.86303587592
2026-03-20 10:40:55,620 - INFO - 上次打印时间: 2026-03-20 10:40:30
2026-03-20 10:40:55,620 - INFO - 上次打印价格: 4958.652513466133
2026-03-20 10:40:55,620 - INFO - 当前价格: 4956.86303587592
2026-03-20 10:40:55,620 - INFO - ============================================================

2026-03-20 10:41:05,629 - INFO - 
============================================================
2026-03-20 10:41:05,629 - INFO - 触发原因: 打印调试
2026-03-20 10:41:05,629 - INFO - 当前时间: 2026-03-20 10:41:05
2026-03-20 10:41:05,630 - INFO - 数据时间: 2026-03-20 10:41:05
2026-03-20 10:41:05,630 - INFO - 当前价格: 4946.114999153617
2026-03-20 10:41:05,630 - INFO - 上次打印时间: 2026-03-20 10:40:30
2026-03-20 10:41:05,630 - INFO - 上次打印价格: 4958.652513466133
2026-03-20 10:41:05,630 - INFO - 当前价格: 4946.114999153617
2026-03-20 10:41:05,630 - INFO - ============================================================

2026-03-20 10:41:05,631 - INFO - 
============================================================
2026-03-20 10:41:05,631 - INFO - 触发原因: 价格下跌超过整数变化
2026-03-20 10:41:05,631 - INFO - 当前时间: 2026-03-20 10:41:05
2026-03-20 10:41:05,631 - INFO - 数据时间: 2026-03-20 10:41:05
2026-03-20 10:41:05,631 - INFO - 当前价格: 4946.114999153617
2026-03-20 10:41:05,631 - INFO - 上次打印时间: 2026-03-20 10:40:30
2026-03-20 10:41:05,631 - INFO - 上次打印价格: 4958.652513466133
2026-03-20 10:41:05,632 - INFO - 当前价格: 4946.114999153617
2026-03-20 10:41:05,633 - INFO - Content-Type: multipart/mixed; boundary="===============5858469162526188587=="
MIME-Version: 1.0
Subject: =?utf-8?b?6buE6YeR5Lu35qC85o+Q6YaSIC0g5Lu35qC85LiL6LeM6LaF6L+H5pW05pWw5Y+Y5YyWLOW9k+WJjeS7t+agvDQ5NDYuMTE0OTk5MTUzNjE3?=
From: 2741023538@qq.com
To: 2741023538@qq.com

--===============5858469162526188587==
Content-Type: text/plain; charset="utf-8"
MIME-Version: 1.0
Content-Transfer-Encoding: base64

CiAgICAgICAgICAgIOm7hOmHkeS7t+agvOebkeaOp+aPkOmGkgogICAgICAgICAgICDop6blj5Hl
jp/lm6A6IOS7t+agvOS4i+i3jOi2hei/h+aVtOaVsOWPmOWMlgogICAgICAgICAgICDlvZPliY3m
l7bpl7Q6IDIwMjYtMDMtMjAgMTA6NDE6MDUKICAgICAgICAgICAg5pWw5o2u5pe26Ze0OiAyMDI2
LTAzLTIwIDEwOjQxOjA1CiAgICAgICAgICAgIOW9k+WJjeS7t+agvDogNDk0Ni4xMTQ5OTkxNTM2
MTcKICAgICAgICAgICAg5bey6Kem5Y+R55uu5qCHOiBbNDk1MF0KCiAgICAgICAgICAgIOS4iuas
oeaJk+WNsOaXtumXtDogMjAyNi0wMy0yMCAxMDo0MTowNQogICAgICAgICAgICDkuIrmrKHmiZPl
jbDku7fmoLw6IDQ5NDYuMTE0OTk5MTUzNjE3ICDlvZPliY3ku7fmoLw6IDQ5NDYuMTE0OTk5MTUz
NjE3CiAgICAgICAgICAgIA==

--===============5858469162526188587==--

2026-03-20 10:41:05,635 - ERROR - 监控异常: [Errno 11001] getaddrinfo failed
2026-03-20 10:41:20,648 - INFO - 
============================================================
2026-03-20 10:41:20,648 - INFO - 触发原因: 打印调试
2026-03-20 10:41:20,648 - INFO - 当前时间: 2026-03-20 10:41:20
2026-03-20 10:41:20,648 - INFO - 数据时间: 2026-03-20 10:41:20
2026-03-20 10:41:20,648 - INFO - 当前价格: 4954.955147966718
2026-03-20 10:41:20,648 - INFO - 上次打印时间: 2026-03-20 10:41:05
2026-03-20 10:41:20,649 - INFO - 上次打印价格: 4946.114999153617
2026-03-20 10:41:20,649 - INFO - 当前价格: 4954.955147966718
2026-03-20 10:41:20,649 - INFO - ============================================================

2026-03-20 10:41:30,650 - INFO - 
============================================================
2026-03-20 10:41:30,650 - INFO - 触发原因: 打印调试
2026-03-20 10:41:30,650 - INFO - 当前时间: 2026-03-20 10:41:30
2026-03-20 10:41:30,650 - INFO - 数据时间: 2026-03-20 10:41:30
2026-03-20 10:41:30,650 - INFO - 当前价格: 4944.039864395401
2026-03-20 10:41:30,651 - INFO - 上次打印时间: 2026-03-20 10:41:05
2026-03-20 10:41:30,651 - INFO - 上次打印价格: 4946.114999153617
2026-03-20 10:41:30,651 - INFO - 当前价格: 4944.039864395401
2026-03-20 10:41:30,651 - INFO - ============================================================

2026-03-20 10:41:40,660 - INFO - 
============================================================
2026-03-20 10:41:40,660 - INFO - 触发原因: 打印调试
2026-03-20 10:41:40,661 - INFO - 当前时间: 2026-03-20 10:41:40
2026-03-20 10:41:40,661 - INFO - 数据时间: 2026-03-20 10:41:40
2026-03-20 10:41:40,661 - INFO - 当前价格: 4945.857343879945
2026-03-20 10:41:40,661 - INFO - 上次打印时间: 2026-03-20 10:41:05
2026-03-20 10:41:40,661 - INFO - 上次打印价格: 4946.114999153617
2026-03-20 10:41:40,661 - INFO - 当前价格: 4945.857343879945
2026-03-20 10:41:40,662 - INFO - ============================================================

2026-03-20 10:41:50,674 - INFO - 
============================================================
2026-03-20 10:41:50,675 - INFO - 触发原因: 打印调试
2026-03-20 10:41:50,675 - INFO - 当前时间: 2026-03-20 10:41:50
2026-03-20 10:41:50,675 - INFO - 数据时间: 2026-03-20 10:41:50
2026-03-20 10:41:50,675 - INFO - 当前价格: 4958.609845811723
2026-03-20 10:41:50,675 - INFO - 上次打印时间: 2026-03-20 10:41:05
2026-03-20 10:41:50,676 - INFO - 上次打印价格: 4946.114999153617
2026-03-20 10:41:50,676 - INFO - 当前价格: 4958.609845811723
2026-03-20 10:41:50,676 - INFO - ============================================================

2026-03-20 10:41:50,676 - INFO - 
============================================================
2026-03-20 10:41:50,676 - INFO - 触发原因: 价格上涨超过整数变化
2026-03-20 10:41:50,676 - INFO - 当前时间: 2026-03-20 10:41:50
2026-03-20 10:41:50,676 - INFO - 数据时间: 2026-03-20 10:41:50
2026-03-20 10:41:50,677 - INFO - 当前价格: 4958.609845811723
2026-03-20 10:41:50,677 - INFO - 上次打印时间: 2026-03-20 10:41:05
2026-03-20 10:41:50,677 - INFO - 上次打印价格: 4946.114999153617
2026-03-20 10:41:50,677 - INFO - 当前价格: 4958.609845811723
2026-03-20 10:41:50,678 - INFO - Content-Type: multipart/mixed; boundary="===============0446569374445699677=="
MIME-Version: 1.0
Subject: =?utf-8?b?6buE6YeR5Lu35qC85o+Q6YaSIC0g5Lu35qC85LiK5rao6LaF6L+H5pW05pWw5Y+Y5YyWLOW9k+WJjeS7t+agvDQ5NTguNjA5ODQ1ODExNzIz?=
From: 2741023538@qq.com
To: 2741023538@qq.com

--===============0446569374445699677==
Content-Type: text/plain; charset="utf-8"
MIME-Version: 1.0
Content-Transfer-Encoding: base64

CiAgICAgICAgICAgIOm7hOmHkeS7t+agvOebkeaOp+aPkOmGkgogICAgICAgICAgICDop6blj5Hl
jp/lm6A6IOS7t+agvOS4iua2qOi2hei/h+aVtOaVsOWPmOWMlgogICAgICAgICAgICDlvZPliY3m
l7bpl7Q6IDIwMjYtMDMtMjAgMTA6NDE6NTAKICAgICAgICAgICAg5pWw5o2u5pe26Ze0OiAyMDI2
LTAzLTIwIDEwOjQxOjUwCiAgICAgICAgICAgIOW9k+WJjeS7t+agvDogNDk1OC42MDk4NDU4MTE3
MjMKICAgICAgICAgICAg5bey6Kem5Y+R55uu5qCHOiBbNDk1MF0KCiAgICAgICAgICAgIOS4iuas
oeaJk+WNsOaXtumXtDogMjAyNi0wMy0yMCAxMDo0MTo1MAogICAgICAgICAgICDkuIrmrKHmiZPl
jbDku7fmoLw6IDQ5NTguNjA5ODQ1ODExNzIzICDlvZPliY3ku7fmoLw6IDQ5NTguNjA5ODQ1ODEx
NzIzCiAgICAgICAgICAgIA==

--===============0446569374445699677==--

2026-03-20 10:41:50,679 - ERROR - 监控异常: [Errno 11001] getaddrinfo failed
2026-03-20 10:42:05,691 - INFO - 
============================================================
2026-03-20 10:42:05,691 - INFO - 触发原因: 打印调试
2026-03-20 10:42:05,691 - INFO - 当前时间: 2026-03-20 10:42:05
2026-03-20 10:42:05,692 - INFO - 数据时间: 2026-03-20 10:42:05
2026-03-20 10:42:05,692 - INFO - 当前价格: 4952.322970152809
2026-03-20 10:42:05,692 - INFO - 上次打印时间: 2026-03-20 10:41:50
2026-03-20 10:42:05,692 - INFO - 上次打印价格: 4958.609845811723
2026-03-20 10:42:05,692 - INFO - 当前价格: 4952.322970152809
2026-03-20 10:42:05,692 - INFO - ============================================================

2026-03-20 10:42:15,701 - INFO - 
============================================================
2026-03-20 10:42:15,701 - INFO - 触发原因: 打印调试
2026-03-20 10:42:15,702 - INFO - 当前时间: 2026-03-20 10:42:15
2026-03-20 10:42:15,702 - INFO - 数据时间: 2026-03-20 10:42:15
2026-03-20 10:42:15,702 - INFO - 当前价格: 4954.729146644546
2026-03-20 10:42:15,702 - INFO - 上次打印时间: 2026-03-20 10:41:50
2026-03-20 10:42:15,702 - INFO - 上次打印价格: 4958.609845811723
2026-03-20 10:42:15,702 - INFO - 当前价格: 4954.729146644546
2026-03-20 10:42:15,702 - INFO - ============================================================

2026-03-20 10:42:25,707 - INFO - 
============================================================
2026-03-20 10:42:25,707 - INFO - 触发原因: 打印调试
2026-03-20 10:42:25,707 - INFO - 当前时间: 2026-03-20 10:42:25
2026-03-20 10:42:25,707 - INFO - 数据时间: 2026-03-20 10:42:25
2026-03-20 10:42:25,708 - INFO - 当前价格: 4959.607775979192
2026-03-20 10:42:25,708 - INFO - 上次打印时间: 2026-03-20 10:41:50
2026-03-20 10:42:25,708 - INFO - 上次打印价格: 4958.609845811723
2026-03-20 10:42:25,708 - INFO - 当前价格: 4959.607775979192
2026-03-20 10:42:25,708 - INFO - ============================================================

2026-03-20 10:42:35,715 - INFO - 
============================================================
2026-03-20 10:42:35,715 - INFO - 触发原因: 打印调试
2026-03-20 10:42:35,715 - INFO - 当前时间: 2026-03-20 10:42:35
2026-03-20 10:42:35,715 - INFO - 数据时间: 2026-03-20 10:42:35
2026-03-20 10:42:35,715 - INFO - 当前价格: 4940.69942068642
2026-03-20 10:42:35,716 - INFO - 上次打印时间: 2026-03-20 10:41:50
2026-03-20 10:42:35,716 - INFO - 上次打印价格: 4958.609845811723
2026-03-20 10:42:35,716 - INFO - 当前价格: 4940.69942068642
2026-03-20 10:42:35,716 - INFO - ============================================================

2026-03-20 10:42:35,716 - INFO - 
============================================================
2026-03-20 10:42:35,716 - INFO - 触发原因: 价格下跌超过整数变化
2026-03-20 10:42:35,717 - INFO - 当前时间: 2026-03-20 10:42:35
2026-03-20 10:42:35,717 - INFO - 数据时间: 2026-03-20 10:42:35
2026-03-20 10:42:35,717 - INFO - 当前价格: 4940.69942068642
2026-03-20 10:42:35,717 - INFO - 上次打印时间: 2026-03-20 10:41:50
2026-03-20 10:42:35,717 - INFO - 上次打印价格: 4958.609845811723
2026-03-20 10:42:35,717 - INFO - 当前价格: 4940.69942068642
2026-03-20 10:42:35,718 - INFO - Content-Type: multipart/mixed; boundary="===============3108381114893816905=="
MIME-Version: 1.0
Subject: =?utf-8?b?6buE6YeR5Lu35qC85o+Q6YaSIC0g5Lu35qC85LiL6LeM6LaF6L+H5pW05pWw5Y+Y5YyWLOW9k+WJjeS7t+agvDQ5NDAuNjk5NDIwNjg2NDI=?=
From: 2741023538@qq.com
To: 2741023538@qq.com

--===============3108381114893816905==
Content-Type: text/plain; charset="utf-8"
MIME-Version: 1.0
Content-Transfer-Encoding: base64

CiAgICAgICAgICAgIOm7hOmHkeS7t+agvOebkeaOp+aPkOmGkgogICAgICAgICAgICDop6blj5Hl
jp/lm6A6IOS7t+agvOS4i+i3jOi2hei/h+aVtOaVsOWPmOWMlgogICAgICAgICAgICDlvZPliY3m
l7bpl7Q6IDIwMjYtMDMtMjAgMTA6NDI6MzUKICAgICAgICAgICAg5pWw5o2u5pe26Ze0OiAyMDI2
LTAzLTIwIDEwOjQyOjM1CiAgICAgICAgICAgIOW9k+WJjeS7t+agvDogNDk0MC42OTk0MjA2ODY0
MgogICAgICAgICAgICDlt7Lop6blj5Hnm67moIc6IFs0OTUwXQoKICAgICAgICAgICAg5LiK5qyh
5omT5Y2w5pe26Ze0OiAyMDI2LTAzLTIwIDEwOjQyOjM1CiAgICAgICAgICAgIOS4iuasoeaJk+WN
sOS7t+agvDogNDk0MC42OTk0MjA2ODY0MiAg5b2T5YmN5Lu35qC8OiA0OTQwLjY5OTQyMDY4NjQy
CiAgICAgICAgICAgIA==

--===============3108381114893816905==--

2026-03-20 10:42:35,719 - ERROR - 监控异常: [Errno 11001] getaddrinfo failed
2026-03-20 10:42:50,734 - INFO - 
============================================================
2026-03-20 10:42:50,734 - INFO - 触发原因: 打印调试
2026-03-20 10:42:50,734 - INFO - 当前时间: 2026-03-20 10:42:50
2026-03-20 10:42:50,734 - INFO - 数据时间: 2026-03-20 10:42:50
2026-03-20 10:42:50,734 - INFO - 当前价格: 4954.65025311739
2026-03-20 10:42:50,734 - INFO - 上次打印时间: 2026-03-20 10:42:35
2026-03-20 10:42:50,735 - INFO - 上次打印价格: 4940.69942068642
2026-03-20 10:42:50,735 - INFO - 当前价格: 4954.65025311739
2026-03-20 10:42:50,735 - INFO - ============================================================

2026-03-20 10:42:50,735 - INFO - 
============================================================
2026-03-20 10:42:50,735 - INFO - 触发原因: 价格上涨超过整数变化
2026-03-20 10:42:50,735 - INFO - 当前时间: 2026-03-20 10:42:50
2026-03-20 10:42:50,736 - INFO - 数据时间: 2026-03-20 10:42:50
2026-03-20 10:42:50,736 - INFO - 当前价格: 4954.65025311739
2026-03-20 10:42:50,736 - INFO - 上次打印时间: 2026-03-20 10:42:35
2026-03-20 10:42:50,736 - INFO - 上次打印价格: 4940.69942068642
2026-03-20 10:42:50,736 - INFO - 当前价格: 4954.65025311739
2026-03-20 10:42:50,737 - INFO - Content-Type: multipart/mixed; boundary="===============1387566008853802527=="
MIME-Version: 1.0
Subject: =?utf-8?b?6buE6YeR5Lu35qC85o+Q6YaSIC0g5Lu35qC85LiK5rao6LaF6L+H5pW05pWw5Y+Y5YyWLOW9k+WJjeS7t+agvDQ5NTQuNjUwMjUzMTE3Mzk=?=
From: 2741023538@qq.com
To: 2741023538@qq.com

--===============1387566008853802527==
Content-Type: text/plain; charset="utf-8"
MIME-Version: 1.0
Content-Transfer-Encoding: base64

CiAgICAgICAgICAgIOm7hOmHkeS7t+agvOebkeaOp+aPkOmGkgogICAgICAgICAgICDop6blj5Hl
jp/lm6A6IOS7t+agvOS4iua2qOi2hei/h+aVtOaVsOWPmOWMlgogICAgICAgICAgICDlvZPliY3m
l7bpl7Q6IDIwMjYtMDMtMjAgMTA6NDI6NTAKICAgICAgICAgICAg5pWw5o2u5pe26Ze0OiAyMDI2
LTAzLTIwIDEwOjQyOjUwCiAgICAgICAgICAgIOW9k+WJjeS7t+agvDogNDk1NC42NTAyNTMxMTcz
OQogICAgICAgICAgICDlt7Lop6blj5Hnm67moIc6IFs0OTUwXQoKICAgICAgICAgICAg5LiK5qyh
5omT5Y2w5pe26Ze0OiAyMDI2LTAzLTIwIDEwOjQyOjUwCiAgICAgICAgICAgIOS4iuasoeaJk+WN
sOS7t+agvDogNDk1NC42NTAyNTMxMTczOSAg5b2T5YmN5Lu35qC8OiA0OTU0LjY1MDI1MzExNzM5
CiAgICAgICAgICAgIA==

--===============1387566008853802527==--

2026-03-20 10:42:50,737 - ERROR - 监控异常: [Errno 11001] getaddrinfo failed
2026-03-20 10:43:05,751 - INFO - 
============================================================
2026-03-20 10:43:05,751 - INFO - 触发原因: 打印调试
2026-03-20 10:43:05,751 - INFO - 当前时间: 2026-03-20 10:43:05
2026-03-20 10:43:05,751 - INFO - 数据时间: 2026-03-20 10:43:05
2026-03-20 10:43:05,751 - INFO - 当前价格: 4950.611671084685
2026-03-20 10:43:05,752 - INFO - 上次打印时间: 2026-03-20 10:42:50
2026-03-20 10:43:05,752 - INFO - 上次打印价格: 4954.65025311739
2026-03-20 10:43:05,752 - INFO - 当前价格: 4950.611671084685
2026-03-20 10:43:05,752 - INFO - ============================================================

2026-03-20 10:43:15,758 - INFO - 
============================================================
2026-03-20 10:43:15,758 - INFO - 触发原因: 打印调试
2026-03-20 10:43:15,758 - INFO - 当前时间: 2026-03-20 10:43:15
2026-03-20 10:43:15,759 - INFO - 数据时间: 2026-03-20 10:43:15
2026-03-20 10:43:15,759 - INFO - 当前价格: 4950.938962514386
2026-03-20 10:43:15,759 - INFO - 上次打印时间: 2026-03-20 10:42:50
2026-03-20 10:43:15,759 - INFO - 上次打印价格: 4954.65025311739
2026-03-20 10:43:15,759 - INFO - 当前价格: 4950.938962514386
2026-03-20 10:43:15,759 - INFO - ============================================================

2026-03-20 10:43:25,766 - INFO - 
============================================================
2026-03-20 10:43:25,766 - INFO - 触发原因: 打印调试
2026-03-20 10:43:25,766 - INFO - 当前时间: 2026-03-20 10:43:25
2026-03-20 10:43:25,766 - INFO - 数据时间: 2026-03-20 10:43:25
2026-03-20 10:43:25,767 - INFO - 当前价格: 4958.288047661922
2026-03-20 10:43:25,767 - INFO - 上次打印时间: 2026-03-20 10:42:50
2026-03-20 10:43:25,767 - INFO - 上次打印价格: 4954.65025311739
2026-03-20 10:43:25,767 - INFO - 当前价格: 4958.288047661922
2026-03-20 10:43:25,767 - INFO - ============================================================

2026-03-20 10:43:35,775 - INFO - 
============================================================
2026-03-20 10:43:35,776 - INFO - 触发原因: 打印调试
2026-03-20 10:43:35,776 - INFO - 当前时间: 2026-03-20 10:43:35
2026-03-20 10:43:35,776 - INFO - 数据时间: 2026-03-20 10:43:35
2026-03-20 10:43:35,776 - INFO - 当前价格: 4943.648315917342
2026-03-20 10:43:35,776 - INFO - 上次打印时间: 2026-03-20 10:42:50
2026-03-20 10:43:35,777 - INFO - 上次打印价格: 4954.65025311739
2026-03-20 10:43:35,777 - INFO - 当前价格: 4943.648315917342
2026-03-20 10:43:35,777 - INFO - ============================================================

2026-03-20 10:43:35,777 - INFO - 
============================================================
2026-03-20 10:43:35,777 - INFO - 触发原因: 价格下跌超过整数变化
2026-03-20 10:43:35,777 - INFO - 当前时间: 2026-03-20 10:43:35
2026-03-20 10:43:35,777 - INFO - 数据时间: 2026-03-20 10:43:35
2026-03-20 10:43:35,777 - INFO - 当前价格: 4943.648315917342
2026-03-20 10:43:35,777 - INFO - 上次打印时间: 2026-03-20 10:42:50
2026-03-20 10:43:35,778 - INFO - 上次打印价格: 4954.65025311739
2026-03-20 10:43:35,778 - INFO - 当前价格: 4943.648315917342
2026-03-20 10:43:35,778 - INFO - Content-Type: multipart/mixed; boundary="===============3519514910173870308=="
MIME-Version: 1.0
Subject: =?utf-8?b?6buE6YeR5Lu35qC85o+Q6YaSIC0g5Lu35qC85LiL6LeM6LaF6L+H5pW05pWw5Y+Y5YyWLOW9k+WJjeS7t+agvDQ5NDMuNjQ4MzE1OTE3MzQy?=
From: 2741023538@qq.com
To: 2741023538@qq.com

--===============3519514910173870308==
Content-Type: text/plain; charset="utf-8"
MIME-Version: 1.0
Content-Transfer-Encoding: base64

CiAgICAgICAgICAgIOm7hOmHkeS7t+agvOebkeaOp+aPkOmGkgogICAgICAgICAgICDop6blj5Hl
jp/lm6A6IOS7t+agvOS4i+i3jOi2hei/h+aVtOaVsOWPmOWMlgogICAgICAgICAgICDlvZPliY3m
l7bpl7Q6IDIwMjYtMDMtMjAgMTA6NDM6MzUKICAgICAgICAgICAg5pWw5o2u5pe26Ze0OiAyMDI2
LTAzLTIwIDEwOjQzOjM1CiAgICAgICAgICAgIOW9k+WJjeS7t+agvDogNDk0My42NDgzMTU5MTcz
NDIKICAgICAgICAgICAg5bey6Kem5Y+R55uu5qCHOiBbNDk1MF0KCiAgICAgICAgICAgIOS4iuas
oeaJk+WNsOaXtumXtDogMjAyNi0wMy0yMCAxMDo0MzozNQogICAgICAgICAgICDkuIrmrKHmiZPl
jbDku7fmoLw6IDQ5NDMuNjQ4MzE1OTE3MzQyICDlvZPliY3ku7fmoLw6IDQ5NDMuNjQ4MzE1OTE3
MzQyCiAgICAgICAgICAgIA==

--===============3519514910173870308==--

2026-03-20 10:43:35,779 - ERROR - 监控异常: [Errno 11001] getaddrinfo failed
2026-03-20 10:43:50,793 - INFO - 
============================================================
2026-03-20 10:43:50,793 - INFO - 触发原因: 打印调试
2026-03-20 10:43:50,793 - INFO - 当前时间: 2026-03-20 10:43:50
2026-03-20 10:43:50,794 - INFO - 数据时间: 2026-03-20 10:43:50
2026-03-20 10:43:50,794 - INFO - 当前价格: 4947.385931401774
2026-03-20 10:43:50,794 - INFO - 上次打印时间: 2026-03-20 10:43:35
2026-03-20 10:43:50,795 - INFO - 上次打印价格: 4943.648315917342
2026-03-20 10:43:50,795 - INFO - 当前价格: 4947.385931401774
2026-03-20 10:43:50,795 - INFO - ============================================================

2026-03-20 10:44:00,801 - INFO - 
============================================================
2026-03-20 10:44:00,801 - INFO - 触发原因: 打印调试
2026-03-20 10:44:00,802 - INFO - 当前时间: 2026-03-20 10:44:00
2026-03-20 10:44:00,802 - INFO - 数据时间: 2026-03-20 10:44:00
2026-03-20 10:44:00,802 - INFO - 当前价格: 4954.086866709114
2026-03-20 10:44:00,803 - INFO - 上次打印时间: 2026-03-20 10:43:35
2026-03-20 10:44:00,803 - INFO - 上次打印价格: 4943.648315917342
2026-03-20 10:44:00,803 - INFO - 当前价格: 4954.086866709114
2026-03-20 10:44:00,803 - INFO - ============================================================

2026-03-20 10:44:00,803 - INFO - 
============================================================
2026-03-20 10:44:00,803 - INFO - 触发原因: 价格上涨超过整数变化
2026-03-20 10:44:00,804 - INFO - 当前时间: 2026-03-20 10:44:00
2026-03-20 10:44:00,804 - INFO - 数据时间: 2026-03-20 10:44:00
2026-03-20 10:44:00,804 - INFO - 当前价格: 4954.086866709114
2026-03-20 10:44:00,804 - INFO - 上次打印时间: 2026-03-20 10:43:35
2026-03-20 10:44:00,804 - INFO - 上次打印价格: 4943.648315917342
2026-03-20 10:44:00,804 - INFO - 当前价格: 4954.086866709114
2026-03-20 10:44:00,804 - INFO - Content-Type: multipart/mixed; boundary="===============9095318470386620379=="
MIME-Version: 1.0
Subject: =?utf-8?b?6buE6YeR5Lu35qC85o+Q6YaSIC0g5Lu35qC85LiK5rao6LaF6L+H5pW05pWw5Y+Y5YyWLOW9k+WJjeS7t+agvDQ5NTQuMDg2ODY2NzA5MTE0?=
From: 2741023538@qq.com
To: 2741023538@qq.com

--===============9095318470386620379==
Content-Type: text/plain; charset="utf-8"
MIME-Version: 1.0
Content-Transfer-Encoding: base64

CiAgICAgICAgICAgIOm7hOmHkeS7t+agvOebkeaOp+aPkOmGkgogICAgICAgICAgICDop6blj5Hl
jp/lm6A6IOS7t+agvOS4iua2qOi2hei/h+aVtOaVsOWPmOWMlgogICAgICAgICAgICDlvZPliY3m
l7bpl7Q6IDIwMjYtMDMtMjAgMTA6NDQ6MDAKICAgICAgICAgICAg5pWw5o2u5pe26Ze0OiAyMDI2
LTAzLTIwIDEwOjQ0OjAwCiAgICAgICAgICAgIOW9k+WJjeS7t+agvDogNDk1NC4wODY4NjY3MDkx
MTQKICAgICAgICAgICAg5bey6Kem5Y+R55uu5qCHOiBbNDk1MF0KCiAgICAgICAgICAgIOS4iuas
oeaJk+WNsOaXtumXtDogMjAyNi0wMy0yMCAxMDo0NDowMAogICAgICAgICAgICDkuIrmrKHmiZPl
jbDku7fmoLw6IDQ5NTQuMDg2ODY2NzA5MTE0ICDlvZPliY3ku7fmoLw6IDQ5NTQuMDg2ODY2NzA5
MTE0CiAgICAgICAgICAgIA==

--===============9095318470386620379==--

2026-03-20 10:44:00,805 - ERROR - 监控异常: [Errno 11001] getaddrinfo failed
2026-03-20 10:44:15,823 - INFO - 
============================================================
2026-03-20 10:44:15,824 - INFO - 触发原因: 打印调试
2026-03-20 10:44:15,824 - INFO - 当前时间: 2026-03-20 10:44:15
2026-03-20 10:44:15,824 - INFO - 数据时间: 2026-03-20 10:44:15
2026-03-20 10:44:15,824 - INFO - 当前价格: 4940.24093536551
2026-03-20 10:44:15,824 - INFO - 上次打印时间: 2026-03-20 10:44:00
2026-03-20 10:44:15,824 - INFO - 上次打印价格: 4954.086866709114
2026-03-20 10:44:15,824 - INFO - 当前价格: 4940.24093536551
2026-03-20 10:44:15,824 - INFO - ============================================================

2026-03-20 10:44:15,825 - INFO - 
============================================================
2026-03-20 10:44:15,825 - INFO - 触发原因: 价格下跌超过整数变化
2026-03-20 10:44:15,825 - INFO - 当前时间: 2026-03-20 10:44:15
2026-03-20 10:44:15,825 - INFO - 数据时间: 2026-03-20 10:44:15
2026-03-20 10:44:15,825 - INFO - 当前价格: 4940.24093536551
2026-03-20 10:44:15,825 - INFO - 上次打印时间: 2026-03-20 10:44:00
2026-03-20 10:44:15,825 - INFO - 上次打印价格: 4954.086866709114
2026-03-20 10:44:15,825 - INFO - 当前价格: 4940.24093536551
2026-03-20 10:44:15,826 - INFO - Content-Type: multipart/mixed; boundary="===============5525400779964575263=="
MIME-Version: 1.0
Subject: =?utf-8?b?6buE6YeR5Lu35qC85o+Q6YaSIC0g5Lu35qC85LiL6LeM6LaF6L+H5pW05pWw5Y+Y5YyWLOW9k+WJjeS7t+agvDQ5NDAuMjQwOTM1MzY1NTE=?=
From: 2741023538@qq.com
To: 2741023538@qq.com

--===============5525400779964575263==
Content-Type: text/plain; charset="utf-8"
MIME-Version: 1.0
Content-Transfer-Encoding: base64

CiAgICAgICAgICAgIOm7hOmHkeS7t+agvOebkeaOp+aPkOmGkgogICAgICAgICAgICDop6blj5Hl
jp/lm6A6IOS7t+agvOS4i+i3jOi2hei/h+aVtOaVsOWPmOWMlgogICAgICAgICAgICDlvZPliY3m
l7bpl7Q6IDIwMjYtMDMtMjAgMTA6NDQ6MTUKICAgICAgICAgICAg5pWw5o2u5pe26Ze0OiAyMDI2
LTAzLTIwIDEwOjQ0OjE1CiAgICAgICAgICAgIOW9k+WJjeS7t+agvDogNDk0MC4yNDA5MzUzNjU1
MQogICAgICAgICAgICDlt7Lop6blj5Hnm67moIc6IFs0OTUwXQoKICAgICAgICAgICAg5LiK5qyh
5omT5Y2w5pe26Ze0OiAyMDI2LTAzLTIwIDEwOjQ0OjE1CiAgICAgICAgICAgIOS4iuasoeaJk+WN
sOS7t+agvDogNDk0MC4yNDA5MzUzNjU1MSAg5b2T5YmN5Lu35qC8OiA0OTQwLjI0MDkzNTM2NTUx
CiAgICAgICAgICAgIA==

--===============5525400779964575263==--

2026-03-20 10:44:15,826 - ERROR - 监控异常: [Errno 11001] getaddrinfo failed
2026-03-20 10:44:30,838 - INFO - 
============================================================
2026-03-20 10:44:30,839 - INFO - 触发原因: 打印调试
2026-03-20 10:44:30,839 - INFO - 当前时间: 2026-03-20 10:44:30
2026-03-20 10:44:30,839 - INFO - 数据时间: 2026-03-20 10:44:30
2026-03-20 10:44:30,839 - INFO - 当前价格: 4953.203076962238
2026-03-20 10:44:30,839 - INFO - 上次打印时间: 2026-03-20 10:44:15
2026-03-20 10:44:30,839 - INFO - 上次打印价格: 4940.24093536551
2026-03-20 10:44:30,840 - INFO - 当前价格: 4953.203076962238
2026-03-20 10:44:30,840 - INFO - ============================================================

2026-03-20 10:44:30,840 - INFO - 
============================================================
2026-03-20 10:44:30,840 - INFO - 触发原因: 价格上涨超过整数变化
2026-03-20 10:44:30,840 - INFO - 当前时间: 2026-03-20 10:44:30
2026-03-20 10:44:30,840 - INFO - 数据时间: 2026-03-20 10:44:30
2026-03-20 10:44:30,840 - INFO - 当前价格: 4953.203076962238
2026-03-20 10:44:30,840 - INFO - 上次打印时间: 2026-03-20 10:44:15
2026-03-20 10:44:30,840 - INFO - 上次打印价格: 4940.24093536551
2026-03-20 10:44:30,840 - INFO - 当前价格: 4953.203076962238
2026-03-20 10:44:30,841 - INFO - Content-Type: multipart/mixed; boundary="===============8116107144947097860=="
MIME-Version: 1.0
Subject: =?utf-8?b?6buE6YeR5Lu35qC85o+Q6YaSIC0g5Lu35qC85LiK5rao6LaF6L+H5pW05pWw5Y+Y5YyWLOW9k+WJjeS7t+agvDQ5NTMuMjAzMDc2OTYyMjM4?=
From: 2741023538@qq.com
To: 2741023538@qq.com

--===============8116107144947097860==
Content-Type: text/plain; charset="utf-8"
MIME-Version: 1.0
Content-Transfer-Encoding: base64

CiAgICAgICAgICAgIOm7hOmHkeS7t+agvOebkeaOp+aPkOmGkgogICAgICAgICAgICDop6blj5Hl
jp/lm6A6IOS7t+agvOS4iua2qOi2hei/h+aVtOaVsOWPmOWMlgogICAgICAgICAgICDlvZPliY3m
l7bpl7Q6IDIwMjYtMDMtMjAgMTA6NDQ6MzAKICAgICAgICAgICAg5pWw5o2u5pe26Ze0OiAyMDI2
LTAzLTIwIDEwOjQ0OjMwCiAgICAgICAgICAgIOW9k+WJjeS7t+agvDogNDk1My4yMDMwNzY5NjIy
MzgKICAgICAgICAgICAg5bey6Kem5Y+R55uu5qCHOiBbNDk1MF0KCiAgICAgICAgICAgIOS4iuas
oeaJk+WNsOaXtumXtDogMjAyNi0wMy0yMCAxMDo0NDozMAogICAgICAgICAgICDkuIrmrKHmiZPl
jbDku7fmoLw6IDQ5NTMuMjAzMDc2OTYyMjM4ICDlvZPliY3ku7fmoLw6IDQ5NTMuMjAzMDc2OTYy
MjM4CiAgICAgICAgICAgIA==

--===============8116107144947097860==--

2026-03-20 10:44:30,842 - ERROR - 监控异常: [Errno 11001] getaddrinfo failed
2026-03-20 10:44:45,860 - INFO - 
============================================================
2026-03-20 10:44:45,860 - INFO - 触发原因: 打印调试
2026-03-20 10:44:45,860 - INFO - 当前时间: 2026-03-20 10:44:45
2026-03-20 10:44:45,860 - INFO - 数据时间: 2026-03-20 10:44:45
2026-03-20 10:44:45,860 - INFO - 当前价格: 4941.234451026826
2026-03-20 10:44:45,860 - INFO - 上次打印时间: 2026-03-20 10:44:30
2026-03-20 10:44:45,861 - INFO - 上次打印价格: 4953.203076962238
2026-03-20 10:44:45,861 - INFO - 当前价格: 4941.234451026826
2026-03-20 10:44:45,861 - INFO - ============================================================

2026-03-20 10:44:45,861 - INFO - 
============================================================
2026-03-20 10:44:45,861 - INFO - 触发原因: 价格下跌超过整数变化
2026-03-20 10:44:45,861 - INFO - 当前时间: 2026-03-20 10:44:45
2026-03-20 10:44:45,862 - INFO - 数据时间: 2026-03-20 10:44:45
2026-03-20 10:44:45,862 - INFO - 当前价格: 4941.234451026826
2026-03-20 10:44:45,862 - INFO - 上次打印时间: 2026-03-20 10:44:30
2026-03-20 10:44:45,862 - INFO - 上次打印价格: 4953.203076962238
2026-03-20 10:44:45,862 - INFO - 当前价格: 4941.234451026826
2026-03-20 10:44:45,863 - INFO - Content-Type: multipart/mixed; boundary="===============1860952965231850303=="
MIME-Version: 1.0
Subject: =?utf-8?b?6buE6YeR5Lu35qC85o+Q6YaSIC0g5Lu35qC85LiL6LeM6LaF6L+H5pW05pWw5Y+Y5YyWLOW9k+WJjeS7t+agvDQ5NDEuMjM0NDUxMDI2ODI2?=
From: 2741023538@qq.com
To: 2741023538@qq.com

--===============1860952965231850303==
Content-Type: text/plain; charset="utf-8"
MIME-Version: 1.0
Content-Transfer-Encoding: base64

CiAgICAgICAgICAgIOm7hOmHkeS7t+agvOebkeaOp+aPkOmGkgogICAgICAgICAgICDop6blj5Hl
jp/lm6A6IOS7t+agvOS4i+i3jOi2hei/h+aVtOaVsOWPmOWMlgogICAgICAgICAgICDlvZPliY3m
l7bpl7Q6IDIwMjYtMDMtMjAgMTA6NDQ6NDUKICAgICAgICAgICAg5pWw5o2u5pe26Ze0OiAyMDI2
LTAzLTIwIDEwOjQ0OjQ1CiAgICAgICAgICAgIOW9k+WJjeS7t+agvDogNDk0MS4yMzQ0NTEwMjY4
MjYKICAgICAgICAgICAg5bey6Kem5Y+R55uu5qCHOiBbNDk1MF0KCiAgICAgICAgICAgIOS4iuas
oeaJk+WNsOaXtumXtDogMjAyNi0wMy0yMCAxMDo0NDo0NQogICAgICAgICAgICDkuIrmrKHmiZPl
jbDku7fmoLw6IDQ5NDEuMjM0NDUxMDI2ODI2ICDlvZPliY3ku7fmoLw6IDQ5NDEuMjM0NDUxMDI2
ODI2CiAgICAgICAgICAgIA==

--===============1860952965231850303==--

2026-03-20 10:44:45,863 - ERROR - 监控异常: [Errno 11001] getaddrinfo failed
2026-03-20 10:45:00,883 - INFO - 
============================================================
2026-03-20 10:45:00,883 - INFO - 触发原因: 打印调试
2026-03-20 10:45:00,884 - INFO - 当前时间: 2026-03-20 10:45:00
2026-03-20 10:45:00,884 - INFO - 数据时间: 2026-03-20 10:45:00
2026-03-20 10:45:00,884 - INFO - 当前价格: 4950.05998091756
2026-03-20 10:45:00,884 - INFO - 上次打印时间: 2026-03-20 10:44:45
2026-03-20 10:45:00,884 - INFO - 上次打印价格: 4941.234451026826
2026-03-20 10:45:00,884 - INFO - 当前价格: 4950.05998091756
2026-03-20 10:45:00,885 - INFO - ============================================================

2026-03-20 10:45:10,897 - INFO - 
============================================================
2026-03-20 10:45:10,898 - INFO - 触发原因: 打印调试
2026-03-20 10:45:10,898 - INFO - 当前时间: 2026-03-20 10:45:10
2026-03-20 10:45:10,898 - INFO - 数据时间: 2026-03-20 10:45:10
2026-03-20 10:45:10,898 - INFO - 当前价格: 4942.93345575926
2026-03-20 10:45:10,898 - INFO - 上次打印时间: 2026-03-20 10:44:45
2026-03-20 10:45:10,899 - INFO - 上次打印价格: 4941.234451026826
2026-03-20 10:45:10,899 - INFO - 当前价格: 4942.93345575926
2026-03-20 10:45:10,899 - INFO - ============================================================

2026-03-20 10:45:20,907 - INFO - 
============================================================
2026-03-20 10:45:20,907 - INFO - 触发原因: 打印调试
2026-03-20 10:45:20,907 - INFO - 当前时间: 2026-03-20 10:45:20
2026-03-20 10:45:20,907 - INFO - 数据时间: 2026-03-20 10:45:20
2026-03-20 10:45:20,907 - INFO - 当前价格: 4948.939174127773
2026-03-20 10:45:20,907 - INFO - 上次打印时间: 2026-03-20 10:44:45
2026-03-20 10:45:20,907 - INFO - 上次打印价格: 4941.234451026826
2026-03-20 10:45:20,907 - INFO - 当前价格: 4948.939174127773
2026-03-20 10:45:20,908 - INFO - ============================================================

2026-03-20 10:45:30,921 - INFO - 
============================================================
2026-03-20 10:45:30,921 - INFO - 触发原因: 打印调试
2026-03-20 10:45:30,921 - INFO - 当前时间: 2026-03-20 10:45:30
2026-03-20 10:45:30,921 - INFO - 数据时间: 2026-03-20 10:45:30
2026-03-20 10:45:30,921 - INFO - 当前价格: 4942.949098811266
2026-03-20 10:45:30,921 - INFO - 上次打印时间: 2026-03-20 10:44:45
2026-03-20 10:45:30,922 - INFO - 上次打印价格: 4941.234451026826
2026-03-20 10:45:30,922 - INFO - 当前价格: 4942.949098811266
2026-03-20 10:45:30,922 - INFO - ============================================================

2026-03-20 10:45:40,929 - INFO - 
============================================================
2026-03-20 10:45:40,929 - INFO - 触发原因: 打印调试
2026-03-20 10:45:40,929 - INFO - 当前时间: 2026-03-20 10:45:40
2026-03-20 10:45:40,930 - INFO - 数据时间: 2026-03-20 10:45:40
2026-03-20 10:45:40,930 - INFO - 当前价格: 4946.421752475564
2026-03-20 10:45:40,930 - INFO - 上次打印时间: 2026-03-20 10:44:45
2026-03-20 10:45:40,931 - INFO - 上次打印价格: 4941.234451026826
2026-03-20 10:45:40,931 - INFO - 当前价格: 4946.421752475564
2026-03-20 10:45:40,931 - INFO - ============================================================

2026-03-20 10:45:50,940 - INFO - 
============================================================
2026-03-20 10:45:50,941 - INFO - 触发原因: 打印调试
2026-03-20 10:45:50,941 - INFO - 当前时间: 2026-03-20 10:45:50
2026-03-20 10:45:50,941 - INFO - 数据时间: 2026-03-20 10:45:50
2026-03-20 10:45:50,942 - INFO - 当前价格: 4941.951435203127
2026-03-20 10:45:50,942 - INFO - 上次打印时间: 2026-03-20 10:44:45
2026-03-20 10:45:50,942 - INFO - 上次打印价格: 4941.234451026826
2026-03-20 10:45:50,942 - INFO - 当前价格: 4941.951435203127
2026-03-20 10:45:50,943 - INFO - ============================================================

2026-03-20 10:46:00,948 - INFO - 
============================================================
2026-03-20 10:46:00,949 - INFO - 触发原因: 打印调试
2026-03-20 10:46:00,949 - INFO - 当前时间: 2026-03-20 10:46:00
2026-03-20 10:46:00,949 - INFO - 数据时间: 2026-03-20 10:46:00
2026-03-20 10:46:00,949 - INFO - 当前价格: 4952.713673684822
2026-03-20 10:46:00,949 - INFO - 上次打印时间: 2026-03-20 10:44:45
2026-03-20 10:46:00,949 - INFO - 上次打印价格: 4941.234451026826
2026-03-20 10:46:00,950 - INFO - 当前价格: 4952.713673684822
2026-03-20 10:46:00,950 - INFO - ============================================================

2026-03-20 10:46:00,950 - INFO - 
============================================================
2026-03-20 10:46:00,950 - INFO - 触发原因: 价格上涨超过整数变化
2026-03-20 10:46:00,950 - INFO - 当前时间: 2026-03-20 10:46:00
2026-03-20 10:46:00,950 - INFO - 数据时间: 2026-03-20 10:46:00
2026-03-20 10:46:00,950 - INFO - 当前价格: 4952.713673684822
2026-03-20 10:46:00,951 - INFO - 上次打印时间: 2026-03-20 10:44:45
2026-03-20 10:46:00,951 - INFO - 上次打印价格: 4941.234451026826
2026-03-20 10:46:00,951 - INFO - 当前价格: 4952.713673684822
2026-03-20 10:46:00,952 - INFO - Content-Type: multipart/mixed; boundary="===============0584961182195847060=="
MIME-Version: 1.0
Subject: =?utf-8?b?6buE6YeR5Lu35qC85o+Q6YaSIC0g5Lu35qC85LiK5rao6LaF6L+H5pW05pWw5Y+Y5YyWLOW9k+WJjeS7t+agvDQ5NTIuNzEzNjczNjg0ODIy?=
From: 2741023538@qq.com
To: 2741023538@qq.com

--===============0584961182195847060==
Content-Type: text/plain; charset="utf-8"
MIME-Version: 1.0
Content-Transfer-Encoding: base64

CiAgICAgICAgICAgIOm7hOmHkeS7t+agvOebkeaOp+aPkOmGkgogICAgICAgICAgICDop6blj5Hl
jp/lm6A6IOS7t+agvOS4iua2qOi2hei/h+aVtOaVsOWPmOWMlgogICAgICAgICAgICDlvZPliY3m
l7bpl7Q6IDIwMjYtMDMtMjAgMTA6NDY6MDAKICAgICAgICAgICAg5pWw5o2u5pe26Ze0OiAyMDI2
LTAzLTIwIDEwOjQ2OjAwCiAgICAgICAgICAgIOW9k+WJjeS7t+agvDogNDk1Mi43MTM2NzM2ODQ4
MjIKICAgICAgICAgICAg5bey6Kem5Y+R55uu5qCHOiBbNDk1MF0KCiAgICAgICAgICAgIOS4iuas
oeaJk+WNsOaXtumXtDogMjAyNi0wMy0yMCAxMDo0NjowMAogICAgICAgICAgICDkuIrmrKHmiZPl
jbDku7fmoLw6IDQ5NTIuNzEzNjczNjg0ODIyICDlvZPliY3ku7fmoLw6IDQ5NTIuNzEzNjczNjg0
ODIyCiAgICAgICAgICAgIA==

--===============0584961182195847060==--

2026-03-20 10:46:00,953 - ERROR - 监控异常: [Errno 11001] getaddrinfo failed
2026-03-20 10:46:15,955 - INFO - 
============================================================
2026-03-20 10:46:15,956 - INFO - 触发原因: 打印调试
2026-03-20 10:46:15,956 - INFO - 当前时间: 2026-03-20 10:46:15
2026-03-20 10:46:15,956 - INFO - 数据时间: 2026-03-20 10:46:15
2026-03-20 10:46:15,956 - INFO - 当前价格: 4945.7743639123955
2026-03-20 10:46:15,956 - INFO - 上次打印时间: 2026-03-20 10:46:00
2026-03-20 10:46:15,956 - INFO - 上次打印价格: 4952.713673684822
2026-03-20 10:46:15,956 - INFO - 当前价格: 4945.7743639123955
2026-03-20 10:46:15,956 - INFO - ============================================================

2026-03-20 10:46:25,969 - INFO - 
============================================================
2026-03-20 10:46:25,969 - INFO - 触发原因: 打印调试
2026-03-20 10:46:25,969 - INFO - 当前时间: 2026-03-20 10:46:25
2026-03-20 10:46:25,969 - INFO - 数据时间: 2026-03-20 10:46:25
2026-03-20 10:46:25,969 - INFO - 当前价格: 4949.96137726879
2026-03-20 10:46:25,969 - INFO - 上次打印时间: 2026-03-20 10:46:00
2026-03-20 10:46:25,970 - INFO - 上次打印价格: 4952.713673684822
2026-03-20 10:46:25,970 - INFO - 当前价格: 4949.96137726879
2026-03-20 10:46:25,970 - INFO - ============================================================

2026-03-20 10:46:35,978 - INFO - 
============================================================
2026-03-20 10:46:35,978 - INFO - 触发原因: 打印调试
2026-03-20 10:46:35,978 - INFO - 当前时间: 2026-03-20 10:46:35
2026-03-20 10:46:35,978 - INFO - 数据时间: 2026-03-20 10:46:35
2026-03-20 10:46:35,979 - INFO - 当前价格: 4958.381919802015
2026-03-20 10:46:35,979 - INFO - 上次打印时间: 2026-03-20 10:46:00
2026-03-20 10:46:35,979 - INFO - 上次打印价格: 4952.713673684822
2026-03-20 10:46:35,979 - INFO - 当前价格: 4958.381919802015
2026-03-20 10:46:35,979 - INFO - ============================================================

2026-03-20 10:46:45,989 - INFO - 
============================================================
2026-03-20 10:46:45,989 - INFO - 触发原因: 打印调试
2026-03-20 10:46:45,989 - INFO - 当前时间: 2026-03-20 10:46:45
2026-03-20 10:46:45,990 - INFO - 数据时间: 2026-03-20 10:46:45
2026-03-20 10:46:45,990 - INFO - 当前价格: 4955.795878792834
2026-03-20 10:46:45,990 - INFO - 上次打印时间: 2026-03-20 10:46:00
2026-03-20 10:46:45,990 - INFO - 上次打印价格: 4952.713673684822
2026-03-20 10:46:45,990 - INFO - 当前价格: 4955.795878792834
2026-03-20 10:46:45,991 - INFO - ============================================================

2026-03-20 10:46:56,004 - INFO - 
============================================================
2026-03-20 10:46:56,004 - INFO - 触发原因: 打印调试
2026-03-20 10:46:56,005 - INFO - 当前时间: 2026-03-20 10:46:56
2026-03-20 10:46:56,005 - INFO - 数据时间: 2026-03-20 10:46:56
2026-03-20 10:46:56,005 - INFO - 当前价格: 4959.597752327388
2026-03-20 10:46:56,005 - INFO - 上次打印时间: 2026-03-20 10:46:00
2026-03-20 10:46:56,005 - INFO - 上次打印价格: 4952.713673684822
2026-03-20 10:46:56,006 - INFO - 当前价格: 4959.597752327388
2026-03-20 10:46:56,006 - INFO - ============================================================

2026-03-20 10:47:06,018 - INFO - 
============================================================
2026-03-20 10:47:06,018 - INFO - 触发原因: 打印调试
2026-03-20 10:47:06,018 - INFO - 当前时间: 2026-03-20 10:47:06
2026-03-20 10:47:06,018 - INFO - 数据时间: 2026-03-20 10:47:06
2026-03-20 10:47:06,019 - INFO - 当前价格: 4952.281857636504
2026-03-20 10:47:06,019 - INFO - 上次打印时间: 2026-03-20 10:46:00
2026-03-20 10:47:06,019 - INFO - 上次打印价格: 4952.713673684822
2026-03-20 10:47:06,019 - INFO - 当前价格: 4952.281857636504
2026-03-20 10:47:06,019 - INFO - ============================================================

2026-03-20 10:47:16,029 - INFO - 
============================================================
2026-03-20 10:47:16,030 - INFO - 触发原因: 打印调试
2026-03-20 10:47:16,030 - INFO - 当前时间: 2026-03-20 10:47:16
2026-03-20 10:47:16,030 - INFO - 数据时间: 2026-03-20 10:47:16
2026-03-20 10:47:16,030 - INFO - 当前价格: 4952.269628230971
2026-03-20 10:47:16,030 - INFO - 上次打印时间: 2026-03-20 10:46:00
2026-03-20 10:47:16,030 - INFO - 上次打印价格: 4952.713673684822
2026-03-20 10:47:16,030 - INFO - 当前价格: 4952.269628230971
2026-03-20 10:47:16,030 - INFO - ============================================================

2026-03-20 10:47:26,037 - INFO - 
============================================================
2026-03-20 10:47:26,037 - INFO - 触发原因: 打印调试
2026-03-20 10:47:26,037 - INFO - 当前时间: 2026-03-20 10:47:26
2026-03-20 10:47:26,037 - INFO - 数据时间: 2026-03-20 10:47:26
2026-03-20 10:47:26,037 - INFO - 当前价格: 4950.930625097801
2026-03-20 10:47:26,038 - INFO - 上次打印时间: 2026-03-20 10:46:00
2026-03-20 10:47:26,038 - INFO - 上次打印价格: 4952.713673684822
2026-03-20 10:47:26,038 - INFO - 当前价格: 4950.930625097801
2026-03-20 10:47:26,038 - INFO - ============================================================

2026-03-20 10:47:36,049 - INFO - 
============================================================
2026-03-20 10:47:36,049 - INFO - 触发原因: 打印调试
2026-03-20 10:47:36,049 - INFO - 当前时间: 2026-03-20 10:47:36
2026-03-20 10:47:36,050 - INFO - 数据时间: 2026-03-20 10:47:36
2026-03-20 10:47:36,050 - INFO - 当前价格: 4950.917676279266
2026-03-20 10:47:36,050 - INFO - 上次打印时间: 2026-03-20 10:46:00
2026-03-20 10:47:36,050 - INFO - 上次打印价格: 4952.713673684822
2026-03-20 10:47:36,050 - INFO - 当前价格: 4950.917676279266
2026-03-20 10:47:36,050 - INFO - ============================================================

2026-03-20 10:47:46,054 - INFO - 
============================================================
2026-03-20 10:47:46,055 - INFO - 触发原因: 打印调试
2026-03-20 10:47:46,055 - INFO - 当前时间: 2026-03-20 10:47:46
2026-03-20 10:47:46,055 - INFO - 数据时间: 2026-03-20 10:47:46
2026-03-20 10:47:46,055 - INFO - 当前价格: 4950.7255845426025
2026-03-20 10:47:46,056 - INFO - 上次打印时间: 2026-03-20 10:46:00
2026-03-20 10:47:46,056 - INFO - 上次打印价格: 4952.713673684822
2026-03-20 10:47:46,056 - INFO - 当前价格: 4950.7255845426025
2026-03-20 10:47:46,056 - INFO - ============================================================

2026-03-20 10:47:56,070 - INFO - 
============================================================
2026-03-20 10:47:56,070 - INFO - 触发原因: 打印调试
2026-03-20 10:47:56,070 - INFO - 当前时间: 2026-03-20 10:47:56
2026-03-20 10:47:56,070 - INFO - 数据时间: 2026-03-20 10:47:56
2026-03-20 10:47:56,071 - INFO - 当前价格: 4944.869491863097
2026-03-20 10:47:56,071 - INFO - 上次打印时间: 2026-03-20 10:46:00
2026-03-20 10:47:56,071 - INFO - 上次打印价格: 4952.713673684822
2026-03-20 10:47:56,071 - INFO - 当前价格: 4944.869491863097
2026-03-20 10:47:56,071 - INFO - ============================================================

2026-03-20 10:48:06,077 - INFO - 
============================================================
2026-03-20 10:48:06,078 - INFO - 触发原因: 打印调试
2026-03-20 10:48:06,078 - INFO - 当前时间: 2026-03-20 10:48:06
2026-03-20 10:48:06,078 - INFO - 数据时间: 2026-03-20 10:48:06
2026-03-20 10:48:06,078 - INFO - 当前价格: 4946.121348710126
2026-03-20 10:48:06,078 - INFO - 上次打印时间: 2026-03-20 10:46:00
2026-03-20 10:48:06,078 - INFO - 上次打印价格: 4952.713673684822
2026-03-20 10:48:06,078 - INFO - 当前价格: 4946.121348710126
2026-03-20 10:48:06,079 - INFO - ============================================================

2026-03-20 10:48:16,089 - INFO - 
============================================================
2026-03-20 10:48:16,089 - INFO - 触发原因: 打印调试
2026-03-20 10:48:16,090 - INFO - 当前时间: 2026-03-20 10:48:16
2026-03-20 10:48:16,090 - INFO - 数据时间: 2026-03-20 10:48:16
2026-03-20 10:48:16,090 - INFO - 当前价格: 4941.732916129275
2026-03-20 10:48:16,090 - INFO - 上次打印时间: 2026-03-20 10:46:00
2026-03-20 10:48:16,090 - INFO - 上次打印价格: 4952.713673684822
2026-03-20 10:48:16,090 - INFO - 当前价格: 4941.732916129275
2026-03-20 10:48:16,090 - INFO - ============================================================

2026-03-20 10:48:16,091 - INFO - 
============================================================
2026-03-20 10:48:16,091 - INFO - 触发原因: 价格下跌超过整数变化
2026-03-20 10:48:16,091 - INFO - 当前时间: 2026-03-20 10:48:16
2026-03-20 10:48:16,091 - INFO - 数据时间: 2026-03-20 10:48:16
2026-03-20 10:48:16,091 - INFO - 当前价格: 4941.732916129275
2026-03-20 10:48:16,091 - INFO - 上次打印时间: 2026-03-20 10:46:00
2026-03-20 10:48:16,091 - INFO - 上次打印价格: 4952.713673684822
2026-03-20 10:48:16,091 - INFO - 当前价格: 4941.732916129275
2026-03-20 10:48:16,092 - INFO - Content-Type: multipart/mixed; boundary="===============3710831656721731541=="
MIME-Version: 1.0
Subject: =?utf-8?b?6buE6YeR5Lu35qC85o+Q6YaSIC0g5Lu35qC85LiL6LeM6LaF6L+H5pW05pWw5Y+Y5YyWLOW9k+WJjeS7t+agvDQ5NDEuNzMyOTE2MTI5Mjc1?=
From: 2741023538@qq.com
To: 2741023538@qq.com

--===============3710831656721731541==
Content-Type: text/plain; charset="utf-8"
MIME-Version: 1.0
Content-Transfer-Encoding: base64

CiAgICAgICAgICAgIOm7hOmHkeS7t+agvOebkeaOp+aPkOmGkgogICAgICAgICAgICDop6blj5Hl
jp/lm6A6IOS7t+agvOS4i+i3jOi2hei/h+aVtOaVsOWPmOWMlgogICAgICAgICAgICDlvZPliY3m
l7bpl7Q6IDIwMjYtMDMtMjAgMTA6NDg6MTYKICAgICAgICAgICAg5pWw5o2u5pe26Ze0OiAyMDI2
LTAzLTIwIDEwOjQ4OjE2CiAgICAgICAgICAgIOW9k+WJjeS7t+agvDogNDk0MS43MzI5MTYxMjky
NzUKICAgICAgICAgICAg5bey6Kem5Y+R55uu5qCHOiBbNDk1MF0KCiAgICAgICAgICAgIOS4iuas
oeaJk+WNsOaXtumXtDogMjAyNi0wMy0yMCAxMDo0ODoxNgogICAgICAgICAgICDkuIrmrKHmiZPl
jbDku7fmoLw6IDQ5NDEuNzMyOTE2MTI5Mjc1ICDlvZPliY3ku7fmoLw6IDQ5NDEuNzMyOTE2MTI5
Mjc1CiAgICAgICAgICAgIA==

--===============3710831656721731541==--

2026-03-20 10:48:16,093 - ERROR - 监控异常: [Errno 11001] getaddrinfo failed
2026-03-20 10:48:31,107 - INFO - 
============================================================
2026-03-20 10:48:31,107 - INFO - 触发原因: 打印调试
2026-03-20 10:48:31,107 - INFO - 当前时间: 2026-03-20 10:48:31
2026-03-20 10:48:31,108 - INFO - 数据时间: 2026-03-20 10:48:31
2026-03-20 10:48:31,108 - INFO - 当前价格: 4953.639823645477
2026-03-20 10:48:31,108 - INFO - 上次打印时间: 2026-03-20 10:48:16
2026-03-20 10:48:31,108 - INFO - 上次打印价格: 4941.732916129275
2026-03-20 10:48:31,108 - INFO - 当前价格: 4953.639823645477
2026-03-20 10:48:31,108 - INFO - ============================================================

2026-03-20 10:48:31,108 - INFO - 
============================================================
2026-03-20 10:48:31,109 - INFO - 触发原因: 价格上涨超过整数变化
2026-03-20 10:48:31,109 - INFO - 当前时间: 2026-03-20 10:48:31
2026-03-20 10:48:31,109 - INFO - 数据时间: 2026-03-20 10:48:31
2026-03-20 10:48:31,109 - INFO - 当前价格: 4953.639823645477
2026-03-20 10:48:31,109 - INFO - 上次打印时间: 2026-03-20 10:48:16
2026-03-20 10:48:31,109 - INFO - 上次打印价格: 4941.732916129275
2026-03-20 10:48:31,109 - INFO - 当前价格: 4953.639823645477
2026-03-20 10:48:31,110 - INFO - Content-Type: multipart/mixed; boundary="===============6540481217539286438=="
MIME-Version: 1.0
Subject: =?utf-8?b?6buE6YeR5Lu35qC85o+Q6YaSIC0g5Lu35qC85LiK5rao6LaF6L+H5pW05pWw5Y+Y5YyWLOW9k+WJjeS7t+agvDQ5NTMuNjM5ODIzNjQ1NDc3?=
From: 2741023538@qq.com
To: 2741023538@qq.com

--===============6540481217539286438==
Content-Type: text/plain; charset="utf-8"
MIME-Version: 1.0
Content-Transfer-Encoding: base64

CiAgICAgICAgICAgIOm7hOmHkeS7t+agvOebkeaOp+aPkOmGkgogICAgICAgICAgICDop6blj5Hl
jp/lm6A6IOS7t+agvOS4iua2qOi2hei/h+aVtOaVsOWPmOWMlgogICAgICAgICAgICDlvZPliY3m
l7bpl7Q6IDIwMjYtMDMtMjAgMTA6NDg6MzEKICAgICAgICAgICAg5pWw5o2u5pe26Ze0OiAyMDI2
LTAzLTIwIDEwOjQ4OjMxCiAgICAgICAgICAgIOW9k+WJjeS7t+agvDogNDk1My42Mzk4MjM2NDU0
NzcKICAgICAgICAgICAg5bey6Kem5Y+R55uu5qCHOiBbNDk1MF0KCiAgICAgICAgICAgIOS4iuas
oeaJk+WNsOaXtumXtDogMjAyNi0wMy0yMCAxMDo0ODozMQogICAgICAgICAgICDkuIrmrKHmiZPl
jbDku7fmoLw6IDQ5NTMuNjM5ODIzNjQ1NDc3ICDlvZPliY3ku7fmoLw6IDQ5NTMuNjM5ODIzNjQ1
NDc3CiAgICAgICAgICAgIA==

--===============6540481217539286438==--

2026-03-20 10:48:31,111 - ERROR - 监控异常: [Errno 11001] getaddrinfo failed
2026-03-20 10:48:46,128 - INFO - 
============================================================
2026-03-20 10:48:46,128 - INFO - 触发原因: 打印调试
2026-03-20 10:48:46,128 - INFO - 当前时间: 2026-03-20 10:48:46
2026-03-20 10:48:46,128 - INFO - 数据时间: 2026-03-20 10:48:46
2026-03-20 10:48:46,128 - INFO - 当前价格: 4943.011762980187
2026-03-20 10:48:46,128 - INFO - 上次打印时间: 2026-03-20 10:48:31
2026-03-20 10:48:46,129 - INFO - 上次打印价格: 4953.639823645477
2026-03-20 10:48:46,129 - INFO - 当前价格: 4943.011762980187
2026-03-20 10:48:46,129 - INFO - ============================================================

2026-03-20 10:48:46,129 - INFO - 
============================================================
2026-03-20 10:48:46,129 - INFO - 触发原因: 10分钟定时打印
2026-03-20 10:48:46,130 - INFO - 当前时间: 2026-03-20 10:48:46
2026-03-20 10:48:46,130 - INFO - 数据时间: 2026-03-20 10:48:46
2026-03-20 10:48:46,130 - INFO - 当前价格: 4943.011762980187
2026-03-20 10:48:46,130 - INFO - 上次打印时间: 2026-03-20 10:48:31
2026-03-20 10:48:46,130 - INFO - 上次打印价格: 4953.639823645477
2026-03-20 10:48:46,130 - INFO - 当前价格: 4943.011762980187
2026-03-20 10:48:46,131 - INFO - Content-Type: multipart/mixed; boundary="===============2458778515319810232=="
MIME-Version: 1.0
Subject: =?utf-8?b?6buE6YeR5Lu35qC85o+Q6YaSIC0gMTDliIbpkp/lrprml7bmiZPljbAs5b2T5YmN5Lu35qC8NDk0My4wMTE3NjI5ODAxODc=?=
From: 2741023538@qq.com
To: 2741023538@qq.com

--===============2458778515319810232==
Content-Type: text/plain; charset="utf-8"
MIME-Version: 1.0
Content-Transfer-Encoding: base64

CiAgICAgICAgICAgIOm7hOmHkeS7t+agvOebkeaOp+aPkOmGkgogICAgICAgICAgICDop6blj5Hl
jp/lm6A6IDEw5YiG6ZKf5a6a5pe25omT5Y2wCiAgICAgICAgICAgIOW9k+WJjeaXtumXtDogMjAy
Ni0wMy0yMCAxMDo0ODo0NgogICAgICAgICAgICDmlbDmja7ml7bpl7Q6IDIwMjYtMDMtMjAgMTA6
NDg6NDYKICAgICAgICAgICAg5b2T5YmN5Lu35qC8OiA0OTQzLjAxMTc2Mjk4MDE4NwogICAgICAg
ICAgICDlt7Lop6blj5Hnm67moIc6IFs0OTUwXQoKICAgICAgICAgICAg5LiK5qyh5omT5Y2w5pe2
6Ze0OiAyMDI2LTAzLTIwIDEwOjQ4OjQ2CiAgICAgICAgICAgIOS4iuasoeaJk+WNsOS7t+agvDog
NDk0My4wMTE3NjI5ODAxODcgIOW9k+WJjeS7t+agvDogNDk0My4wMTE3NjI5ODAxODcKICAgICAg
ICAgICAg

--===============2458778515319810232==--

2026-03-20 10:48:46,132 - ERROR - 监控异常: [Errno 11001] getaddrinfo failed
2026-03-20 10:49:01,145 - INFO - 
============================================================
2026-03-20 10:49:01,145 - INFO - 触发原因: 打印调试
2026-03-20 10:49:01,145 - INFO - 当前时间: 2026-03-20 10:49:01
2026-03-20 10:49:01,145 - INFO - 数据时间: 2026-03-20 10:49:01
2026-03-20 10:49:01,145 - INFO - 当前价格: 4955.630185775255
2026-03-20 10:49:01,145 - INFO - 上次打印时间: 2026-03-20 10:48:46
2026-03-20 10:49:01,145 - INFO - 上次打印价格: 4943.011762980187
2026-03-20 10:49:01,145 - INFO - 当前价格: 4955.630185775255
2026-03-20 10:49:01,146 - INFO - ============================================================

2026-03-20 10:49:11,149 - INFO - 
============================================================
2026-03-20 10:49:11,150 - INFO - 触发原因: 打印调试
2026-03-20 10:49:11,150 - INFO - 当前时间: 2026-03-20 10:49:11
2026-03-20 10:49:11,150 - INFO - 数据时间: 2026-03-20 10:49:11
2026-03-20 10:49:11,150 - INFO - 当前价格: 4954.570686577717
2026-03-20 10:49:11,151 - INFO - 上次打印时间: 2026-03-20 10:48:46
2026-03-20 10:49:11,151 - INFO - 上次打印价格: 4943.011762980187
2026-03-20 10:49:11,151 - INFO - 当前价格: 4954.570686577717
2026-03-20 10:49:11,151 - INFO - ============================================================

2026-03-20 10:49:21,156 - INFO - 
============================================================
2026-03-20 10:49:21,157 - INFO - 触发原因: 打印调试
2026-03-20 10:49:21,157 - INFO - 当前时间: 2026-03-20 10:49:21
2026-03-20 10:49:21,157 - INFO - 数据时间: 2026-03-20 10:49:21
2026-03-20 10:49:21,157 - INFO - 当前价格: 4942.570512062539
2026-03-20 10:49:21,157 - INFO - 上次打印时间: 2026-03-20 10:48:46
2026-03-20 10:49:21,158 - INFO - 上次打印价格: 4943.011762980187
2026-03-20 10:49:21,158 - INFO - 当前价格: 4942.570512062539
2026-03-20 10:49:21,158 - INFO - ============================================================

2026-03-20 10:49:21,158 - INFO - 
============================================================
2026-03-20 10:49:21,158 - INFO - 触发原因: 价格下跌超过整数变化
2026-03-20 10:49:21,158 - INFO - 当前时间: 2026-03-20 10:49:21
2026-03-20 10:49:21,158 - INFO - 数据时间: 2026-03-20 10:49:21
2026-03-20 10:49:21,158 - INFO - 当前价格: 4942.570512062539
2026-03-20 10:49:21,159 - INFO - 上次打印时间: 2026-03-20 10:48:46
2026-03-20 10:49:21,159 - INFO - 上次打印价格: 4943.011762980187
2026-03-20 10:49:21,159 - INFO - 当前价格: 4942.570512062539
2026-03-20 10:49:21,160 - INFO - Content-Type: multipart/mixed; boundary="===============3224190578820859353=="
MIME-Version: 1.0
Subject: =?utf-8?b?6buE6YeR5Lu35qC85o+Q6YaSIC0g5Lu35qC85LiL6LeM6LaF6L+H5pW05pWw5Y+Y5YyWLOW9k+WJjeS7t+agvDQ5NDIuNTcwNTEyMDYyNTM5?=
From: 2741023538@qq.com
To: 2741023538@qq.com

--===============3224190578820859353==
Content-Type: text/plain; charset="utf-8"
MIME-Version: 1.0
Content-Transfer-Encoding: base64

CiAgICAgICAgICAgIOm7hOmHkeS7t+agvOebkeaOp+aPkOmGkgogICAgICAgICAgICDop6blj5Hl
jp/lm6A6IOS7t+agvOS4i+i3jOi2hei/h+aVtOaVsOWPmOWMlgogICAgICAgICAgICDlvZPliY3m
l7bpl7Q6IDIwMjYtMDMtMjAgMTA6NDk6MjEKICAgICAgICAgICAg5pWw5o2u5pe26Ze0OiAyMDI2
LTAzLTIwIDEwOjQ5OjIxCiAgICAgICAgICAgIOW9k+WJjeS7t+agvDogNDk0Mi41NzA1MTIwNjI1
MzkKICAgICAgICAgICAg5bey6Kem5Y+R55uu5qCHOiBbNDk1MF0KCiAgICAgICAgICAgIOS4iuas
oeaJk+WNsOaXtumXtDogMjAyNi0wMy0yMCAxMDo0OToyMQogICAgICAgICAgICDkuIrmrKHmiZPl
jbDku7fmoLw6IDQ5NDIuNTcwNTEyMDYyNTM5ICDlvZPliY3ku7fmoLw6IDQ5NDIuNTcwNTEyMDYy
NTM5CiAgICAgICAgICAgIA==

--===============3224190578820859353==--

2026-03-20 10:49:21,161 - ERROR - 监控异常: [Errno 11001] getaddrinfo failed
2026-03-20 10:49:36,166 - INFO - 
============================================================
2026-03-20 10:49:36,166 - INFO - 触发原因: 打印调试
2026-03-20 10:49:36,166 - INFO - 当前时间: 2026-03-20 10:49:36
2026-03-20 10:49:36,166 - INFO - 数据时间: 2026-03-20 10:49:36
2026-03-20 10:49:36,166 - INFO - 当前价格: 4946.527780801377
2026-03-20 10:49:36,166 - INFO - 上次打印时间: 2026-03-20 10:49:21
2026-03-20 10:49:36,167 - INFO - 上次打印价格: 4942.570512062539
2026-03-20 10:49:36,167 - INFO - 当前价格: 4946.527780801377
2026-03-20 10:49:36,167 - INFO - ============================================================

2026-03-20 10:49:46,173 - INFO - 
============================================================
2026-03-20 10:49:46,173 - INFO - 触发原因: 打印调试
2026-03-20 10:49:46,173 - INFO - 当前时间: 2026-03-20 10:49:46
2026-03-20 10:49:46,174 - INFO - 数据时间: 2026-03-20 10:49:46
2026-03-20 10:49:46,174 - INFO - 当前价格: 4957.91851164742
2026-03-20 10:49:46,174 - INFO - 上次打印时间: 2026-03-20 10:49:21
2026-03-20 10:49:46,174 - INFO - 上次打印价格: 4942.570512062539
2026-03-20 10:49:46,174 - INFO - 当前价格: 4957.91851164742
2026-03-20 10:49:46,174 - INFO - ============================================================

2026-03-20 10:49:46,174 - INFO - 
============================================================
2026-03-20 10:49:46,174 - INFO - 触发原因: 价格上涨超过整数变化
2026-03-20 10:49:46,175 - INFO - 当前时间: 2026-03-20 10:49:46
2026-03-20 10:49:46,175 - INFO - 数据时间: 2026-03-20 10:49:46
2026-03-20 10:49:46,175 - INFO - 当前价格: 4957.91851164742
2026-03-20 10:49:46,175 - INFO - 上次打印时间: 2026-03-20 10:49:21
2026-03-20 10:49:46,175 - INFO - 上次打印价格: 4942.570512062539
2026-03-20 10:49:46,175 - INFO - 当前价格: 4957.91851164742
2026-03-20 10:49:46,176 - INFO - Content-Type: multipart/mixed; boundary="===============3919558056305737338=="
MIME-Version: 1.0
Subject: =?utf-8?b?6buE6YeR5Lu35qC85o+Q6YaSIC0g5Lu35qC85LiK5rao6LaF6L+H5pW05pWw5Y+Y5YyWLOW9k+WJjeS7t+agvDQ5NTcuOTE4NTExNjQ3NDI=?=
From: 2741023538@qq.com
To: 2741023538@qq.com

--===============3919558056305737338==
Content-Type: text/plain; charset="utf-8"
MIME-Version: 1.0
Content-Transfer-Encoding: base64

CiAgICAgICAgICAgIOm7hOmHkeS7t+agvOebkeaOp+aPkOmGkgogICAgICAgICAgICDop6blj5Hl
jp/lm6A6IOS7t+agvOS4iua2qOi2hei/h+aVtOaVsOWPmOWMlgogICAgICAgICAgICDlvZPliY3m
l7bpl7Q6IDIwMjYtMDMtMjAgMTA6NDk6NDYKICAgICAgICAgICAg5pWw5o2u5pe26Ze0OiAyMDI2
LTAzLTIwIDEwOjQ5OjQ2CiAgICAgICAgICAgIOW9k+WJjeS7t+agvDogNDk1Ny45MTg1MTE2NDc0
MgogICAgICAgICAgICDlt7Lop6blj5Hnm67moIc6IFs0OTUwXQoKICAgICAgICAgICAg5LiK5qyh
5omT5Y2w5pe26Ze0OiAyMDI2LTAzLTIwIDEwOjQ5OjQ2CiAgICAgICAgICAgIOS4iuasoeaJk+WN
sOS7t+agvDogNDk1Ny45MTg1MTE2NDc0MiAg5b2T5YmN5Lu35qC8OiA0OTU3LjkxODUxMTY0NzQy
CiAgICAgICAgICAgIA==

--===============3919558056305737338==--

2026-03-20 10:49:46,177 - ERROR - 监控异常: [Errno 11001] getaddrinfo failed
2026-03-20 10:50:01,180 - INFO - 
============================================================
2026-03-20 10:50:01,180 - INFO - 触发原因: 打印调试
2026-03-20 10:50:01,180 - INFO - 当前时间: 2026-03-20 10:50:01
2026-03-20 10:50:01,181 - INFO - 数据时间: 2026-03-20 10:50:01
2026-03-20 10:50:01,181 - INFO - 当前价格: 4957.7963317301
2026-03-20 10:50:01,181 - INFO - 上次打印时间: 2026-03-20 10:49:46
2026-03-20 10:50:01,181 - INFO - 上次打印价格: 4957.91851164742
2026-03-20 10:50:01,181 - INFO - 当前价格: 4957.7963317301
2026-03-20 10:50:01,181 - INFO - ============================================================

2026-03-20 10:50:11,196 - INFO - 
============================================================
2026-03-20 10:50:11,196 - INFO - 触发原因: 打印调试
2026-03-20 10:50:11,196 - INFO - 当前时间: 2026-03-20 10:50:11
2026-03-20 10:50:11,197 - INFO - 数据时间: 2026-03-20 10:50:11
2026-03-20 10:50:11,197 - INFO - 当前价格: 4959.0079129952765
2026-03-20 10:50:11,197 - INFO - 上次打印时间: 2026-03-20 10:49:46
2026-03-20 10:50:11,197 - INFO - 上次打印价格: 4957.91851164742
2026-03-20 10:50:11,197 - INFO - 当前价格: 4959.0079129952765
2026-03-20 10:50:11,197 - INFO - ============================================================

2026-03-20 10:50:21,205 - INFO - 
============================================================
2026-03-20 10:50:21,205 - INFO - 触发原因: 打印调试
2026-03-20 10:50:21,206 - INFO - 当前时间: 2026-03-20 10:50:21
2026-03-20 10:50:21,206 - INFO - 数据时间: 2026-03-20 10:50:21
2026-03-20 10:50:21,206 - INFO - 当前价格: 4943.7342599835365
2026-03-20 10:50:21,206 - INFO - 上次打印时间: 2026-03-20 10:49:46
2026-03-20 10:50:21,206 - INFO - 上次打印价格: 4957.91851164742
2026-03-20 10:50:21,207 - INFO - 当前价格: 4943.7342599835365
2026-03-20 10:50:21,207 - INFO - ============================================================

2026-03-20 10:50:21,207 - INFO - 
============================================================
2026-03-20 10:50:21,207 - INFO - 触发原因: 价格下跌超过整数变化
2026-03-20 10:50:21,207 - INFO - 当前时间: 2026-03-20 10:50:21
2026-03-20 10:50:21,207 - INFO - 数据时间: 2026-03-20 10:50:21
2026-03-20 10:50:21,207 - INFO - 当前价格: 4943.7342599835365
2026-03-20 10:50:21,207 - INFO - 上次打印时间: 2026-03-20 10:49:46
2026-03-20 10:50:21,208 - INFO - 上次打印价格: 4957.91851164742
2026-03-20 10:50:21,208 - INFO - 当前价格: 4943.7342599835365
2026-03-20 10:50:21,209 - INFO - Content-Type: multipart/mixed; boundary="===============1296038141476386782=="
MIME-Version: 1.0
Subject: =?utf-8?b?6buE6YeR5Lu35qC85o+Q6YaSIC0g5Lu35qC85LiL6LeM6LaF6L+H5pW05pWw5Y+Y5YyWLOW9k+WJjeS7t+agvDQ5NDMuNzM0MjU5OTgzNTM2NQ==?=
From: 2741023538@qq.com
To: 2741023538@qq.com

--===============1296038141476386782==
Content-Type: text/plain; charset="utf-8"
MIME-Version: 1.0
Content-Transfer-Encoding: base64

CiAgICAgICAgICAgIOm7hOmHkeS7t+agvOebkeaOp+aPkOmGkgogICAgICAgICAgICDop6blj5Hl
jp/lm6A6IOS7t+agvOS4i+i3jOi2hei/h+aVtOaVsOWPmOWMlgogICAgICAgICAgICDlvZPliY3m
l7bpl7Q6IDIwMjYtMDMtMjAgMTA6NTA6MjEKICAgICAgICAgICAg5pWw5o2u5pe26Ze0OiAyMDI2
LTAzLTIwIDEwOjUwOjIxCiAgICAgICAgICAgIOW9k+WJjeS7t+agvDogNDk0My43MzQyNTk5ODM1
MzY1CiAgICAgICAgICAgIOW3suinpuWPkeebruaghzogWzQ5NTBdCgogICAgICAgICAgICDkuIrm
rKHmiZPljbDml7bpl7Q6IDIwMjYtMDMtMjAgMTA6NTA6MjEKICAgICAgICAgICAg5LiK5qyh5omT
5Y2w5Lu35qC8OiA0OTQzLjczNDI1OTk4MzUzNjUgIOW9k+WJjeS7t+agvDogNDk0My43MzQyNTk5
ODM1MzY1CiAgICAgICAgICAgIA==

--===============1296038141476386782==--

2026-03-20 10:50:21,209 - ERROR - 监控异常: [Errno 11001] getaddrinfo failed
2026-03-20 10:50:36,225 - INFO - 
============================================================
2026-03-20 10:50:36,226 - INFO - 触发原因: 打印调试
2026-03-20 10:50:36,226 - INFO - 当前时间: 2026-03-20 10:50:36
2026-03-20 10:50:36,226 - INFO - 数据时间: 2026-03-20 10:50:36
2026-03-20 10:50:36,226 - INFO - 当前价格: 4958.929991431438
2026-03-20 10:50:36,226 - INFO - 上次打印时间: 2026-03-20 10:50:21
2026-03-20 10:50:36,226 - INFO - 上次打印价格: 4943.7342599835365
2026-03-20 10:50:36,226 - INFO - 当前价格: 4958.929991431438
2026-03-20 10:50:36,226 - INFO - ============================================================

2026-03-20 10:50:36,227 - INFO - 
============================================================
2026-03-20 10:50:36,227 - INFO - 触发原因: 价格上涨超过整数变化
2026-03-20 10:50:36,227 - INFO - 当前时间: 2026-03-20 10:50:36
2026-03-20 10:50:36,227 - INFO - 数据时间: 2026-03-20 10:50:36
2026-03-20 10:50:36,227 - INFO - 当前价格: 4958.929991431438
2026-03-20 10:50:36,227 - INFO - 上次打印时间: 2026-03-20 10:50:21
2026-03-20 10:50:36,227 - INFO - 上次打印价格: 4943.7342599835365
2026-03-20 10:50:36,227 - INFO - 当前价格: 4958.929991431438
2026-03-20 10:50:36,228 - INFO - Content-Type: multipart/mixed; boundary="===============3299556020345691835=="
MIME-Version: 1.0
Subject: =?utf-8?b?6buE6YeR5Lu35qC85o+Q6YaSIC0g5Lu35qC85LiK5rao6LaF6L+H5pW05pWw5Y+Y5YyWLOW9k+WJjeS7t+agvDQ5NTguOTI5OTkxNDMxNDM4?=
From: 2741023538@qq.com
To: 2741023538@qq.com

--===============3299556020345691835==
Content-Type: text/plain; charset="utf-8"
MIME-Version: 1.0
Content-Transfer-Encoding: base64

CiAgICAgICAgICAgIOm7hOmHkeS7t+agvOebkeaOp+aPkOmGkgogICAgICAgICAgICDop6blj5Hl
jp/lm6A6IOS7t+agvOS4iua2qOi2hei/h+aVtOaVsOWPmOWMlgogICAgICAgICAgICDlvZPliY3m
l7bpl7Q6IDIwMjYtMDMtMjAgMTA6NTA6MzYKICAgICAgICAgICAg5pWw5o2u5pe26Ze0OiAyMDI2
LTAzLTIwIDEwOjUwOjM2CiAgICAgICAgICAgIOW9k+WJjeS7t+agvDogNDk1OC45Mjk5OTE0MzE0
MzgKICAgICAgICAgICAg5bey6Kem5Y+R55uu5qCHOiBbNDk1MF0KCiAgICAgICAgICAgIOS4iuas
oeaJk+WNsOaXtumXtDogMjAyNi0wMy0yMCAxMDo1MDozNgogICAgICAgICAgICDkuIrmrKHmiZPl
jbDku7fmoLw6IDQ5NTguOTI5OTkxNDMxNDM4ICDlvZPliY3ku7fmoLw6IDQ5NTguOTI5OTkxNDMx
NDM4CiAgICAgICAgICAgIA==

--===============3299556020345691835==--

2026-03-20 10:50:36,229 - ERROR - 监控异常: [Errno 11001] getaddrinfo failed
2026-03-20 10:50:51,250 - INFO - 
============================================================
2026-03-20 10:50:51,250 - INFO - 触发原因: 打印调试
2026-03-20 10:50:51,250 - INFO - 当前时间: 2026-03-20 10:50:51
2026-03-20 10:50:51,251 - INFO - 数据时间: 2026-03-20 10:50:51
2026-03-20 10:50:51,251 - INFO - 当前价格: 4940.627919423275
2026-03-20 10:50:51,251 - INFO - 上次打印时间: 2026-03-20 10:50:36
2026-03-20 10:50:51,251 - INFO - 上次打印价格: 4958.929991431438
2026-03-20 10:50:51,251 - INFO - 当前价格: 4940.627919423275
2026-03-20 10:50:51,251 - INFO - ============================================================

2026-03-20 10:50:51,252 - INFO - 
============================================================
2026-03-20 10:50:51,252 - INFO - 触发原因: 价格下跌超过整数变化
2026-03-20 10:50:51,252 - INFO - 当前时间: 2026-03-20 10:50:51
2026-03-20 10:50:51,252 - INFO - 数据时间: 2026-03-20 10:50:51
2026-03-20 10:50:51,252 - INFO - 当前价格: 4940.627919423275
2026-03-20 10:50:51,252 - INFO - 上次打印时间: 2026-03-20 10:50:36
2026-03-20 10:50:51,252 - INFO - 上次打印价格: 4958.929991431438
2026-03-20 10:50:51,253 - INFO - 当前价格: 4940.627919423275
2026-03-20 10:50:51,253 - INFO - Content-Type: multipart/mixed; boundary="===============1754470403472389858=="
MIME-Version: 1.0
Subject: =?utf-8?b?6buE6YeR5Lu35qC85o+Q6YaSIC0g5Lu35qC85LiL6LeM6LaF6L+H5pW05pWw5Y+Y5YyWLOW9k+WJjeS7t+agvDQ5NDAuNjI3OTE5NDIzMjc1?=
From: 2741023538@qq.com
To: 2741023538@qq.com

--===============1754470403472389858==
Content-Type: text/plain; charset="utf-8"
MIME-Version: 1.0
Content-Transfer-Encoding: base64

CiAgICAgICAgICAgIOm7hOmHkeS7t+agvOebkeaOp+aPkOmGkgogICAgICAgICAgICDop6blj5Hl
jp/lm6A6IOS7t+agvOS4i+i3jOi2hei/h+aVtOaVsOWPmOWMlgogICAgICAgICAgICDlvZPliY3m
l7bpl7Q6IDIwMjYtMDMtMjAgMTA6NTA6NTEKICAgICAgICAgICAg5pWw5o2u5pe26Ze0OiAyMDI2
LTAzLTIwIDEwOjUwOjUxCiAgICAgICAgICAgIOW9k+WJjeS7t+agvDogNDk0MC42Mjc5MTk0MjMy
NzUKICAgICAgICAgICAg5bey6Kem5Y+R55uu5qCHOiBbNDk1MF0KCiAgICAgICAgICAgIOS4iuas
oeaJk+WNsOaXtumXtDogMjAyNi0wMy0yMCAxMDo1MDo1MQogICAgICAgICAgICDkuIrmrKHmiZPl
jbDku7fmoLw6IDQ5NDAuNjI3OTE5NDIzMjc1ICDlvZPliY3ku7fmoLw6IDQ5NDAuNjI3OTE5NDIz
Mjc1CiAgICAgICAgICAgIA==

--===============1754470403472389858==--

2026-03-20 10:50:51,254 - ERROR - 监控异常: [Errno 11001] getaddrinfo failed
2026-03-20 10:51:06,275 - INFO - 
============================================================
2026-03-20 10:51:06,275 - INFO - 触发原因: 打印调试
2026-03-20 10:51:06,275 - INFO - 当前时间: 2026-03-20 10:51:06
2026-03-20 10:51:06,275 - INFO - 数据时间: 2026-03-20 10:51:06
2026-03-20 10:51:06,276 - INFO - 当前价格: 4943.480577198013
2026-03-20 10:51:06,276 - INFO - 上次打印时间: 2026-03-20 10:50:51
2026-03-20 10:51:06,276 - INFO - 上次打印价格: 4940.627919423275
2026-03-20 10:51:06,276 - INFO - 当前价格: 4943.480577198013
2026-03-20 10:51:06,276 - INFO - ============================================================

2026-03-20 10:51:16,278 - INFO - 
============================================================
2026-03-20 10:51:16,278 - INFO - 触发原因: 打印调试
2026-03-20 10:51:16,278 - INFO - 当前时间: 2026-03-20 10:51:16
2026-03-20 10:51:16,278 - INFO - 数据时间: 2026-03-20 10:51:16
2026-03-20 10:51:16,278 - INFO - 当前价格: 4948.605333023263
2026-03-20 10:51:16,279 - INFO - 上次打印时间: 2026-03-20 10:50:51
2026-03-20 10:51:16,279 - INFO - 上次打印价格: 4940.627919423275
2026-03-20 10:51:16,279 - INFO - 当前价格: 4948.605333023263
2026-03-20 10:51:16,279 - INFO - ============================================================

2026-03-20 10:51:26,292 - INFO - 
============================================================
2026-03-20 10:51:26,293 - INFO - 触发原因: 打印调试
2026-03-20 10:51:26,293 - INFO - 当前时间: 2026-03-20 10:51:26
2026-03-20 10:51:26,293 - INFO - 数据时间: 2026-03-20 10:51:26
2026-03-20 10:51:26,293 - INFO - 当前价格: 4944.332292208123
2026-03-20 10:51:26,294 - INFO - 上次打印时间: 2026-03-20 10:50:51
2026-03-20 10:51:26,294 - INFO - 上次打印价格: 4940.627919423275
2026-03-20 10:51:26,294 - INFO - 当前价格: 4944.332292208123
2026-03-20 10:51:26,294 - INFO - ============================================================

2026-03-20 10:51:36,306 - INFO - 
============================================================
2026-03-20 10:51:36,306 - INFO - 触发原因: 打印调试
2026-03-20 10:51:36,307 - INFO - 当前时间: 2026-03-20 10:51:36
2026-03-20 10:51:36,307 - INFO - 数据时间: 2026-03-20 10:51:36
2026-03-20 10:51:36,307 - INFO - 当前价格: 4956.347161051737
2026-03-20 10:51:36,307 - INFO - 上次打印时间: 2026-03-20 10:50:51
2026-03-20 10:51:36,307 - INFO - 上次打印价格: 4940.627919423275
2026-03-20 10:51:36,307 - INFO - 当前价格: 4956.347161051737
2026-03-20 10:51:36,308 - INFO - ============================================================

2026-03-20 10:51:36,308 - INFO - 
============================================================
2026-03-20 10:51:36,308 - INFO - 触发原因: 价格上涨超过整数变化
2026-03-20 10:51:36,308 - INFO - 当前时间: 2026-03-20 10:51:36
2026-03-20 10:51:36,308 - INFO - 数据时间: 2026-03-20 10:51:36
2026-03-20 10:51:36,308 - INFO - 当前价格: 4956.347161051737
2026-03-20 10:51:36,308 - INFO - 上次打印时间: 2026-03-20 10:50:51
2026-03-20 10:51:36,308 - INFO - 上次打印价格: 4940.627919423275
2026-03-20 10:51:36,308 - INFO - 当前价格: 4956.347161051737
2026-03-20 10:51:36,309 - INFO - Content-Type: multipart/mixed; boundary="===============9180539729778961953=="
MIME-Version: 1.0
Subject: =?utf-8?b?6buE6YeR5Lu35qC85o+Q6YaSIC0g5Lu35qC85LiK5rao6LaF6L+H5pW05pWw5Y+Y5YyWLOW9k+WJjeS7t+agvDQ5NTYuMzQ3MTYxMDUxNzM3?=
From: 2741023538@qq.com
To: 2741023538@qq.com

--===============9180539729778961953==
Content-Type: text/plain; charset="utf-8"
MIME-Version: 1.0
Content-Transfer-Encoding: base64

CiAgICAgICAgICAgIOm7hOmHkeS7t+agvOebkeaOp+aPkOmGkgogICAgICAgICAgICDop6blj5Hl
jp/lm6A6IOS7t+agvOS4iua2qOi2hei/h+aVtOaVsOWPmOWMlgogICAgICAgICAgICDlvZPliY3m
l7bpl7Q6IDIwMjYtMDMtMjAgMTA6NTE6MzYKICAgICAgICAgICAg5pWw5o2u5pe26Ze0OiAyMDI2
LTAzLTIwIDEwOjUxOjM2CiAgICAgICAgICAgIOW9k+WJjeS7t+agvDogNDk1Ni4zNDcxNjEwNTE3
MzcKICAgICAgICAgICAg5bey6Kem5Y+R55uu5qCHOiBbNDk1MF0KCiAgICAgICAgICAgIOS4iuas
oeaJk+WNsOaXtumXtDogMjAyNi0wMy0yMCAxMDo1MTozNgogICAgICAgICAgICDkuIrmrKHmiZPl
jbDku7fmoLw6IDQ5NTYuMzQ3MTYxMDUxNzM3ICDlvZPliY3ku7fmoLw6IDQ5NTYuMzQ3MTYxMDUx
NzM3CiAgICAgICAgICAgIA==

--===============9180539729778961953==--

2026-03-20 10:51:36,309 - ERROR - 监控异常: [Errno 11001] getaddrinfo failed
2026-03-20 10:51:51,326 - INFO - 
============================================================
2026-03-20 10:51:51,326 - INFO - 触发原因: 打印调试
2026-03-20 10:51:51,326 - INFO - 当前时间: 2026-03-20 10:51:51
2026-03-20 10:51:51,327 - INFO - 数据时间: 2026-03-20 10:51:51
2026-03-20 10:51:51,327 - INFO - 当前价格: 4945.206522336462
2026-03-20 10:51:51,327 - INFO - 上次打印时间: 2026-03-20 10:51:36
2026-03-20 10:51:51,327 - INFO - 上次打印价格: 4956.347161051737
2026-03-20 10:51:51,327 - INFO - 当前价格: 4945.206522336462
2026-03-20 10:51:51,328 - INFO - ============================================================

2026-03-20 10:51:51,328 - INFO - 
============================================================
2026-03-20 10:51:51,328 - INFO - 触发原因: 价格下跌超过整数变化
2026-03-20 10:51:51,328 - INFO - 当前时间: 2026-03-20 10:51:51
2026-03-20 10:51:51,328 - INFO - 数据时间: 2026-03-20 10:51:51
2026-03-20 10:51:51,328 - INFO - 当前价格: 4945.206522336462
2026-03-20 10:51:51,329 - INFO - 上次打印时间: 2026-03-20 10:51:36
2026-03-20 10:51:51,329 - INFO - 上次打印价格: 4956.347161051737
2026-03-20 10:51:51,329 - INFO - 当前价格: 4945.206522336462
2026-03-20 10:51:51,330 - INFO - Content-Type: multipart/mixed; boundary="===============3781499004639314759=="
MIME-Version: 1.0
Subject: =?utf-8?b?6buE6YeR5Lu35qC85o+Q6YaSIC0g5Lu35qC85LiL6LeM6LaF6L+H5pW05pWw5Y+Y5YyWLOW9k+WJjeS7t+agvDQ5NDUuMjA2NTIyMzM2NDYy?=
From: 2741023538@qq.com
To: 2741023538@qq.com

--===============3781499004639314759==
Content-Type: text/plain; charset="utf-8"
MIME-Version: 1.0
Content-Transfer-Encoding: base64

CiAgICAgICAgICAgIOm7hOmHkeS7t+agvOebkeaOp+aPkOmGkgogICAgICAgICAgICDop6blj5Hl
jp/lm6A6IOS7t+agvOS4i+i3jOi2hei/h+aVtOaVsOWPmOWMlgogICAgICAgICAgICDlvZPliY3m
l7bpl7Q6IDIwMjYtMDMtMjAgMTA6NTE6NTEKICAgICAgICAgICAg5pWw5o2u5pe26Ze0OiAyMDI2
LTAzLTIwIDEwOjUxOjUxCiAgICAgICAgICAgIOW9k+WJjeS7t+agvDogNDk0NS4yMDY1MjIzMzY0
NjIKICAgICAgICAgICAg5bey6Kem5Y+R55uu5qCHOiBbNDk1MF0KCiAgICAgICAgICAgIOS4iuas
oeaJk+WNsOaXtumXtDogMjAyNi0wMy0yMCAxMDo1MTo1MQogICAgICAgICAgICDkuIrmrKHmiZPl
jbDku7fmoLw6IDQ5NDUuMjA2NTIyMzM2NDYyICDlvZPliY3ku7fmoLw6IDQ5NDUuMjA2NTIyMzM2
NDYyCiAgICAgICAgICAgIA==

--===============3781499004639314759==--

2026-03-20 10:51:51,331 - ERROR - 监控异常: [Errno 11001] getaddrinfo failed
2026-03-20 10:52:06,340 - INFO - 
============================================================
2026-03-20 10:52:06,340 - INFO - 触发原因: 打印调试
2026-03-20 10:52:06,340 - INFO - 当前时间: 2026-03-20 10:52:06
2026-03-20 10:52:06,340 - INFO - 数据时间: 2026-03-20 10:52:06
2026-03-20 10:52:06,340 - INFO - 当前价格: 4940.378153519184
2026-03-20 10:52:06,341 - INFO - 上次打印时间: 2026-03-20 10:51:51
2026-03-20 10:52:06,341 - INFO - 上次打印价格: 4945.206522336462
2026-03-20 10:52:06,341 - INFO - 当前价格: 4940.378153519184
2026-03-20 10:52:06,341 - INFO - ============================================================

2026-03-20 10:52:16,348 - INFO - 
============================================================
2026-03-20 10:52:16,348 - INFO - 触发原因: 打印调试
2026-03-20 10:52:16,348 - INFO - 当前时间: 2026-03-20 10:52:16
2026-03-20 10:52:16,348 - INFO - 数据时间: 2026-03-20 10:52:16
2026-03-20 10:52:16,348 - INFO - 当前价格: 4957.485012315096
2026-03-20 10:52:16,349 - INFO - 上次打印时间: 2026-03-20 10:51:51
2026-03-20 10:52:16,349 - INFO - 上次打印价格: 4945.206522336462
2026-03-20 10:52:16,349 - INFO - 当前价格: 4957.485012315096
2026-03-20 10:52:16,349 - INFO - ============================================================

2026-03-20 10:52:16,349 - INFO - 
============================================================
2026-03-20 10:52:16,349 - INFO - 触发原因: 价格上涨超过整数变化
2026-03-20 10:52:16,349 - INFO - 当前时间: 2026-03-20 10:52:16
2026-03-20 10:52:16,350 - INFO - 数据时间: 2026-03-20 10:52:16
2026-03-20 10:52:16,350 - INFO - 当前价格: 4957.485012315096
2026-03-20 10:52:16,350 - INFO - 上次打印时间: 2026-03-20 10:51:51
2026-03-20 10:52:16,350 - INFO - 上次打印价格: 4945.206522336462
2026-03-20 10:52:16,350 - INFO - 当前价格: 4957.485012315096
2026-03-20 10:52:16,351 - INFO - Content-Type: multipart/mixed; boundary="===============8629023305446116831=="
MIME-Version: 1.0
Subject: =?utf-8?b?6buE6YeR5Lu35qC85o+Q6YaSIC0g5Lu35qC85LiK5rao6LaF6L+H5pW05pWw5Y+Y5YyWLOW9k+WJjeS7t+agvDQ5NTcuNDg1MDEyMzE1MDk2?=
From: 2741023538@qq.com
To: 2741023538@qq.com

--===============8629023305446116831==
Content-Type: text/plain; charset="utf-8"
MIME-Version: 1.0
Content-Transfer-Encoding: base64

CiAgICAgICAgICAgIOm7hOmHkeS7t+agvOebkeaOp+aPkOmGkgogICAgICAgICAgICDop6blj5Hl
jp/lm6A6IOS7t+agvOS4iua2qOi2hei/h+aVtOaVsOWPmOWMlgogICAgICAgICAgICDlvZPliY3m
l7bpl7Q6IDIwMjYtMDMtMjAgMTA6NTI6MTYKICAgICAgICAgICAg5pWw5o2u5pe26Ze0OiAyMDI2
LTAzLTIwIDEwOjUyOjE2CiAgICAgICAgICAgIOW9k+WJjeS7t+agvDogNDk1Ny40ODUwMTIzMTUw
OTYKICAgICAgICAgICAg5bey6Kem5Y+R55uu5qCHOiBbNDk1MF0KCiAgICAgICAgICAgIOS4iuas
oeaJk+WNsOaXtumXtDogMjAyNi0wMy0yMCAxMDo1MjoxNgogICAgICAgICAgICDkuIrmrKHmiZPl
jbDku7fmoLw6IDQ5NTcuNDg1MDEyMzE1MDk2ICDlvZPliY3ku7fmoLw6IDQ5NTcuNDg1MDEyMzE1
MDk2CiAgICAgICAgICAgIA==

--===============8629023305446116831==--

2026-03-20 10:52:16,351 - ERROR - 监控异常: [Errno 11001] getaddrinfo failed
2026-03-20 10:52:31,366 - INFO - 
============================================================
2026-03-20 10:52:31,366 - INFO - 触发原因: 打印调试
2026-03-20 10:52:31,366 - INFO - 当前时间: 2026-03-20 10:52:31
2026-03-20 10:52:31,366 - INFO - 数据时间: 2026-03-20 10:52:31
2026-03-20 10:52:31,366 - INFO - 当前价格: 4959.532384499267
2026-03-20 10:52:31,367 - INFO - 上次打印时间: 2026-03-20 10:52:16
2026-03-20 10:52:31,367 - INFO - 上次打印价格: 4957.485012315096
2026-03-20 10:52:31,367 - INFO - 当前价格: 4959.532384499267
2026-03-20 10:52:31,367 - INFO - ============================================================

2026-03-20 10:52:41,381 - INFO - 
============================================================
2026-03-20 10:52:41,381 - INFO - 触发原因: 打印调试
2026-03-20 10:52:41,381 - INFO - 当前时间: 2026-03-20 10:52:41
2026-03-20 10:52:41,381 - INFO - 数据时间: 2026-03-20 10:52:41
2026-03-20 10:52:41,382 - INFO - 当前价格: 4950.8452991513
2026-03-20 10:52:41,382 - INFO - 上次打印时间: 2026-03-20 10:52:16
2026-03-20 10:52:41,382 - INFO - 上次打印价格: 4957.485012315096
2026-03-20 10:52:41,382 - INFO - 当前价格: 4950.8452991513
2026-03-20 10:52:41,382 - INFO - ============================================================

2026-03-20 10:52:51,393 - INFO - 
============================================================
2026-03-20 10:52:51,393 - INFO - 触发原因: 打印调试
2026-03-20 10:52:51,393 - INFO - 当前时间: 2026-03-20 10:52:51
2026-03-20 10:52:51,393 - INFO - 数据时间: 2026-03-20 10:52:51
2026-03-20 10:52:51,393 - INFO - 当前价格: 4957.257763497629
2026-03-20 10:52:51,393 - INFO - 上次打印时间: 2026-03-20 10:52:16
2026-03-20 10:52:51,393 - INFO - 上次打印价格: 4957.485012315096
2026-03-20 10:52:51,393 - INFO - 当前价格: 4957.257763497629
2026-03-20 10:52:51,393 - INFO - ============================================================

2026-03-20 10:53:01,397 - INFO - 
============================================================
2026-03-20 10:53:01,397 - INFO - 触发原因: 打印调试
2026-03-20 10:53:01,397 - INFO - 当前时间: 2026-03-20 10:53:01
2026-03-20 10:53:01,397 - INFO - 数据时间: 2026-03-20 10:53:01
2026-03-20 10:53:01,397 - INFO - 当前价格: 4952.965019967363
2026-03-20 10:53:01,397 - INFO - 上次打印时间: 2026-03-20 10:52:16
2026-03-20 10:53:01,397 - INFO - 上次打印价格: 4957.485012315096
2026-03-20 10:53:01,397 - INFO - 当前价格: 4952.965019967363
2026-03-20 10:53:01,397 - INFO - ============================================================

2026-03-20 10:53:11,407 - INFO - 
============================================================
2026-03-20 10:53:11,407 - INFO - 触发原因: 打印调试
2026-03-20 10:53:11,408 - INFO - 当前时间: 2026-03-20 10:53:11
2026-03-20 10:53:11,408 - INFO - 数据时间: 2026-03-20 10:53:11
2026-03-20 10:53:11,408 - INFO - 当前价格: 4956.537965060969
2026-03-20 10:53:11,408 - INFO - 上次打印时间: 2026-03-20 10:52:16
2026-03-20 10:53:11,408 - INFO - 上次打印价格: 4957.485012315096
2026-03-20 10:53:11,408 - INFO - 当前价格: 4956.537965060969
2026-03-20 10:53:11,408 - INFO - ============================================================

2026-03-20 10:53:21,412 - INFO - 
============================================================
2026-03-20 10:53:21,412 - INFO - 触发原因: 打印调试
2026-03-20 10:53:21,412 - INFO - 当前时间: 2026-03-20 10:53:21
2026-03-20 10:53:21,412 - INFO - 数据时间: 2026-03-20 10:53:21
2026-03-20 10:53:21,412 - INFO - 当前价格: 4956.530756613159
2026-03-20 10:53:21,413 - INFO - 上次打印时间: 2026-03-20 10:52:16
2026-03-20 10:53:21,413 - INFO - 上次打印价格: 4957.485012315096
2026-03-20 10:53:21,413 - INFO - 当前价格: 4956.530756613159
2026-03-20 10:53:21,413 - INFO - ============================================================

2026-03-20 10:53:31,418 - INFO - 
============================================================
2026-03-20 10:53:31,418 - INFO - 触发原因: 打印调试
2026-03-20 10:53:31,418 - INFO - 当前时间: 2026-03-20 10:53:31
2026-03-20 10:53:31,418 - INFO - 数据时间: 2026-03-20 10:53:31
2026-03-20 10:53:31,418 - INFO - 当前价格: 4956.23717888419
2026-03-20 10:53:31,419 - INFO - 上次打印时间: 2026-03-20 10:52:16
2026-03-20 10:53:31,419 - INFO - 上次打印价格: 4957.485012315096
2026-03-20 10:53:31,419 - INFO - 当前价格: 4956.23717888419
2026-03-20 10:53:31,419 - INFO - ============================================================

2026-03-20 10:53:41,421 - INFO - 
============================================================
2026-03-20 10:53:41,422 - INFO - 触发原因: 打印调试
2026-03-20 10:53:41,422 - INFO - 当前时间: 2026-03-20 10:53:41
2026-03-20 10:53:41,422 - INFO - 数据时间: 2026-03-20 10:53:41
2026-03-20 10:53:41,422 - INFO - 当前价格: 4956.844980339965
2026-03-20 10:53:41,422 - INFO - 上次打印时间: 2026-03-20 10:52:16
2026-03-20 10:53:41,423 - INFO - 上次打印价格: 4957.485012315096
2026-03-20 10:53:41,423 - INFO - 当前价格: 4956.844980339965
2026-03-20 10:53:41,423 - INFO - ============================================================

2026-03-20 10:53:51,435 - INFO - 
============================================================
2026-03-20 10:53:51,435 - INFO - 触发原因: 打印调试
2026-03-20 10:53:51,435 - INFO - 当前时间: 2026-03-20 10:53:51
2026-03-20 10:53:51,435 - INFO - 数据时间: 2026-03-20 10:53:51
2026-03-20 10:53:51,435 - INFO - 当前价格: 4953.528522714676
2026-03-20 10:53:51,436 - INFO - 上次打印时间: 2026-03-20 10:52:16
2026-03-20 10:53:51,436 - INFO - 上次打印价格: 4957.485012315096
2026-03-20 10:53:51,436 - INFO - 当前价格: 4953.528522714676
2026-03-20 10:53:51,436 - INFO - ============================================================

2026-03-20 10:54:01,436 - INFO - 
============================================================
2026-03-20 10:54:01,437 - INFO - 触发原因: 打印调试
2026-03-20 10:54:01,437 - INFO - 当前时间: 2026-03-20 10:54:01
2026-03-20 10:54:01,437 - INFO - 数据时间: 2026-03-20 10:54:01
2026-03-20 10:54:01,437 - INFO - 当前价格: 4955.819542214481
2026-03-20 10:54:01,437 - INFO - 上次打印时间: 2026-03-20 10:52:16
2026-03-20 10:54:01,437 - INFO - 上次打印价格: 4957.485012315096
2026-03-20 10:54:01,437 - INFO - 当前价格: 4955.819542214481
2026-03-20 10:54:01,438 - INFO - ============================================================

2026-03-20 10:54:11,448 - INFO - 
============================================================
2026-03-20 10:54:11,448 - INFO - 触发原因: 打印调试
2026-03-20 10:54:11,449 - INFO - 当前时间: 2026-03-20 10:54:11
2026-03-20 10:54:11,449 - INFO - 数据时间: 2026-03-20 10:54:11
2026-03-20 10:54:11,449 - INFO - 当前价格: 4957.4478194477415
2026-03-20 10:54:11,449 - INFO - 上次打印时间: 2026-03-20 10:52:16
2026-03-20 10:54:11,449 - INFO - 上次打印价格: 4957.485012315096
2026-03-20 10:54:11,449 - INFO - 当前价格: 4957.4478194477415
2026-03-20 10:54:11,449 - INFO - ============================================================

2026-03-20 10:54:21,452 - INFO - 
============================================================
2026-03-20 10:54:21,452 - INFO - 触发原因: 打印调试
2026-03-20 10:54:21,452 - INFO - 当前时间: 2026-03-20 10:54:21
2026-03-20 10:54:21,452 - INFO - 数据时间: 2026-03-20 10:54:21
2026-03-20 10:54:21,452 - INFO - 当前价格: 4952.52266237707
2026-03-20 10:54:21,452 - INFO - 上次打印时间: 2026-03-20 10:52:16
2026-03-20 10:54:21,453 - INFO - 上次打印价格: 4957.485012315096
2026-03-20 10:54:21,453 - INFO - 当前价格: 4952.52266237707
2026-03-20 10:54:21,453 - INFO - ============================================================

2026-03-20 10:54:31,455 - INFO - 
============================================================
2026-03-20 10:54:31,455 - INFO - 触发原因: 打印调试
2026-03-20 10:54:31,455 - INFO - 当前时间: 2026-03-20 10:54:31
2026-03-20 10:54:31,455 - INFO - 数据时间: 2026-03-20 10:54:31
2026-03-20 10:54:31,456 - INFO - 当前价格: 4959.320339348211
2026-03-20 10:54:31,456 - INFO - 上次打印时间: 2026-03-20 10:52:16
2026-03-20 10:54:31,456 - INFO - 上次打印价格: 4957.485012315096
2026-03-20 10:54:31,456 - INFO - 当前价格: 4959.320339348211
2026-03-20 10:54:31,456 - INFO - ============================================================

2026-03-20 10:54:41,461 - INFO - 
============================================================
2026-03-20 10:54:41,461 - INFO - 触发原因: 打印调试
2026-03-20 10:54:41,461 - INFO - 当前时间: 2026-03-20 10:54:41
2026-03-20 10:54:41,461 - INFO - 数据时间: 2026-03-20 10:54:41
2026-03-20 10:54:41,462 - INFO - 当前价格: 4947.6779707298165
2026-03-20 10:54:41,462 - INFO - 上次打印时间: 2026-03-20 10:52:16
2026-03-20 10:54:41,462 - INFO - 上次打印价格: 4957.485012315096
2026-03-20 10:54:41,462 - INFO - 当前价格: 4947.6779707298165
2026-03-20 10:54:41,462 - INFO - ============================================================

2026-03-20 10:54:41,462 - INFO - 
============================================================
2026-03-20 10:54:41,462 - INFO - 触发原因: 价格下跌超过整数变化
2026-03-20 10:54:41,462 - INFO - 当前时间: 2026-03-20 10:54:41
2026-03-20 10:54:41,463 - INFO - 数据时间: 2026-03-20 10:54:41
2026-03-20 10:54:41,463 - INFO - 当前价格: 4947.6779707298165
2026-03-20 10:54:41,463 - INFO - 上次打印时间: 2026-03-20 10:52:16
2026-03-20 10:54:41,463 - INFO - 上次打印价格: 4957.485012315096
2026-03-20 10:54:41,463 - INFO - 当前价格: 4947.6779707298165
2026-03-20 10:54:41,463 - INFO - Content-Type: multipart/mixed; boundary="===============1337938018479174319=="
MIME-Version: 1.0
Subject: =?utf-8?b?6buE6YeR5Lu35qC85o+Q6YaSIC0g5Lu35qC85LiL6LeM6LaF6L+H5pW05pWw5Y+Y5YyWLOW9k+WJjeS7t+agvDQ5NDcuNjc3OTcwNzI5ODE2NQ==?=
From: 2741023538@qq.com
To: 2741023538@qq.com

--===============1337938018479174319==
Content-Type: text/plain; charset="utf-8"
MIME-Version: 1.0
Content-Transfer-Encoding: base64

CiAgICAgICAgICAgIOm7hOmHkeS7t+agvOebkeaOp+aPkOmGkgogICAgICAgICAgICDop6blj5Hl
jp/lm6A6IOS7t+agvOS4i+i3jOi2hei/h+aVtOaVsOWPmOWMlgogICAgICAgICAgICDlvZPliY3m
l7bpl7Q6IDIwMjYtMDMtMjAgMTA6NTQ6NDEKICAgICAgICAgICAg5pWw5o2u5pe26Ze0OiAyMDI2
LTAzLTIwIDEwOjU0OjQxCiAgICAgICAgICAgIOW9k+WJjeS7t+agvDogNDk0Ny42Nzc5NzA3Mjk4
MTY1CiAgICAgICAgICAgIOW3suinpuWPkeebruaghzogWzQ5NTBdCgogICAgICAgICAgICDkuIrm
rKHmiZPljbDml7bpl7Q6IDIwMjYtMDMtMjAgMTA6NTQ6NDEKICAgICAgICAgICAg5LiK5qyh5omT
5Y2w5Lu35qC8OiA0OTQ3LjY3Nzk3MDcyOTgxNjUgIOW9k+WJjeS7t+agvDogNDk0Ny42Nzc5NzA3
Mjk4MTY1CiAgICAgICAgICAgIA==

--===============1337938018479174319==--

2026-03-20 10:54:41,464 - ERROR - 监控异常: [Errno 11001] getaddrinfo failed
2026-03-20 10:54:56,483 - INFO - 
============================================================
2026-03-20 10:54:56,483 - INFO - 触发原因: 打印调试
2026-03-20 10:54:56,483 - INFO - 当前时间: 2026-03-20 10:54:56
2026-03-20 10:54:56,484 - INFO - 数据时间: 2026-03-20 10:54:56
2026-03-20 10:54:56,484 - INFO - 当前价格: 4941.831288565058
2026-03-20 10:54:56,484 - INFO - 上次打印时间: 2026-03-20 10:54:41
2026-03-20 10:54:56,484 - INFO - 上次打印价格: 4947.6779707298165
2026-03-20 10:54:56,484 - INFO - 当前价格: 4941.831288565058
2026-03-20 10:54:56,484 - INFO - ============================================================

2026-03-20 10:55:06,496 - INFO - 
============================================================
2026-03-20 10:55:06,496 - INFO - 触发原因: 打印调试
2026-03-20 10:55:06,496 - INFO - 当前时间: 2026-03-20 10:55:06
2026-03-20 10:55:06,496 - INFO - 数据时间: 2026-03-20 10:55:06
2026-03-20 10:55:06,496 - INFO - 当前价格: 4952.733192088577
2026-03-20 10:55:06,497 - INFO - 上次打印时间: 2026-03-20 10:54:41
2026-03-20 10:55:06,497 - INFO - 上次打印价格: 4947.6779707298165
2026-03-20 10:55:06,497 - INFO - 当前价格: 4952.733192088577
2026-03-20 10:55:06,497 - INFO - ============================================================

2026-03-20 10:55:16,506 - INFO - 
============================================================
2026-03-20 10:55:16,506 - INFO - 触发原因: 打印调试
2026-03-20 10:55:16,506 - INFO - 当前时间: 2026-03-20 10:55:16
2026-03-20 10:55:16,507 - INFO - 数据时间: 2026-03-20 10:55:16
2026-03-20 10:55:16,507 - INFO - 当前价格: 4954.263282335459
2026-03-20 10:55:16,507 - INFO - 上次打印时间: 2026-03-20 10:54:41
2026-03-20 10:55:16,507 - INFO - 上次打印价格: 4947.6779707298165
2026-03-20 10:55:16,507 - INFO - 当前价格: 4954.263282335459
2026-03-20 10:55:16,507 - INFO - ============================================================

2026-03-20 10:55:26,510 - INFO - 
============================================================
2026-03-20 10:55:26,510 - INFO - 触发原因: 打印调试
2026-03-20 10:55:26,510 - INFO - 当前时间: 2026-03-20 10:55:26
2026-03-20 10:55:26,510 - INFO - 数据时间: 2026-03-20 10:55:26
2026-03-20 10:55:26,510 - INFO - 当前价格: 4953.0290191473505
2026-03-20 10:55:26,510 - INFO - 上次打印时间: 2026-03-20 10:54:41
2026-03-20 10:55:26,511 - INFO - 上次打印价格: 4947.6779707298165
2026-03-20 10:55:26,511 - INFO - 当前价格: 4953.0290191473505
2026-03-20 10:55:26,511 - INFO - ============================================================

2026-03-20 10:55:36,517 - INFO - 
============================================================
2026-03-20 10:55:36,518 - INFO - 触发原因: 打印调试
2026-03-20 10:55:36,518 - INFO - 当前时间: 2026-03-20 10:55:36
2026-03-20 10:55:36,518 - INFO - 数据时间: 2026-03-20 10:55:36
2026-03-20 10:55:36,518 - INFO - 当前价格: 4946.984076187223
2026-03-20 10:55:36,518 - INFO - 上次打印时间: 2026-03-20 10:54:41
2026-03-20 10:55:36,518 - INFO - 上次打印价格: 4947.6779707298165
2026-03-20 10:55:36,518 - INFO - 当前价格: 4946.984076187223
2026-03-20 10:55:36,518 - INFO - ============================================================

2026-03-20 10:55:46,520 - INFO - 
============================================================
2026-03-20 10:55:46,520 - INFO - 触发原因: 打印调试
2026-03-20 10:55:46,520 - INFO - 当前时间: 2026-03-20 10:55:46
2026-03-20 10:55:46,520 - INFO - 数据时间: 2026-03-20 10:55:46
2026-03-20 10:55:46,520 - INFO - 当前价格: 4946.476434490566
2026-03-20 10:55:46,520 - INFO - 上次打印时间: 2026-03-20 10:54:41
2026-03-20 10:55:46,521 - INFO - 上次打印价格: 4947.6779707298165
2026-03-20 10:55:46,521 - INFO - 当前价格: 4946.476434490566
2026-03-20 10:55:46,521 - INFO - ============================================================

2026-03-20 10:55:56,521 - INFO - 
============================================================
2026-03-20 10:55:56,522 - INFO - 触发原因: 打印调试
2026-03-20 10:55:56,522 - INFO - 当前时间: 2026-03-20 10:55:56
2026-03-20 10:55:56,522 - INFO - 数据时间: 2026-03-20 10:55:56
2026-03-20 10:55:56,522 - INFO - 当前价格: 4958.439195556697
2026-03-20 10:55:56,523 - INFO - 上次打印时间: 2026-03-20 10:54:41
2026-03-20 10:55:56,523 - INFO - 上次打印价格: 4947.6779707298165
2026-03-20 10:55:56,523 - INFO - 当前价格: 4958.439195556697
2026-03-20 10:55:56,523 - INFO - ============================================================

2026-03-20 10:55:56,523 - INFO - 
============================================================
2026-03-20 10:55:56,524 - INFO - 触发原因: 价格上涨超过整数变化
2026-03-20 10:55:56,524 - INFO - 当前时间: 2026-03-20 10:55:56
2026-03-20 10:55:56,524 - INFO - 数据时间: 2026-03-20 10:55:56
2026-03-20 10:55:56,524 - INFO - 当前价格: 4958.439195556697
2026-03-20 10:55:56,524 - INFO - 上次打印时间: 2026-03-20 10:54:41
2026-03-20 10:55:56,524 - INFO - 上次打印价格: 4947.6779707298165
2026-03-20 10:55:56,524 - INFO - 当前价格: 4958.439195556697
2026-03-20 10:55:56,525 - INFO - Content-Type: multipart/mixed; boundary="===============4255611885939461536=="
MIME-Version: 1.0
Subject: =?utf-8?b?6buE6YeR5Lu35qC85o+Q6YaSIC0g5Lu35qC85LiK5rao6LaF6L+H5pW05pWw5Y+Y5YyWLOW9k+WJjeS7t+agvDQ5NTguNDM5MTk1NTU2Njk3?=
From: 2741023538@qq.com
To: 2741023538@qq.com

--===============4255611885939461536==
Content-Type: text/plain; charset="utf-8"
MIME-Version: 1.0
Content-Transfer-Encoding: base64

CiAgICAgICAgICAgIOm7hOmHkeS7t+agvOebkeaOp+aPkOmGkgogICAgICAgICAgICDop6blj5Hl
jp/lm6A6IOS7t+agvOS4iua2qOi2hei/h+aVtOaVsOWPmOWMlgogICAgICAgICAgICDlvZPliY3m
l7bpl7Q6IDIwMjYtMDMtMjAgMTA6NTU6NTYKICAgICAgICAgICAg5pWw5o2u5pe26Ze0OiAyMDI2
LTAzLTIwIDEwOjU1OjU2CiAgICAgICAgICAgIOW9k+WJjeS7t+agvDogNDk1OC40MzkxOTU1NTY2
OTcKICAgICAgICAgICAg5bey6Kem5Y+R55uu5qCHOiBbNDk1MF0KCiAgICAgICAgICAgIOS4iuas
oeaJk+WNsOaXtumXtDogMjAyNi0wMy0yMCAxMDo1NTo1NgogICAgICAgICAgICDkuIrmrKHmiZPl
jbDku7fmoLw6IDQ5NTguNDM5MTk1NTU2Njk3ICDlvZPliY3ku7fmoLw6IDQ5NTguNDM5MTk1NTU2
Njk3CiAgICAgICAgICAgIA==

--===============4255611885939461536==--

2026-03-20 10:55:56,525 - ERROR - 监控异常: [Errno 11001] getaddrinfo failed
2026-03-20 10:56:11,545 - INFO - 
============================================================
2026-03-20 10:56:11,545 - INFO - 触发原因: 打印调试
2026-03-20 10:56:11,546 - INFO - 当前时间: 2026-03-20 10:56:11
2026-03-20 10:56:11,546 - INFO - 数据时间: 2026-03-20 10:56:11
2026-03-20 10:56:11,546 - INFO - 当前价格: 4953.149081104127
2026-03-20 10:56:11,546 - INFO - 上次打印时间: 2026-03-20 10:55:56
2026-03-20 10:56:11,546 - INFO - 上次打印价格: 4958.439195556697
2026-03-20 10:56:11,546 - INFO - 当前价格: 4953.149081104127
2026-03-20 10:56:11,546 - INFO - ============================================================

2026-03-20 10:56:21,552 - INFO - 
============================================================
2026-03-20 10:56:21,552 - INFO - 触发原因: 打印调试
2026-03-20 10:56:21,552 - INFO - 当前时间: 2026-03-20 10:56:21
2026-03-20 10:56:21,552 - INFO - 数据时间: 2026-03-20 10:56:21
2026-03-20 10:56:21,552 - INFO - 当前价格: 4940.361196425111
2026-03-20 10:56:21,553 - INFO - 上次打印时间: 2026-03-20 10:55:56
2026-03-20 10:56:21,553 - INFO - 上次打印价格: 4958.439195556697
2026-03-20 10:56:21,553 - INFO - 当前价格: 4940.361196425111
2026-03-20 10:56:21,553 - INFO - ============================================================

2026-03-20 10:56:21,553 - INFO - 
============================================================
2026-03-20 10:56:21,553 - INFO - 触发原因: 价格下跌超过整数变化
2026-03-20 10:56:21,553 - INFO - 当前时间: 2026-03-20 10:56:21
2026-03-20 10:56:21,554 - INFO - 数据时间: 2026-03-20 10:56:21
2026-03-20 10:56:21,554 - INFO - 当前价格: 4940.361196425111
2026-03-20 10:56:21,554 - INFO - 上次打印时间: 2026-03-20 10:55:56
2026-03-20 10:56:21,554 - INFO - 上次打印价格: 4958.439195556697
2026-03-20 10:56:21,554 - INFO - 当前价格: 4940.361196425111
2026-03-20 10:56:21,555 - INFO - Content-Type: multipart/mixed; boundary="===============2713581733553799678=="
MIME-Version: 1.0
Subject: =?utf-8?b?6buE6YeR5Lu35qC85o+Q6YaSIC0g5Lu35qC85LiL6LeM6LaF6L+H5pW05pWw5Y+Y5YyWLOW9k+WJjeS7t+agvDQ5NDAuMzYxMTk2NDI1MTEx?=
From: 2741023538@qq.com
To: 2741023538@qq.com

--===============2713581733553799678==
Content-Type: text/plain; charset="utf-8"
MIME-Version: 1.0
Content-Transfer-Encoding: base64

CiAgICAgICAgICAgIOm7hOmHkeS7t+agvOebkeaOp+aPkOmGkgogICAgICAgICAgICDop6blj5Hl
jp/lm6A6IOS7t+agvOS4i+i3jOi2hei/h+aVtOaVsOWPmOWMlgogICAgICAgICAgICDlvZPliY3m
l7bpl7Q6IDIwMjYtMDMtMjAgMTA6NTY6MjEKICAgICAgICAgICAg5pWw5o2u5pe26Ze0OiAyMDI2
LTAzLTIwIDEwOjU2OjIxCiAgICAgICAgICAgIOW9k+WJjeS7t+agvDogNDk0MC4zNjExOTY0MjUx
MTEKICAgICAgICAgICAg5bey6Kem5Y+R55uu5qCHOiBbNDk1MF0KCiAgICAgICAgICAgIOS4iuas
oeaJk+WNsOaXtumXtDogMjAyNi0wMy0yMCAxMDo1NjoyMQogICAgICAgICAgICDkuIrmrKHmiZPl
jbDku7fmoLw6IDQ5NDAuMzYxMTk2NDI1MTExICDlvZPliY3ku7fmoLw6IDQ5NDAuMzYxMTk2NDI1
MTExCiAgICAgICAgICAgIA==

--===============2713581733553799678==--

2026-03-20 10:56:21,821 - INFO - 正在连接到 smtp.qq.com:465
2026-03-20 10:56:21,821 - INFO - 使用用户名: 2741023538@qq.com
2026-03-20 10:56:21,876 - ERROR - 监控异常: 'ascii' codec can't encode characters in position 19-21: ordinal not in range(128)
2026-03-20 10:56:36,887 - INFO - 
============================================================
2026-03-20 10:56:36,887 - INFO - 触发原因: 打印调试
2026-03-20 10:56:36,888 - INFO - 当前时间: 2026-03-20 10:56:36
2026-03-20 10:56:36,888 - INFO - 数据时间: 2026-03-20 10:56:36
2026-03-20 10:56:36,888 - INFO - 当前价格: 4945.713334741403
2026-03-20 10:56:36,888 - INFO - 上次打印时间: 2026-03-20 10:56:21
2026-03-20 10:56:36,888 - INFO - 上次打印价格: 4940.361196425111
2026-03-20 10:56:36,888 - INFO - 当前价格: 4945.713334741403
2026-03-20 10:56:36,888 - INFO - ============================================================

2026-03-20 10:56:46,892 - INFO - 
============================================================
2026-03-20 10:56:46,892 - INFO - 触发原因: 打印调试
2026-03-20 10:56:46,892 - INFO - 当前时间: 2026-03-20 10:56:46
2026-03-20 10:56:46,892 - INFO - 数据时间: 2026-03-20 10:56:46
2026-03-20 10:56:46,892 - INFO - 当前价格: 4940.050892304279
2026-03-20 10:56:46,892 - INFO - 上次打印时间: 2026-03-20 10:56:21
2026-03-20 10:56:46,892 - INFO - 上次打印价格: 4940.361196425111
2026-03-20 10:56:46,892 - INFO - 当前价格: 4940.050892304279
2026-03-20 10:56:46,893 - INFO - ============================================================

2026-03-20 10:56:56,904 - INFO - 
============================================================
2026-03-20 10:56:56,904 - INFO - 触发原因: 打印调试
2026-03-20 10:56:56,904 - INFO - 当前时间: 2026-03-20 10:56:56
2026-03-20 10:56:56,904 - INFO - 数据时间: 2026-03-20 10:56:56
2026-03-20 10:56:56,904 - INFO - 当前价格: 4945.987958754125
2026-03-20 10:56:56,904 - INFO - 上次打印时间: 2026-03-20 10:56:21
2026-03-20 10:56:56,905 - INFO - 上次打印价格: 4940.361196425111
2026-03-20 10:56:56,905 - INFO - 当前价格: 4945.987958754125
2026-03-20 10:56:56,905 - INFO - ============================================================

2026-03-20 10:57:06,910 - INFO - 
============================================================
2026-03-20 10:57:06,910 - INFO - 触发原因: 打印调试
2026-03-20 10:57:06,910 - INFO - 当前时间: 2026-03-20 10:57:06
2026-03-20 10:57:06,910 - INFO - 数据时间: 2026-03-20 10:57:06
2026-03-20 10:57:06,910 - INFO - 当前价格: 4947.671144533022
2026-03-20 10:57:06,911 - INFO - 上次打印时间: 2026-03-20 10:56:21
2026-03-20 10:57:06,911 - INFO - 上次打印价格: 4940.361196425111
2026-03-20 10:57:06,911 - INFO - 当前价格: 4947.671144533022
2026-03-20 10:57:06,911 - INFO - ============================================================

2026-03-20 10:57:16,921 - INFO - 
============================================================
2026-03-20 10:57:16,921 - INFO - 触发原因: 打印调试
2026-03-20 10:57:16,921 - INFO - 当前时间: 2026-03-20 10:57:16
2026-03-20 10:57:16,921 - INFO - 数据时间: 2026-03-20 10:57:16
2026-03-20 10:57:16,921 - INFO - 当前价格: 4947.700070050206
2026-03-20 10:57:16,921 - INFO - 上次打印时间: 2026-03-20 10:56:21
2026-03-20 10:57:16,922 - INFO - 上次打印价格: 4940.361196425111
2026-03-20 10:57:16,922 - INFO - 当前价格: 4947.700070050206
2026-03-20 10:57:16,922 - INFO - ============================================================

2026-03-20 10:57:26,926 - INFO - 
============================================================
2026-03-20 10:57:26,926 - INFO - 触发原因: 打印调试
2026-03-20 10:57:26,926 - INFO - 当前时间: 2026-03-20 10:57:26
2026-03-20 10:57:26,926 - INFO - 数据时间: 2026-03-20 10:57:26
2026-03-20 10:57:26,926 - INFO - 当前价格: 4953.018810084039
2026-03-20 10:57:26,927 - INFO - 上次打印时间: 2026-03-20 10:56:21
2026-03-20 10:57:26,927 - INFO - 上次打印价格: 4940.361196425111
2026-03-20 10:57:26,927 - INFO - 当前价格: 4953.018810084039
2026-03-20 10:57:26,927 - INFO - ============================================================

2026-03-20 10:57:26,927 - INFO - 
============================================================
2026-03-20 10:57:26,927 - INFO - 触发原因: 价格上涨超过整数变化
2026-03-20 10:57:26,927 - INFO - 当前时间: 2026-03-20 10:57:26
2026-03-20 10:57:26,927 - INFO - 数据时间: 2026-03-20 10:57:26
2026-03-20 10:57:26,927 - INFO - 当前价格: 4953.018810084039
2026-03-20 10:57:26,927 - INFO - 上次打印时间: 2026-03-20 10:56:21
2026-03-20 10:57:26,927 - INFO - 上次打印价格: 4940.361196425111
2026-03-20 10:57:26,927 - INFO - 当前价格: 4953.018810084039
2026-03-20 10:57:26,928 - INFO - Content-Type: multipart/mixed; boundary="===============3823850275904118822=="
MIME-Version: 1.0
Subject: =?utf-8?b?6buE6YeR5Lu35qC85o+Q6YaSIC0g5Lu35qC85LiK5rao6LaF6L+H5pW05pWw5Y+Y5YyWLOW9k+WJjeS7t+agvDQ5NTMuMDE4ODEwMDg0MDM5?=
From: 2741023538@qq.com
To: 2741023538@qq.com

--===============3823850275904118822==
Content-Type: text/plain; charset="utf-8"
MIME-Version: 1.0
Content-Transfer-Encoding: base64

CiAgICAgICAgICAgIOm7hOmHkeS7t+agvOebkeaOp+aPkOmGkgogICAgICAgICAgICDop6blj5Hl
jp/lm6A6IOS7t+agvOS4iua2qOi2hei/h+aVtOaVsOWPmOWMlgogICAgICAgICAgICDlvZPliY3m
l7bpl7Q6IDIwMjYtMDMtMjAgMTA6NTc6MjYKICAgICAgICAgICAg5pWw5o2u5pe26Ze0OiAyMDI2
LTAzLTIwIDEwOjU3OjI2CiAgICAgICAgICAgIOW9k+WJjeS7t+agvDogNDk1My4wMTg4MTAwODQw
MzkKICAgICAgICAgICAg5bey6Kem5Y+R55uu5qCHOiBbNDk1MF0KCiAgICAgICAgICAgIOS4iuas
oeaJk+WNsOaXtumXtDogMjAyNi0wMy0yMCAxMDo1NzoyNgogICAgICAgICAgICDkuIrmrKHmiZPl
jbDku7fmoLw6IDQ5NTMuMDE4ODEwMDg0MDM5ICDlvZPliY3ku7fmoLw6IDQ5NTMuMDE4ODEwMDg0
MDM5CiAgICAgICAgICAgIA==

--===============3823850275904118822==--

2026-03-20 10:57:27,349 - INFO - 正在连接到 smtp.qq.com:465
2026-03-20 10:57:27,350 - INFO - 使用用户名: 2741023538@qq.com
2026-03-20 10:57:27,456 - ERROR - 监控异常: 'ascii' codec can't encode characters in position 19-21: ordinal not in range(128)
2026-03-20 10:57:42,474 - INFO - 
============================================================
2026-03-20 10:57:42,474 - INFO - 触发原因: 打印调试
2026-03-20 10:57:42,475 - INFO - 当前时间: 2026-03-20 10:57:42
2026-03-20 10:57:42,475 - INFO - 数据时间: 2026-03-20 10:57:42
2026-03-20 10:57:42,475 - INFO - 当前价格: 4956.960601147017
2026-03-20 10:57:42,475 - INFO - 上次打印时间: 2026-03-20 10:57:26
2026-03-20 10:57:42,475 - INFO - 上次打印价格: 4953.018810084039
2026-03-20 10:57:42,475 - INFO - 当前价格: 4956.960601147017
2026-03-20 10:57:42,476 - INFO - ============================================================

2026-03-20 10:57:52,488 - INFO - 
============================================================
2026-03-20 10:57:52,488 - INFO - 触发原因: 打印调试
2026-03-20 10:57:52,489 - INFO - 当前时间: 2026-03-20 10:57:52
2026-03-20 10:57:52,489 - INFO - 数据时间: 2026-03-20 10:57:52
2026-03-20 10:57:52,489 - INFO - 当前价格: 4953.926309366814
2026-03-20 10:57:52,489 - INFO - 上次打印时间: 2026-03-20 10:57:26
2026-03-20 10:57:52,489 - INFO - 上次打印价格: 4953.018810084039
2026-03-20 10:57:52,489 - INFO - 当前价格: 4953.926309366814
2026-03-20 10:57:52,490 - INFO - ============================================================

2026-03-20 10:58:02,499 - INFO - 
============================================================
2026-03-20 10:58:02,499 - INFO - 触发原因: 打印调试
2026-03-20 10:58:02,499 - INFO - 当前时间: 2026-03-20 10:58:02
2026-03-20 10:58:02,499 - INFO - 数据时间: 2026-03-20 10:58:02
2026-03-20 10:58:02,499 - INFO - 当前价格: 4940.024509659987
2026-03-20 10:58:02,500 - INFO - 上次打印时间: 2026-03-20 10:57:26
2026-03-20 10:58:02,500 - INFO - 上次打印价格: 4953.018810084039
2026-03-20 10:58:02,500 - INFO - 当前价格: 4940.024509659987
2026-03-20 10:58:02,500 - INFO - ============================================================

2026-03-20 10:58:02,500 - INFO - 
============================================================
2026-03-20 10:58:02,500 - INFO - 触发原因: 价格下跌超过整数变化
2026-03-20 10:58:02,501 - INFO - 当前时间: 2026-03-20 10:58:02
2026-03-20 10:58:02,501 - INFO - 数据时间: 2026-03-20 10:58:02
2026-03-20 10:58:02,501 - INFO - 当前价格: 4940.024509659987
2026-03-20 10:58:02,501 - INFO - 上次打印时间: 2026-03-20 10:57:26
2026-03-20 10:58:02,501 - INFO - 上次打印价格: 4953.018810084039
2026-03-20 10:58:02,501 - INFO - 当前价格: 4940.024509659987
2026-03-20 10:58:02,503 - INFO - Content-Type: multipart/mixed; boundary="===============4960966693113928395=="
MIME-Version: 1.0
Subject: =?utf-8?b?6buE6YeR5Lu35qC85o+Q6YaSIC0g5Lu35qC85LiL6LeM6LaF6L+H5pW05pWw5Y+Y5YyWLOW9k+WJjeS7t+agvDQ5NDAuMDI0NTA5NjU5OTg3?=
From: 2741023538@qq.com
To: 2741023538@qq.com

--===============4960966693113928395==
Content-Type: text/plain; charset="utf-8"
MIME-Version: 1.0
Content-Transfer-Encoding: base64

CiAgICAgICAgICAgIOm7hOmHkeS7t+agvOebkeaOp+aPkOmGkgogICAgICAgICAgICDop6blj5Hl
jp/lm6A6IOS7t+agvOS4i+i3jOi2hei/h+aVtOaVsOWPmOWMlgogICAgICAgICAgICDlvZPliY3m
l7bpl7Q6IDIwMjYtMDMtMjAgMTA6NTg6MDIKICAgICAgICAgICAg5pWw5o2u5pe26Ze0OiAyMDI2
LTAzLTIwIDEwOjU4OjAyCiAgICAgICAgICAgIOW9k+WJjeS7t+agvDogNDk0MC4wMjQ1MDk2NTk5
ODcKICAgICAgICAgICAg5bey6Kem5Y+R55uu5qCHOiBbNDk1MF0KCiAgICAgICAgICAgIOS4iuas
oeaJk+WNsOaXtumXtDogMjAyNi0wMy0yMCAxMDo1ODowMgogICAgICAgICAgICDkuIrmrKHmiZPl
jbDku7fmoLw6IDQ5NDAuMDI0NTA5NjU5OTg3ICDlvZPliY3ku7fmoLw6IDQ5NDAuMDI0NTA5NjU5
OTg3CiAgICAgICAgICAgIA==

--===============4960966693113928395==--

2026-03-20 10:58:02,818 - INFO - 正在连接到 smtp.qq.com:465
2026-03-20 10:58:02,818 - INFO - 使用用户名: 2741023538@qq.com
2026-03-20 10:58:02,884 - ERROR - 监控异常: 'ascii' codec can't encode characters in position 19-21: ordinal not in range(128)
2026-03-20 10:58:17,904 - INFO - 
============================================================
2026-03-20 10:58:17,904 - INFO - 触发原因: 打印调试
2026-03-20 10:58:17,904 - INFO - 当前时间: 2026-03-20 10:58:17
2026-03-20 10:58:17,905 - INFO - 数据时间: 2026-03-20 10:58:17
2026-03-20 10:58:17,905 - INFO - 当前价格: 4941.163555604332
2026-03-20 10:58:17,905 - INFO - 上次打印时间: 2026-03-20 10:58:02
2026-03-20 10:58:17,905 - INFO - 上次打印价格: 4940.024509659987
2026-03-20 10:58:17,905 - INFO - 当前价格: 4941.163555604332
2026-03-20 10:58:17,906 - INFO - ============================================================

2026-03-20 10:58:27,915 - INFO - 
============================================================
2026-03-20 10:58:27,915 - INFO - 触发原因: 打印调试
2026-03-20 10:58:27,916 - INFO - 当前时间: 2026-03-20 10:58:27
2026-03-20 10:58:27,916 - INFO - 数据时间: 2026-03-20 10:58:27
2026-03-20 10:58:27,916 - INFO - 当前价格: 4951.993396102072
2026-03-20 10:58:27,916 - INFO - 上次打印时间: 2026-03-20 10:58:02
2026-03-20 10:58:27,916 - INFO - 上次打印价格: 4940.024509659987
2026-03-20 10:58:27,916 - INFO - 当前价格: 4951.993396102072
2026-03-20 10:58:27,917 - INFO - ============================================================

2026-03-20 10:58:27,917 - INFO - 
============================================================
2026-03-20 10:58:27,917 - INFO - 触发原因: 价格上涨超过整数变化
2026-03-20 10:58:27,917 - INFO - 当前时间: 2026-03-20 10:58:27
2026-03-20 10:58:27,917 - INFO - 数据时间: 2026-03-20 10:58:27
2026-03-20 10:58:27,917 - INFO - 当前价格: 4951.993396102072
2026-03-20 10:58:27,917 - INFO - 上次打印时间: 2026-03-20 10:58:02
2026-03-20 10:58:27,917 - INFO - 上次打印价格: 4940.024509659987
2026-03-20 10:58:27,917 - INFO - 当前价格: 4951.993396102072
2026-03-20 10:58:27,918 - INFO - Content-Type: multipart/mixed; boundary="===============6326736457768053034=="
MIME-Version: 1.0
Subject: =?utf-8?b?6buE6YeR5Lu35qC85o+Q6YaSIC0g5Lu35qC85LiK5rao6LaF6L+H5pW05pWw5Y+Y5YyWLOW9k+WJjeS7t+agvDQ5NTEuOTkzMzk2MTAyMDcy?=
From: 2741023538@qq.com
To: 2741023538@qq.com

--===============6326736457768053034==
Content-Type: text/plain; charset="utf-8"
MIME-Version: 1.0
Content-Transfer-Encoding: base64

CiAgICAgICAgICAgIOm7hOmHkeS7t+agvOebkeaOp+aPkOmGkgogICAgICAgICAgICDop6blj5Hl
jp/lm6A6IOS7t+agvOS4iua2qOi2hei/h+aVtOaVsOWPmOWMlgogICAgICAgICAgICDlvZPliY3m
l7bpl7Q6IDIwMjYtMDMtMjAgMTA6NTg6MjcKICAgICAgICAgICAg5pWw5o2u5pe26Ze0OiAyMDI2
LTAzLTIwIDEwOjU4OjI3CiAgICAgICAgICAgIOW9k+WJjeS7t+agvDogNDk1MS45OTMzOTYxMDIw
NzIKICAgICAgICAgICAg5bey6Kem5Y+R55uu5qCHOiBbNDk1MF0KCiAgICAgICAgICAgIOS4iuas
oeaJk+WNsOaXtumXtDogMjAyNi0wMy0yMCAxMDo1ODoyNwogICAgICAgICAgICDkuIrmrKHmiZPl
jbDku7fmoLw6IDQ5NTEuOTkzMzk2MTAyMDcyICDlvZPliY3ku7fmoLw6IDQ5NTEuOTkzMzk2MTAy
MDcyCiAgICAgICAgICAgIA==

--===============6326736457768053034==--

2026-03-20 10:58:28,200 - INFO - 正在连接到 smtp.qq.com:465
2026-03-20 10:58:28,200 - INFO - 使用用户名: 2741023538@qq.com
2026-03-20 10:58:28,258 - ERROR - 监控异常: 'ascii' codec can't encode characters in position 19-21: ordinal not in range(128)
2026-03-20 10:58:43,283 - INFO - 
============================================================
2026-03-20 10:58:43,283 - INFO - 触发原因: 打印调试
2026-03-20 10:58:43,284 - INFO - 当前时间: 2026-03-20 10:58:43
2026-03-20 10:58:43,284 - INFO - 数据时间: 2026-03-20 10:58:43
2026-03-20 10:58:43,284 - INFO - 当前价格: 4947.084688245144
2026-03-20 10:58:43,285 - INFO - 上次打印时间: 2026-03-20 10:58:27
2026-03-20 10:58:43,285 - INFO - 上次打印价格: 4951.993396102072
2026-03-20 10:58:43,285 - INFO - 当前价格: 4947.084688245144
2026-03-20 10:58:43,285 - INFO - ============================================================

2026-03-20 10:58:53,289 - INFO - 
============================================================
2026-03-20 10:58:53,290 - INFO - 触发原因: 打印调试
2026-03-20 10:58:53,290 - INFO - 当前时间: 2026-03-20 10:58:53
2026-03-20 10:58:53,290 - INFO - 数据时间: 2026-03-20 10:58:53
2026-03-20 10:58:53,290 - INFO - 当前价格: 4953.123622774188
2026-03-20 10:58:53,290 - INFO - 上次打印时间: 2026-03-20 10:58:27
2026-03-20 10:58:53,290 - INFO - 上次打印价格: 4951.993396102072
2026-03-20 10:58:53,291 - INFO - 当前价格: 4953.123622774188
2026-03-20 10:58:53,291 - INFO - ============================================================

2026-03-20 10:58:53,291 - INFO - 
============================================================
2026-03-20 10:58:53,291 - INFO - 触发原因: 10分钟定时打印
2026-03-20 10:58:53,291 - INFO - 当前时间: 2026-03-20 10:58:53
2026-03-20 10:58:53,291 - INFO - 数据时间: 2026-03-20 10:58:53
2026-03-20 10:58:53,291 - INFO - 当前价格: 4953.123622774188
2026-03-20 10:58:53,291 - INFO - 上次打印时间: 2026-03-20 10:58:27
2026-03-20 10:58:53,291 - INFO - 上次打印价格: 4951.993396102072
2026-03-20 10:58:53,291 - INFO - 当前价格: 4953.123622774188
2026-03-20 10:58:53,292 - INFO - Content-Type: multipart/mixed; boundary="===============3510588581733467707=="
MIME-Version: 1.0
Subject: =?utf-8?b?6buE6YeR5Lu35qC85o+Q6YaSIC0gMTDliIbpkp/lrprml7bmiZPljbAs5b2T5YmN5Lu35qC8NDk1My4xMjM2MjI3NzQxODg=?=
From: 2741023538@qq.com
To: 2741023538@qq.com

--===============3510588581733467707==
Content-Type: text/plain; charset="utf-8"
MIME-Version: 1.0
Content-Transfer-Encoding: base64

CiAgICAgICAgICAgIOm7hOmHkeS7t+agvOebkeaOp+aPkOmGkgogICAgICAgICAgICDop6blj5Hl
jp/lm6A6IDEw5YiG6ZKf5a6a5pe25omT5Y2wCiAgICAgICAgICAgIOW9k+WJjeaXtumXtDogMjAy
Ni0wMy0yMCAxMDo1ODo1MwogICAgICAgICAgICDmlbDmja7ml7bpl7Q6IDIwMjYtMDMtMjAgMTA6
NTg6NTMKICAgICAgICAgICAg5b2T5YmN5Lu35qC8OiA0OTUzLjEyMzYyMjc3NDE4OAogICAgICAg
ICAgICDlt7Lop6blj5Hnm67moIc6IFs0OTUwXQoKICAgICAgICAgICAg5LiK5qyh5omT5Y2w5pe2
6Ze0OiAyMDI2LTAzLTIwIDEwOjU4OjUzCiAgICAgICAgICAgIOS4iuasoeaJk+WNsOS7t+agvDog
NDk1My4xMjM2MjI3NzQxODggIOW9k+WJjeS7t+agvDogNDk1My4xMjM2MjI3NzQxODgKICAgICAg
ICAgICAg

--===============3510588581733467707==--

2026-03-20 10:58:53,538 - INFO - 正在连接到 smtp.qq.com:465
2026-03-20 10:58:53,538 - INFO - 使用用户名: 2741023538@qq.com
2026-03-20 10:58:53,590 - ERROR - 监控异常: 'ascii' codec can't encode characters in position 19-21: ordinal not in range(128)
2026-03-20 10:59:08,602 - INFO - 
============================================================
2026-03-20 10:59:08,602 - INFO - 触发原因: 打印调试
2026-03-20 10:59:08,602 - INFO - 当前时间: 2026-03-20 10:59:08
2026-03-20 10:59:08,602 - INFO - 数据时间: 2026-03-20 10:59:08
2026-03-20 10:59:08,602 - INFO - 当前价格: 4956.935090753907
2026-03-20 10:59:08,602 - INFO - 上次打印时间: 2026-03-20 10:58:53
2026-03-20 10:59:08,602 - INFO - 上次打印价格: 4953.123622774188
2026-03-20 10:59:08,603 - INFO - 当前价格: 4956.935090753907
2026-03-20 10:59:08,603 - INFO - ============================================================

2026-03-20 10:59:18,617 - INFO - 
============================================================
2026-03-20 10:59:18,617 - INFO - 触发原因: 打印调试
2026-03-20 10:59:18,618 - INFO - 当前时间: 2026-03-20 10:59:18
2026-03-20 10:59:18,618 - INFO - 数据时间: 2026-03-20 10:59:18
2026-03-20 10:59:18,618 - INFO - 当前价格: 4949.512316378578
2026-03-20 10:59:18,618 - INFO - 上次打印时间: 2026-03-20 10:58:53
2026-03-20 10:59:18,618 - INFO - 上次打印价格: 4953.123622774188
2026-03-20 10:59:18,618 - INFO - 当前价格: 4949.512316378578
2026-03-20 10:59:18,619 - INFO - ============================================================

2026-03-20 10:59:28,629 - INFO - 
============================================================
2026-03-20 10:59:28,629 - INFO - 触发原因: 打印调试
2026-03-20 10:59:28,629 - INFO - 当前时间: 2026-03-20 10:59:28
2026-03-20 10:59:28,630 - INFO - 数据时间: 2026-03-20 10:59:28
2026-03-20 10:59:28,630 - INFO - 当前价格: 4943.074709996509
2026-03-20 10:59:28,630 - INFO - 上次打印时间: 2026-03-20 10:58:53
2026-03-20 10:59:28,630 - INFO - 上次打印价格: 4953.123622774188
2026-03-20 10:59:28,630 - INFO - 当前价格: 4943.074709996509
2026-03-20 10:59:28,630 - INFO - ============================================================

2026-03-20 10:59:38,633 - INFO - 
============================================================
2026-03-20 10:59:38,633 - INFO - 触发原因: 打印调试
2026-03-20 10:59:38,634 - INFO - 当前时间: 2026-03-20 10:59:38
2026-03-20 10:59:38,634 - INFO - 数据时间: 2026-03-20 10:59:38
2026-03-20 10:59:38,634 - INFO - 当前价格: 4951.779695070398
2026-03-20 10:59:38,634 - INFO - 上次打印时间: 2026-03-20 10:58:53
2026-03-20 10:59:38,634 - INFO - 上次打印价格: 4953.123622774188
2026-03-20 10:59:38,634 - INFO - 当前价格: 4951.779695070398
2026-03-20 10:59:38,635 - INFO - ============================================================

2026-03-20 10:59:48,641 - INFO - 
============================================================
2026-03-20 10:59:48,641 - INFO - 触发原因: 打印调试
2026-03-20 10:59:48,642 - INFO - 当前时间: 2026-03-20 10:59:48
2026-03-20 10:59:48,642 - INFO - 数据时间: 2026-03-20 10:59:48
2026-03-20 10:59:48,642 - INFO - 当前价格: 4947.801673072629
2026-03-20 10:59:48,642 - INFO - 上次打印时间: 2026-03-20 10:58:53
2026-03-20 10:59:48,642 - INFO - 上次打印价格: 4953.123622774188
2026-03-20 10:59:48,642 - INFO - 当前价格: 4947.801673072629
2026-03-20 10:59:48,642 - INFO - ============================================================

2026-03-20 10:59:58,645 - INFO - 
============================================================
2026-03-20 10:59:58,645 - INFO - 触发原因: 打印调试
2026-03-20 10:59:58,645 - INFO - 当前时间: 2026-03-20 10:59:58
2026-03-20 10:59:58,645 - INFO - 数据时间: 2026-03-20 10:59:58
2026-03-20 10:59:58,646 - INFO - 当前价格: 4943.243045413355
2026-03-20 10:59:58,646 - INFO - 上次打印时间: 2026-03-20 10:58:53
2026-03-20 10:59:58,646 - INFO - 上次打印价格: 4953.123622774188
2026-03-20 10:59:58,646 - INFO - 当前价格: 4943.243045413355
2026-03-20 10:59:58,646 - INFO - ============================================================

2026-03-20 11:00:08,660 - INFO - 
============================================================
2026-03-20 11:00:08,661 - INFO - 触发原因: 打印调试
2026-03-20 11:00:08,661 - INFO - 当前时间: 2026-03-20 11:00:08
2026-03-20 11:00:08,661 - INFO - 数据时间: 2026-03-20 11:00:08
2026-03-20 11:00:08,662 - INFO - 当前价格: 4948.583933475344
2026-03-20 11:00:08,662 - INFO - 上次打印时间: 2026-03-20 10:58:53
2026-03-20 11:00:08,662 - INFO - 上次打印价格: 4953.123622774188
2026-03-20 11:00:08,662 - INFO - 当前价格: 4948.583933475344
2026-03-20 11:00:08,663 - INFO - ============================================================

2026-03-20 11:00:18,673 - INFO - 
============================================================
2026-03-20 11:00:18,673 - INFO - 触发原因: 打印调试
2026-03-20 11:00:18,674 - INFO - 当前时间: 2026-03-20 11:00:18
2026-03-20 11:00:18,674 - INFO - 数据时间: 2026-03-20 11:00:18
2026-03-20 11:00:18,674 - INFO - 当前价格: 4952.205451486364
2026-03-20 11:00:18,674 - INFO - 上次打印时间: 2026-03-20 10:58:53
2026-03-20 11:00:18,675 - INFO - 上次打印价格: 4953.123622774188
2026-03-20 11:00:18,675 - INFO - 当前价格: 4952.205451486364
2026-03-20 11:00:18,675 - INFO - ============================================================

2026-03-20 11:00:28,689 - INFO - 
============================================================
2026-03-20 11:00:28,689 - INFO - 触发原因: 打印调试
2026-03-20 11:00:28,690 - INFO - 当前时间: 2026-03-20 11:00:28
2026-03-20 11:00:28,690 - INFO - 数据时间: 2026-03-20 11:00:28
2026-03-20 11:00:28,690 - INFO - 当前价格: 4947.665913619652
2026-03-20 11:00:28,690 - INFO - 上次打印时间: 2026-03-20 10:58:53
2026-03-20 11:00:28,690 - INFO - 上次打印价格: 4953.123622774188
2026-03-20 11:00:28,690 - INFO - 当前价格: 4947.665913619652
2026-03-20 11:00:28,691 - INFO - ============================================================

2026-03-20 11:00:38,699 - INFO - 
============================================================
2026-03-20 11:00:38,699 - INFO - 触发原因: 打印调试
2026-03-20 11:00:38,699 - INFO - 当前时间: 2026-03-20 11:00:38
2026-03-20 11:00:38,699 - INFO - 数据时间: 2026-03-20 11:00:38
2026-03-20 11:00:38,699 - INFO - 当前价格: 4945.810050049005
2026-03-20 11:00:38,700 - INFO - 上次打印时间: 2026-03-20 10:58:53
2026-03-20 11:00:38,700 - INFO - 上次打印价格: 4953.123622774188
2026-03-20 11:00:38,700 - INFO - 当前价格: 4945.810050049005
2026-03-20 11:00:38,700 - INFO - ============================================================

2026-03-20 11:00:48,711 - INFO - 
============================================================
2026-03-20 11:00:48,711 - INFO - 触发原因: 打印调试
2026-03-20 11:00:48,712 - INFO - 当前时间: 2026-03-20 11:00:48
2026-03-20 11:00:48,712 - INFO - 数据时间: 2026-03-20 11:00:48
2026-03-20 11:00:48,712 - INFO - 当前价格: 4955.95123327106
2026-03-20 11:00:48,712 - INFO - 上次打印时间: 2026-03-20 10:58:53
2026-03-20 11:00:48,712 - INFO - 上次打印价格: 4953.123622774188
2026-03-20 11:00:48,713 - INFO - 当前价格: 4955.95123327106
2026-03-20 11:00:48,713 - INFO - ============================================================

2026-03-20 11:00:58,724 - INFO - 
============================================================
2026-03-20 11:00:58,724 - INFO - 触发原因: 打印调试
2026-03-20 11:00:58,724 - INFO - 当前时间: 2026-03-20 11:00:58
2026-03-20 11:00:58,724 - INFO - 数据时间: 2026-03-20 11:00:58
2026-03-20 11:00:58,724 - INFO - 当前价格: 4957.599219861155
2026-03-20 11:00:58,725 - INFO - 上次打印时间: 2026-03-20 10:58:53
2026-03-20 11:00:58,725 - INFO - 上次打印价格: 4953.123622774188
2026-03-20 11:00:58,725 - INFO - 当前价格: 4957.599219861155
2026-03-20 11:00:58,725 - INFO - ============================================================

2026-03-20 11:01:08,735 - INFO - 
============================================================
2026-03-20 11:01:08,736 - INFO - 触发原因: 打印调试
2026-03-20 11:01:08,736 - INFO - 当前时间: 2026-03-20 11:01:08
2026-03-20 11:01:08,736 - INFO - 数据时间: 2026-03-20 11:01:08
2026-03-20 11:01:08,736 - INFO - 当前价格: 4950.299774606547
2026-03-20 11:01:08,736 - INFO - 上次打印时间: 2026-03-20 10:58:53
2026-03-20 11:01:08,736 - INFO - 上次打印价格: 4953.123622774188
2026-03-20 11:01:08,737 - INFO - 当前价格: 4950.299774606547
2026-03-20 11:01:08,737 - INFO - ============================================================

2026-03-20 11:01:18,752 - INFO - 
============================================================
2026-03-20 11:01:18,752 - INFO - 触发原因: 打印调试
2026-03-20 11:01:18,753 - INFO - 当前时间: 2026-03-20 11:01:18
2026-03-20 11:01:18,753 - INFO - 数据时间: 2026-03-20 11:01:18
2026-03-20 11:01:18,753 - INFO - 当前价格: 4940.511453175517
2026-03-20 11:01:18,753 - INFO - 上次打印时间: 2026-03-20 10:58:53
2026-03-20 11:01:18,753 - INFO - 上次打印价格: 4953.123622774188
2026-03-20 11:01:18,753 - INFO - 当前价格: 4940.511453175517
2026-03-20 11:01:18,753 - INFO - ============================================================

2026-03-20 11:01:18,753 - INFO - 
============================================================
2026-03-20 11:01:18,754 - INFO - 触发原因: 价格下跌超过整数变化
2026-03-20 11:01:18,754 - INFO - 当前时间: 2026-03-20 11:01:18
2026-03-20 11:01:18,754 - INFO - 数据时间: 2026-03-20 11:01:18
2026-03-20 11:01:18,754 - INFO - 当前价格: 4940.511453175517
2026-03-20 11:01:18,754 - INFO - 上次打印时间: 2026-03-20 10:58:53
2026-03-20 11:01:18,754 - INFO - 上次打印价格: 4953.123622774188
2026-03-20 11:01:18,754 - INFO - 当前价格: 4940.511453175517
2026-03-20 11:01:18,755 - INFO - Content-Type: multipart/mixed; boundary="===============0098065305033260164=="
MIME-Version: 1.0
Subject: =?utf-8?b?6buE6YeR5Lu35qC85o+Q6YaSIC0g5Lu35qC85LiL6LeM6LaF6L+H5pW05pWw5Y+Y5YyWLOW9k+WJjeS7t+agvDQ5NDAuNTExNDUzMTc1NTE3?=
From: 2741023538@qq.com
To: 2741023538@qq.com

--===============0098065305033260164==
Content-Type: text/plain; charset="utf-8"
MIME-Version: 1.0
Content-Transfer-Encoding: base64

CiAgICAgICAgICAgIOm7hOmHkeS7t+agvOebkeaOp+aPkOmGkgogICAgICAgICAgICDop6blj5Hl
jp/lm6A6IOS7t+agvOS4i+i3jOi2hei/h+aVtOaVsOWPmOWMlgogICAgICAgICAgICDlvZPliY3m
l7bpl7Q6IDIwMjYtMDMtMjAgMTE6MDE6MTgKICAgICAgICAgICAg5pWw5o2u5pe26Ze0OiAyMDI2
LTAzLTIwIDExOjAxOjE4CiAgICAgICAgICAgIOW9k+WJjeS7t+agvDogNDk0MC41MTE0NTMxNzU1
MTcKICAgICAgICAgICAg5bey6Kem5Y+R55uu5qCHOiBbNDk1MF0KCiAgICAgICAgICAgIOS4iuas
oeaJk+WNsOaXtumXtDogMjAyNi0wMy0yMCAxMTowMToxOAogICAgICAgICAgICDkuIrmrKHmiZPl
jbDku7fmoLw6IDQ5NDAuNTExNDUzMTc1NTE3ICDlvZPliY3ku7fmoLw6IDQ5NDAuNTExNDUzMTc1
NTE3CiAgICAgICAgICAgIA==

--===============0098065305033260164==--

2026-03-20 11:01:19,031 - INFO - 正在连接到 smtp.qq.com:465
2026-03-20 11:01:19,031 - INFO - 使用用户名: 2741023538@qq.com
2026-03-20 11:01:19,093 - ERROR - 监控异常: 'ascii' codec can't encode characters in position 19-21: ordinal not in range(128)
2026-03-20 11:01:34,118 - INFO - 
============================================================
2026-03-20 11:01:34,118 - INFO - 触发原因: 打印调试
2026-03-20 11:01:34,118 - INFO - 当前时间: 2026-03-20 11:01:34
2026-03-20 11:01:34,119 - INFO - 数据时间: 2026-03-20 11:01:34
2026-03-20 11:01:34,119 - INFO - 当前价格: 4941.459358035869
2026-03-20 11:01:34,119 - INFO - 上次打印时间: 2026-03-20 11:01:18
2026-03-20 11:01:34,119 - INFO - 上次打印价格: 4940.511453175517
2026-03-20 11:01:34,119 - INFO - 当前价格: 4941.459358035869
2026-03-20 11:01:34,120 - INFO - ============================================================

2026-03-20 11:01:44,126 - INFO - 
============================================================
2026-03-20 11:01:44,127 - INFO - 触发原因: 打印调试
2026-03-20 11:01:44,127 - INFO - 当前时间: 2026-03-20 11:01:44
2026-03-20 11:01:44,127 - INFO - 数据时间: 2026-03-20 11:01:44
2026-03-20 11:01:44,127 - INFO - 当前价格: 4955.674967709437
2026-03-20 11:01:44,127 - INFO - 上次打印时间: 2026-03-20 11:01:18
2026-03-20 11:01:44,128 - INFO - 上次打印价格: 4940.511453175517
2026-03-20 11:01:44,128 - INFO - 当前价格: 4955.674967709437
2026-03-20 11:01:44,128 - INFO - ============================================================

2026-03-20 11:01:44,128 - INFO - 
============================================================
2026-03-20 11:01:44,128 - INFO - 触发原因: 价格上涨超过整数变化
2026-03-20 11:01:44,128 - INFO - 当前时间: 2026-03-20 11:01:44
2026-03-20 11:01:44,128 - INFO - 数据时间: 2026-03-20 11:01:44
2026-03-20 11:01:44,128 - INFO - 当前价格: 4955.674967709437
2026-03-20 11:01:44,128 - INFO - 上次打印时间: 2026-03-20 11:01:18
2026-03-20 11:01:44,128 - INFO - 上次打印价格: 4940.511453175517
2026-03-20 11:01:44,128 - INFO - 当前价格: 4955.674967709437
2026-03-20 11:01:44,129 - INFO - Content-Type: multipart/mixed; boundary="===============1080326281468650400=="
MIME-Version: 1.0
Subject: =?utf-8?b?6buE6YeR5Lu35qC85o+Q6YaSIC0g5Lu35qC85LiK5rao6LaF6L+H5pW05pWw5Y+Y5YyWLOW9k+WJjeS7t+agvDQ5NTUuNjc0OTY3NzA5NDM3?=
From: 2741023538@qq.com
To: 2741023538@qq.com

--===============1080326281468650400==
Content-Type: text/plain; charset="utf-8"
MIME-Version: 1.0
Content-Transfer-Encoding: base64

CiAgICAgICAgICAgIOm7hOmHkeS7t+agvOebkeaOp+aPkOmGkgogICAgICAgICAgICDop6blj5Hl
jp/lm6A6IOS7t+agvOS4iua2qOi2hei/h+aVtOaVsOWPmOWMlgogICAgICAgICAgICDlvZPliY3m
l7bpl7Q6IDIwMjYtMDMtMjAgMTE6MDE6NDQKICAgICAgICAgICAg5pWw5o2u5pe26Ze0OiAyMDI2
LTAzLTIwIDExOjAxOjQ0CiAgICAgICAgICAgIOW9k+WJjeS7t+agvDogNDk1NS42NzQ5Njc3MDk0
MzcKICAgICAgICAgICAg5bey6Kem5Y+R55uu5qCHOiBbNDk1MF0KCiAgICAgICAgICAgIOS4iuas
oeaJk+WNsOaXtumXtDogMjAyNi0wMy0yMCAxMTowMTo0NAogICAgICAgICAgICDkuIrmrKHmiZPl
jbDku7fmoLw6IDQ5NTUuNjc0OTY3NzA5NDM3ICDlvZPliY3ku7fmoLw6IDQ5NTUuNjc0OTY3NzA5
NDM3CiAgICAgICAgICAgIA==

--===============1080326281468650400==--

2026-03-20 11:01:44,420 - INFO - 正在连接到 smtp.qq.com:465
2026-03-20 11:01:44,421 - INFO - 使用用户名: 2741023538@qq.com
2026-03-20 11:01:44,477 - ERROR - 监控异常: 'ascii' codec can't encode characters in position 19-21: ordinal not in range(128)
2026-03-20 11:01:59,481 - INFO - 
============================================================
2026-03-20 11:01:59,481 - INFO - 触发原因: 打印调试
2026-03-20 11:01:59,481 - INFO - 当前时间: 2026-03-20 11:01:59
2026-03-20 11:01:59,481 - INFO - 数据时间: 2026-03-20 11:01:59
2026-03-20 11:01:59,482 - INFO - 当前价格: 4940.980644635985
2026-03-20 11:01:59,482 - INFO - 上次打印时间: 2026-03-20 11:01:44
2026-03-20 11:01:59,482 - INFO - 上次打印价格: 4955.674967709437
2026-03-20 11:01:59,482 - INFO - 当前价格: 4940.980644635985
2026-03-20 11:01:59,482 - INFO - ============================================================

2026-03-20 11:01:59,482 - INFO - 
============================================================
2026-03-20 11:01:59,483 - INFO - 触发原因: 价格下跌超过整数变化
2026-03-20 11:01:59,483 - INFO - 当前时间: 2026-03-20 11:01:59
2026-03-20 11:01:59,483 - INFO - 数据时间: 2026-03-20 11:01:59
2026-03-20 11:01:59,483 - INFO - 当前价格: 4940.980644635985
2026-03-20 11:01:59,483 - INFO - 上次打印时间: 2026-03-20 11:01:44
2026-03-20 11:01:59,483 - INFO - 上次打印价格: 4955.674967709437
2026-03-20 11:01:59,483 - INFO - 当前价格: 4940.980644635985
2026-03-20 11:01:59,484 - INFO - Content-Type: multipart/mixed; boundary="===============7902248849189444850=="
MIME-Version: 1.0
Subject: =?utf-8?b?6buE6YeR5Lu35qC85o+Q6YaSIC0g5Lu35qC85LiL6LeM6LaF6L+H5pW05pWw5Y+Y5YyWLOW9k+WJjeS7t+agvDQ5NDAuOTgwNjQ0NjM1OTg1?=
From: 2741023538@qq.com
To: 2741023538@qq.com

--===============7902248849189444850==
Content-Type: text/plain; charset="utf-8"
MIME-Version: 1.0
Content-Transfer-Encoding: base64

CiAgICAgICAgICAgIOm7hOmHkeS7t+agvOebkeaOp+aPkOmGkgogICAgICAgICAgICDop6blj5Hl
jp/lm6A6IOS7t+agvOS4i+i3jOi2hei/h+aVtOaVsOWPmOWMlgogICAgICAgICAgICDlvZPliY3m
l7bpl7Q6IDIwMjYtMDMtMjAgMTE6MDE6NTkKICAgICAgICAgICAg5pWw5o2u5pe26Ze0OiAyMDI2
LTAzLTIwIDExOjAxOjU5CiAgICAgICAgICAgIOW9k+WJjeS7t+agvDogNDk0MC45ODA2NDQ2MzU5
ODUKICAgICAgICAgICAg5bey6Kem5Y+R55uu5qCHOiBbNDk1MF0KCiAgICAgICAgICAgIOS4iuas
oeaJk+WNsOaXtumXtDogMjAyNi0wMy0yMCAxMTowMTo1OQogICAgICAgICAgICDkuIrmrKHmiZPl
jbDku7fmoLw6IDQ5NDAuOTgwNjQ0NjM1OTg1ICDlvZPliY3ku7fmoLw6IDQ5NDAuOTgwNjQ0NjM1
OTg1CiAgICAgICAgICAgIA==

--===============7902248849189444850==--

2026-03-20 11:01:59,761 - INFO - 正在连接到 smtp.qq.com:465
2026-03-20 11:01:59,761 - INFO - 使用用户名: 2741023538@qq.com
2026-03-20 11:01:59,818 - ERROR - 监控异常: 'ascii' codec can't encode characters in position 19-21: ordinal not in range(128)
2026-03-20 11:02:14,833 - INFO - 
============================================================
2026-03-20 11:02:14,833 - INFO - 触发原因: 打印调试
2026-03-20 11:02:14,834 - INFO - 当前时间: 2026-03-20 11:02:14
2026-03-20 11:02:14,834 - INFO - 数据时间: 2026-03-20 11:02:14
2026-03-20 11:02:14,834 - INFO - 当前价格: 4943.539328523705
2026-03-20 11:02:14,834 - INFO - 上次打印时间: 2026-03-20 11:01:59
2026-03-20 11:02:14,834 - INFO - 上次打印价格: 4940.980644635985
2026-03-20 11:02:14,834 - INFO - 当前价格: 4943.539328523705
2026-03-20 11:02:14,835 - INFO - ============================================================

2026-03-20 11:02:24,836 - INFO - 
============================================================
2026-03-20 11:02:24,836 - INFO - 触发原因: 打印调试
2026-03-20 11:02:24,836 - INFO - 当前时间: 2026-03-20 11:02:24
2026-03-20 11:02:24,837 - INFO - 数据时间: 2026-03-20 11:02:24
2026-03-20 11:02:24,837 - INFO - 当前价格: 4942.893192202256
2026-03-20 11:02:24,837 - INFO - 上次打印时间: 2026-03-20 11:01:59
2026-03-20 11:02:24,837 - INFO - 上次打印价格: 4940.980644635985
2026-03-20 11:02:24,837 - INFO - 当前价格: 4942.893192202256
2026-03-20 11:02:24,837 - INFO - ============================================================

2026-03-20 11:02:34,849 - INFO - 
============================================================
2026-03-20 11:02:34,850 - INFO - 触发原因: 打印调试
2026-03-20 11:02:34,850 - INFO - 当前时间: 2026-03-20 11:02:34
2026-03-20 11:02:34,850 - INFO - 数据时间: 2026-03-20 11:02:34
2026-03-20 11:02:34,850 - INFO - 当前价格: 4941.0714448129165
2026-03-20 11:02:34,850 - INFO - 上次打印时间: 2026-03-20 11:01:59
2026-03-20 11:02:34,850 - INFO - 上次打印价格: 4940.980644635985
2026-03-20 11:02:34,851 - INFO - 当前价格: 4941.0714448129165
2026-03-20 11:02:34,851 - INFO - ============================================================

2026-03-20 11:02:44,861 - INFO - 
============================================================
2026-03-20 11:02:44,862 - INFO - 触发原因: 打印调试
2026-03-20 11:02:44,862 - INFO - 当前时间: 2026-03-20 11:02:44
2026-03-20 11:02:44,862 - INFO - 数据时间: 2026-03-20 11:02:44
2026-03-20 11:02:44,863 - INFO - 当前价格: 4955.1952298233755
2026-03-20 11:02:44,863 - INFO - 上次打印时间: 2026-03-20 11:01:59
2026-03-20 11:02:44,863 - INFO - 上次打印价格: 4940.980644635985
2026-03-20 11:02:44,863 - INFO - 当前价格: 4955.1952298233755
2026-03-20 11:02:44,863 - INFO - ============================================================

2026-03-20 11:02:44,864 - INFO - 
============================================================
2026-03-20 11:02:44,864 - INFO - 触发原因: 价格上涨超过整数变化
2026-03-20 11:02:44,864 - INFO - 当前时间: 2026-03-20 11:02:44
2026-03-20 11:02:44,864 - INFO - 数据时间: 2026-03-20 11:02:44
2026-03-20 11:02:44,864 - INFO - 当前价格: 4955.1952298233755
2026-03-20 11:02:44,864 - INFO - 上次打印时间: 2026-03-20 11:01:59
2026-03-20 11:02:44,864 - INFO - 上次打印价格: 4940.980644635985
2026-03-20 11:02:44,864 - INFO - 当前价格: 4955.1952298233755
2026-03-20 11:02:44,865 - INFO - Content-Type: multipart/mixed; boundary="===============6307366756706212252=="
MIME-Version: 1.0
Subject: =?utf-8?b?6buE6YeR5Lu35qC85o+Q6YaSIC0g5Lu35qC85LiK5rao6LaF6L+H5pW05pWw5Y+Y5YyWLOW9k+WJjeS7t+agvDQ5NTUuMTk1MjI5ODIzMzc1NQ==?=
From: 2741023538@qq.com
To: 2741023538@qq.com

--===============6307366756706212252==
Content-Type: text/plain; charset="utf-8"
MIME-Version: 1.0
Content-Transfer-Encoding: base64

CiAgICAgICAgICAgIOm7hOmHkeS7t+agvOebkeaOp+aPkOmGkgogICAgICAgICAgICDop6blj5Hl
jp/lm6A6IOS7t+agvOS4iua2qOi2hei/h+aVtOaVsOWPmOWMlgogICAgICAgICAgICDlvZPliY3m
l7bpl7Q6IDIwMjYtMDMtMjAgMTE6MDI6NDQKICAgICAgICAgICAg5pWw5o2u5pe26Ze0OiAyMDI2
LTAzLTIwIDExOjAyOjQ0CiAgICAgICAgICAgIOW9k+WJjeS7t+agvDogNDk1NS4xOTUyMjk4MjMz
NzU1CiAgICAgICAgICAgIOW3suinpuWPkeebruaghzogWzQ5NTBdCgogICAgICAgICAgICDkuIrm
rKHmiZPljbDml7bpl7Q6IDIwMjYtMDMtMjAgMTE6MDI6NDQKICAgICAgICAgICAg5LiK5qyh5omT
5Y2w5Lu35qC8OiA0OTU1LjE5NTIyOTgyMzM3NTUgIOW9k+WJjeS7t+agvDogNDk1NS4xOTUyMjk4
MjMzNzU1CiAgICAgICAgICAgIA==

--===============6307366756706212252==--

2026-03-20 11:02:45,159 - INFO - 正在连接到 smtp.qq.com:465
2026-03-20 11:02:45,159 - INFO - 使用用户名: 2741023538@qq.com
2026-03-20 11:02:45,219 - ERROR - 监控异常: 'ascii' codec can't encode characters in position 19-21: ordinal not in range(128)
2026-03-20 11:03:00,227 - INFO - 
============================================================
2026-03-20 11:03:00,227 - INFO - 触发原因: 打印调试
2026-03-20 11:03:00,227 - INFO - 当前时间: 2026-03-20 11:03:00
2026-03-20 11:03:00,227 - INFO - 数据时间: 2026-03-20 11:03:00
2026-03-20 11:03:00,227 - INFO - 当前价格: 4948.613936108227
2026-03-20 11:03:00,227 - INFO - 上次打印时间: 2026-03-20 11:02:44
2026-03-20 11:03:00,228 - INFO - 上次打印价格: 4955.1952298233755
2026-03-20 11:03:00,228 - INFO - 当前价格: 4948.613936108227
2026-03-20 11:03:00,228 - INFO - ============================================================

2026-03-20 11:03:10,231 - INFO - 
============================================================
2026-03-20 11:03:10,231 - INFO - 触发原因: 打印调试
2026-03-20 11:03:10,231 - INFO - 当前时间: 2026-03-20 11:03:10
2026-03-20 11:03:10,231 - INFO - 数据时间: 2026-03-20 11:03:10
2026-03-20 11:03:10,232 - INFO - 当前价格: 4945.714369083872
2026-03-20 11:03:10,232 - INFO - 上次打印时间: 2026-03-20 11:02:44
2026-03-20 11:03:10,232 - INFO - 上次打印价格: 4955.1952298233755
2026-03-20 11:03:10,232 - INFO - 当前价格: 4945.714369083872
2026-03-20 11:03:10,232 - INFO - ============================================================

2026-03-20 11:03:10,233 - INFO - 
============================================================
2026-03-20 11:03:10,233 - INFO - 触发原因: 价格下跌超过整数变化
2026-03-20 11:03:10,233 - INFO - 当前时间: 2026-03-20 11:03:10
2026-03-20 11:03:10,233 - INFO - 数据时间: 2026-03-20 11:03:10
2026-03-20 11:03:10,234 - INFO - 当前价格: 4945.714369083872
2026-03-20 11:03:10,234 - INFO - 上次打印时间: 2026-03-20 11:02:44
2026-03-20 11:03:10,234 - INFO - 上次打印价格: 4955.1952298233755
2026-03-20 11:03:10,234 - INFO - 当前价格: 4945.714369083872
2026-03-20 11:03:10,234 - INFO - Content-Type: multipart/mixed; boundary="===============1278509575706614872=="
MIME-Version: 1.0
Subject: =?utf-8?b?6buE6YeR5Lu35qC85o+Q6YaSIC0g5Lu35qC85LiL6LeM6LaF6L+H5pW05pWw5Y+Y5YyWLOW9k+WJjeS7t+agvDQ5NDUuNzE0MzY5MDgzODcy?=
From: 2741023538@qq.com
To: 2741023538@qq.com

--===============1278509575706614872==
Content-Type: text/plain; charset="utf-8"
MIME-Version: 1.0
Content-Transfer-Encoding: base64

CiAgICAgICAgICAgIOm7hOmHkeS7t+agvOebkeaOp+aPkOmGkgogICAgICAgICAgICDop6blj5Hl
jp/lm6A6IOS7t+agvOS4i+i3jOi2hei/h+aVtOaVsOWPmOWMlgogICAgICAgICAgICDlvZPliY3m
l7bpl7Q6IDIwMjYtMDMtMjAgMTE6MDM6MTAKICAgICAgICAgICAg5pWw5o2u5pe26Ze0OiAyMDI2
LTAzLTIwIDExOjAzOjEwCiAgICAgICAgICAgIOW9k+WJjeS7t+agvDogNDk0NS43MTQzNjkwODM4
NzIKICAgICAgICAgICAg5bey6Kem5Y+R55uu5qCHOiBbNDk1MF0KCiAgICAgICAgICAgIOS4iuas
oeaJk+WNsOaXtumXtDogMjAyNi0wMy0yMCAxMTowMzoxMAogICAgICAgICAgICDkuIrmrKHmiZPl
jbDku7fmoLw6IDQ5NDUuNzE0MzY5MDgzODcyICDlvZPliY3ku7fmoLw6IDQ5NDUuNzE0MzY5MDgz
ODcyCiAgICAgICAgICAgIA==

--===============1278509575706614872==--

2026-03-20 11:03:10,504 - INFO - 正在连接到 smtp.qq.com:465
2026-03-20 11:03:10,505 - INFO - 使用用户名: 2741023538@qq.com
2026-03-20 11:03:10,565 - ERROR - 监控异常: 'ascii' codec can't encode characters in position 19-21: ordinal not in range(128)
2026-03-20 11:03:25,572 - INFO - 
============================================================
2026-03-20 11:03:25,573 - INFO - 触发原因: 打印调试
2026-03-20 11:03:25,573 - INFO - 当前时间: 2026-03-20 11:03:25
2026-03-20 11:03:25,573 - INFO - 数据时间: 2026-03-20 11:03:25
2026-03-20 11:03:25,573 - INFO - 当前价格: 4956.222041832436
2026-03-20 11:03:25,573 - INFO - 上次打印时间: 2026-03-20 11:03:10
2026-03-20 11:03:25,573 - INFO - 上次打印价格: 4945.714369083872
2026-03-20 11:03:25,573 - INFO - 当前价格: 4956.222041832436
2026-03-20 11:03:25,574 - INFO - ============================================================

2026-03-20 11:03:25,574 - INFO - 
============================================================
2026-03-20 11:03:25,574 - INFO - 触发原因: 价格上涨超过整数变化
2026-03-20 11:03:25,574 - INFO - 当前时间: 2026-03-20 11:03:25
2026-03-20 11:03:25,574 - INFO - 数据时间: 2026-03-20 11:03:25
2026-03-20 11:03:25,574 - INFO - 当前价格: 4956.222041832436
2026-03-20 11:03:25,574 - INFO - 上次打印时间: 2026-03-20 11:03:10
2026-03-20 11:03:25,575 - INFO - 上次打印价格: 4945.714369083872
2026-03-20 11:03:25,575 - INFO - 当前价格: 4956.222041832436
2026-03-20 11:03:25,575 - INFO - Content-Type: multipart/mixed; boundary="===============3695855817775233748=="
MIME-Version: 1.0
Subject: =?utf-8?b?6buE6YeR5Lu35qC85o+Q6YaSIC0g5Lu35qC85LiK5rao6LaF6L+H5pW05pWw5Y+Y5YyWLOW9k+WJjeS7t+agvDQ5NTYuMjIyMDQxODMyNDM2?=
From: 2741023538@qq.com
To: 2741023538@qq.com

--===============3695855817775233748==
Content-Type: text/plain; charset="utf-8"
MIME-Version: 1.0
Content-Transfer-Encoding: base64

CiAgICAgICAgICAgIOm7hOmHkeS7t+agvOebkeaOp+aPkOmGkgogICAgICAgICAgICDop6blj5Hl
jp/lm6A6IOS7t+agvOS4iua2qOi2hei/h+aVtOaVsOWPmOWMlgogICAgICAgICAgICDlvZPliY3m
l7bpl7Q6IDIwMjYtMDMtMjAgMTE6MDM6MjUKICAgICAgICAgICAg5pWw5o2u5pe26Ze0OiAyMDI2
LTAzLTIwIDExOjAzOjI1CiAgICAgICAgICAgIOW9k+WJjeS7t+agvDogNDk1Ni4yMjIwNDE4MzI0
MzYKICAgICAgICAgICAg5bey6Kem5Y+R55uu5qCHOiBbNDk1MF0KCiAgICAgICAgICAgIOS4iuas
oeaJk+WNsOaXtumXtDogMjAyNi0wMy0yMCAxMTowMzoyNQogICAgICAgICAgICDkuIrmrKHmiZPl
jbDku7fmoLw6IDQ5NTYuMjIyMDQxODMyNDM2ICDlvZPliY3ku7fmoLw6IDQ5NTYuMjIyMDQxODMy
NDM2CiAgICAgICAgICAgIA==

--===============3695855817775233748==--

2026-03-20 11:03:25,852 - INFO - 正在连接到 smtp.qq.com:465
2026-03-20 11:03:25,853 - INFO - 使用用户名: 2741023538@qq.com
2026-03-20 11:03:25,919 - ERROR - 监控异常: 'ascii' codec can't encode characters in position 19-21: ordinal not in range(128)
2026-03-20 11:03:40,939 - INFO - 
============================================================
2026-03-20 11:03:40,940 - INFO - 触发原因: 打印调试
2026-03-20 11:03:40,940 - INFO - 当前时间: 2026-03-20 11:03:40
2026-03-20 11:03:40,940 - INFO - 数据时间: 2026-03-20 11:03:40
2026-03-20 11:03:40,940 - INFO - 当前价格: 4944.636470937702
2026-03-20 11:03:40,940 - INFO - 上次打印时间: 2026-03-20 11:03:25
2026-03-20 11:03:40,940 - INFO - 上次打印价格: 4956.222041832436
2026-03-20 11:03:40,940 - INFO - 当前价格: 4944.636470937702
2026-03-20 11:03:40,941 - INFO - ============================================================

2026-03-20 11:03:40,941 - INFO - 
============================================================
2026-03-20 11:03:40,941 - INFO - 触发原因: 价格下跌超过整数变化
2026-03-20 11:03:40,941 - INFO - 当前时间: 2026-03-20 11:03:40
2026-03-20 11:03:40,941 - INFO - 数据时间: 2026-03-20 11:03:40
2026-03-20 11:03:40,941 - INFO - 当前价格: 4944.636470937702
2026-03-20 11:03:40,941 - INFO - 上次打印时间: 2026-03-20 11:03:25
2026-03-20 11:03:40,941 - INFO - 上次打印价格: 4956.222041832436
2026-03-20 11:03:40,941 - INFO - 当前价格: 4944.636470937702
2026-03-20 11:03:40,942 - INFO - Content-Type: multipart/mixed; boundary="===============5683034544593161631=="
MIME-Version: 1.0
Subject: =?utf-8?b?6buE6YeR5Lu35qC85o+Q6YaSIC0g5Lu35qC85LiL6LeM6LaF6L+H5pW05pWw5Y+Y5YyWLOW9k+WJjeS7t+agvDQ5NDQuNjM2NDcwOTM3NzAy?=
From: 2741023538@qq.com
To: 2741023538@qq.com

--===============5683034544593161631==
Content-Type: text/plain; charset="utf-8"
MIME-Version: 1.0
Content-Transfer-Encoding: base64

CiAgICAgICAgICAgIOm7hOmHkeS7t+agvOebkeaOp+aPkOmGkgogICAgICAgICAgICDop6blj5Hl
jp/lm6A6IOS7t+agvOS4i+i3jOi2hei/h+aVtOaVsOWPmOWMlgogICAgICAgICAgICDlvZPliY3m
l7bpl7Q6IDIwMjYtMDMtMjAgMTE6MDM6NDAKICAgICAgICAgICAg5pWw5o2u5pe26Ze0OiAyMDI2
LTAzLTIwIDExOjAzOjQwCiAgICAgICAgICAgIOW9k+WJjeS7t+agvDogNDk0NC42MzY0NzA5Mzc3
MDIKICAgICAgICAgICAg5bey6Kem5Y+R55uu5qCHOiBbNDk1MF0KCiAgICAgICAgICAgIOS4iuas
oeaJk+WNsOaXtumXtDogMjAyNi0wMy0yMCAxMTowMzo0MAogICAgICAgICAgICDkuIrmrKHmiZPl
jbDku7fmoLw6IDQ5NDQuNjM2NDcwOTM3NzAyICDlvZPliY3ku7fmoLw6IDQ5NDQuNjM2NDcwOTM3
NzAyCiAgICAgICAgICAgIA==

--===============5683034544593161631==--

2026-03-20 11:03:41,211 - INFO - 正在连接到 smtp.qq.com:465
2026-03-20 11:03:41,211 - INFO - 使用用户名: 2741023538@qq.com
2026-03-20 11:03:41,274 - ERROR - 监控异常: 'ascii' codec can't encode characters in position 19-21: ordinal not in range(128)
2026-03-20 11:04:56,012 - INFO - 黄金价格监控系统启动...
2026-03-20 11:04:56,012 - INFO - 上涨目标价格: [4950, 4980, 5000, 5030, 5080, 5100, 5200]
2026-03-20 11:04:56,012 - INFO - 下跌目标价格: [4900, 4880, 4800, 4720, 4700, 4650, 4600, 4500]
2026-03-20 11:04:56,012 - INFO - 监控开始...

2026-03-20 11:05:06,020 - INFO - 
============================================================
2026-03-20 11:05:06,021 - INFO - 触发原因: 打印调试
2026-03-20 11:05:06,021 - INFO - 当前时间: 2026-03-20 11:05:06
2026-03-20 11:05:06,021 - INFO - 数据时间: 2026-03-20 11:05:06
2026-03-20 11:05:06,021 - INFO - 当前价格: 4952.357887672871
2026-03-20 11:05:06,022 - INFO - ============================================================

2026-03-20 11:05:06,022 - INFO - 
============================================================
2026-03-20 11:05:06,022 - INFO - 触发原因: 上涨目标 4950 已达成
2026-03-20 11:05:06,022 - INFO - 当前时间: 2026-03-20 11:05:06
2026-03-20 11:05:06,022 - INFO - 数据时间: 2026-03-20 11:05:06
2026-03-20 11:05:06,022 - INFO - 当前价格: 4952.357887672871
2026-03-20 11:05:06,023 - INFO - 准备发送邮件，主题: 黄金价格提醒 - 上涨目标 4950 已达成,当前价格4952.357887672871
2026-03-20 11:05:06,343 - INFO - 正在连接到 smtp.qq.com:465
2026-03-20 11:05:06,344 - INFO - 使用用户名: 2741023538@qq.com
2026-03-20 11:05:06,613 - INFO - 登录成功
2026-03-20 11:05:07,207 - INFO - send email success
2026-03-20 11:05:07,207 - INFO - ============================================================

2026-03-20 11:05:17,215 - INFO - 
============================================================
2026-03-20 11:05:17,215 - INFO - 触发原因: 打印调试
2026-03-20 11:05:17,216 - INFO - 当前时间: 2026-03-20 11:05:17
2026-03-20 11:05:17,216 - INFO - 数据时间: 2026-03-20 11:05:17
2026-03-20 11:05:17,216 - INFO - 当前价格: 4943.547993211741
2026-03-20 11:05:17,216 - INFO - 上次打印时间: 2026-03-20 11:05:06
2026-03-20 11:05:17,216 - INFO - 上次打印价格: 4952.357887672871
2026-03-20 11:05:17,216 - INFO - 当前价格: 4943.547993211741
2026-03-20 11:05:17,216 - INFO - ============================================================

2026-03-20 11:05:17,216 - INFO - 
============================================================
2026-03-20 11:05:17,216 - INFO - 触发原因: 价格上涨超过整数变化
2026-03-20 11:05:17,216 - INFO - 当前时间: 2026-03-20 11:05:17
2026-03-20 11:05:17,217 - INFO - 数据时间: 2026-03-20 11:05:17
2026-03-20 11:05:17,217 - INFO - 当前价格: 4943.547993211741
2026-03-20 11:05:17,217 - INFO - 上次打印时间: 2026-03-20 11:05:06
2026-03-20 11:05:17,217 - INFO - 上次打印价格: 4952.357887672871
2026-03-20 11:05:17,217 - INFO - 当前价格: 4943.547993211741
2026-03-20 11:05:17,217 - INFO - 准备发送邮件，主题: 黄金价格提醒 - 价格上涨超过整数变化,当前价格4943.547993211741
2026-03-20 11:05:17,495 - INFO - 正在连接到 smtp.qq.com:465
2026-03-20 11:05:17,495 - INFO - 使用用户名: 2741023538@qq.com
2026-03-20 11:05:17,720 - INFO - 登录成功
2026-03-20 11:05:18,300 - INFO - send email success
2026-03-20 11:05:18,300 - INFO - ============================================================

2026-03-20 11:05:28,314 - INFO - 
============================================================
2026-03-20 11:05:28,314 - INFO - 触发原因: 打印调试
2026-03-20 11:05:28,314 - INFO - 当前时间: 2026-03-20 11:05:28
2026-03-20 11:05:28,315 - INFO - 数据时间: 2026-03-20 11:05:28
2026-03-20 11:05:28,315 - INFO - 当前价格: 4954.6050403030185
2026-03-20 11:05:28,315 - INFO - 上次打印时间: 2026-03-20 11:05:17
2026-03-20 11:05:28,315 - INFO - 上次打印价格: 4943.547993211741
2026-03-20 11:05:28,315 - INFO - 当前价格: 4954.6050403030185
2026-03-20 11:05:28,315 - INFO - ============================================================

2026-03-20 11:05:28,315 - INFO - 
============================================================
2026-03-20 11:05:28,315 - INFO - 触发原因: 价格上涨超过整数变化
2026-03-20 11:05:28,315 - INFO - 当前时间: 2026-03-20 11:05:28
2026-03-20 11:05:28,316 - INFO - 数据时间: 2026-03-20 11:05:28
2026-03-20 11:05:28,316 - INFO - 当前价格: 4954.6050403030185
2026-03-20 11:05:28,316 - INFO - 上次打印时间: 2026-03-20 11:05:17
2026-03-20 11:05:28,316 - INFO - 上次打印价格: 4943.547993211741
2026-03-20 11:05:28,316 - INFO - 当前价格: 4954.6050403030185
2026-03-20 11:05:28,316 - INFO - 准备发送邮件，主题: 黄金价格提醒 - 价格上涨超过整数变化,当前价格4954.6050403030185
2026-03-20 11:05:28,584 - INFO - 正在连接到 smtp.qq.com:465
2026-03-20 11:05:28,584 - INFO - 使用用户名: 2741023538@qq.com
2026-03-20 11:05:28,807 - INFO - 登录成功
2026-03-20 11:05:29,754 - INFO - send email success
2026-03-20 11:05:29,754 - INFO - ============================================================

2026-03-20 11:05:39,769 - INFO - 
============================================================
2026-03-20 11:05:39,770 - INFO - 触发原因: 打印调试
2026-03-20 11:05:39,770 - INFO - 当前时间: 2026-03-20 11:05:39
2026-03-20 11:05:39,770 - INFO - 数据时间: 2026-03-20 11:05:39
2026-03-20 11:05:39,770 - INFO - 当前价格: 4959.745491327932
2026-03-20 11:05:39,770 - INFO - 上次打印时间: 2026-03-20 11:05:28
2026-03-20 11:05:39,771 - INFO - 上次打印价格: 4954.6050403030185
2026-03-20 11:05:39,771 - INFO - 当前价格: 4959.745491327932
2026-03-20 11:05:39,771 - INFO - ============================================================

2026-03-20 11:05:49,778 - INFO - 
============================================================
2026-03-20 11:05:49,778 - INFO - 触发原因: 打印调试
2026-03-20 11:05:49,778 - INFO - 当前时间: 2026-03-20 11:05:49
2026-03-20 11:05:49,778 - INFO - 数据时间: 2026-03-20 11:05:49
2026-03-20 11:05:49,778 - INFO - 当前价格: 4951.655650551468
2026-03-20 11:05:49,779 - INFO - 上次打印时间: 2026-03-20 11:05:28
2026-03-20 11:05:49,779 - INFO - 上次打印价格: 4954.6050403030185
2026-03-20 11:05:49,779 - INFO - 当前价格: 4951.655650551468
2026-03-20 11:05:49,779 - INFO - ============================================================

2026-03-20 11:05:59,788 - INFO - 
============================================================
2026-03-20 11:05:59,788 - INFO - 触发原因: 打印调试
2026-03-20 11:05:59,788 - INFO - 当前时间: 2026-03-20 11:05:59
2026-03-20 11:05:59,788 - INFO - 数据时间: 2026-03-20 11:05:59
2026-03-20 11:05:59,788 - INFO - 当前价格: 4957.5025213235385
2026-03-20 11:05:59,789 - INFO - 上次打印时间: 2026-03-20 11:05:28
2026-03-20 11:05:59,789 - INFO - 上次打印价格: 4954.6050403030185
2026-03-20 11:05:59,789 - INFO - 当前价格: 4957.5025213235385
2026-03-20 11:05:59,789 - INFO - ============================================================

2026-03-20 11:06:09,790 - INFO - 
============================================================
2026-03-20 11:06:09,790 - INFO - 触发原因: 打印调试
2026-03-20 11:06:09,790 - INFO - 当前时间: 2026-03-20 11:06:09
2026-03-20 11:06:09,790 - INFO - 数据时间: 2026-03-20 11:06:09
2026-03-20 11:06:09,790 - INFO - 当前价格: 4941.552775039113
2026-03-20 11:06:09,790 - INFO - 上次打印时间: 2026-03-20 11:05:28
2026-03-20 11:06:09,791 - INFO - 上次打印价格: 4954.6050403030185
2026-03-20 11:06:09,791 - INFO - 当前价格: 4941.552775039113
2026-03-20 11:06:09,791 - INFO - ============================================================

2026-03-20 11:06:09,791 - INFO - 
============================================================
2026-03-20 11:06:09,791 - INFO - 触发原因: 价格下跌超过整数变化
2026-03-20 11:06:09,791 - INFO - 当前时间: 2026-03-20 11:06:09
2026-03-20 11:06:09,791 - INFO - 数据时间: 2026-03-20 11:06:09
2026-03-20 11:06:09,791 - INFO - 当前价格: 4941.552775039113
2026-03-20 11:06:09,791 - INFO - 上次打印时间: 2026-03-20 11:05:28
2026-03-20 11:06:09,792 - INFO - 上次打印价格: 4954.6050403030185
2026-03-20 11:06:09,792 - INFO - 当前价格: 4941.552775039113
2026-03-20 11:06:09,792 - INFO - 准备发送邮件，主题: 黄金价格提醒 - 价格下跌超过整数变化,当前价格4941.552775039113
2026-03-20 11:06:10,053 - INFO - 正在连接到 smtp.qq.com:465
2026-03-20 11:06:10,053 - INFO - 使用用户名: 2741023538@qq.com
2026-03-20 11:06:10,290 - INFO - 登录成功
2026-03-20 11:06:10,914 - INFO - send email success
2026-03-20 11:06:10,914 - INFO - ============================================================

2026-03-20 11:06:20,921 - INFO - 
============================================================
2026-03-20 11:06:20,921 - INFO - 触发原因: 打印调试
2026-03-20 11:06:20,921 - INFO - 当前时间: 2026-03-20 11:06:20
2026-03-20 11:06:20,921 - INFO - 数据时间: 2026-03-20 11:06:20
2026-03-20 11:06:20,922 - INFO - 当前价格: 4952.615478229252
2026-03-20 11:06:20,922 - INFO - 上次打印时间: 2026-03-20 11:06:09
2026-03-20 11:06:20,922 - INFO - 上次打印价格: 4941.552775039113
2026-03-20 11:06:20,922 - INFO - 当前价格: 4952.615478229252
2026-03-20 11:06:20,922 - INFO - ============================================================

2026-03-20 11:06:20,922 - INFO - 
============================================================
2026-03-20 11:06:20,922 - INFO - 触发原因: 价格上涨超过整数变化
2026-03-20 11:06:20,923 - INFO - 当前时间: 2026-03-20 11:06:20
2026-03-20 11:06:20,923 - INFO - 数据时间: 2026-03-20 11:06:20
2026-03-20 11:06:20,923 - INFO - 当前价格: 4952.615478229252
2026-03-20 11:06:20,923 - INFO - 上次打印时间: 2026-03-20 11:06:09
2026-03-20 11:06:20,923 - INFO - 上次打印价格: 4941.552775039113
2026-03-20 11:06:20,923 - INFO - 当前价格: 4952.615478229252
2026-03-20 11:06:20,923 - INFO - 准备发送邮件，主题: 黄金价格提醒 - 价格上涨超过整数变化,当前价格4952.615478229252
2026-03-20 11:06:21,228 - INFO - 正在连接到 smtp.qq.com:465
2026-03-20 11:06:21,229 - INFO - 使用用户名: 2741023538@qq.com
2026-03-20 11:06:21,465 - INFO - 登录成功
2026-03-20 11:06:22,121 - INFO - send email success
2026-03-20 11:06:22,121 - INFO - ============================================================

2026-03-22 23:50:11,882 - INFO - 黄金价格监控系统启动...
2026-03-22 23:50:11,882 - INFO - 事件监听器启动成功
2026-03-22 23:50:11,882 - INFO - 上涨目标价格: [4950, 4980, 5000, 5030, 5080, 5100, 5200]
2026-03-22 23:50:11,883 - INFO - 下跌目标价格: [4900, 4880, 4800, 4720, 4700, 4650, 4600, 4500]
2026-03-22 23:50:11,883 - INFO - 监控开始...

2026-03-22 23:50:11,883 - INFO - [2026-03-22 23:50:11] 处于休眠时间（周六凌晨2点后和周日全天），暂停监控...
2026-03-22 23:59:28,710 - INFO - 收到原始消息: b'{"schema":"2.0","header":{"event_id":"6e4dbfdb9cda6a5744d4039b7eded911","token":"","create_time":"1774195168699","event_type":"im.message.receive_v1","tenant_key":"13d86554278f175e","app_id":"cli_a93f179d7461dceb"},"event":{"message":{"chat_id":"oc_7c4248a35ee522bd95944906a292fa7d","chat_type":"p2p","content":"{\\"text\\":\\"\xe4\xbb\xb7\xe6\xa0\xbc\\"}","create_time":"1774195168368","message_id":"om_x100b533550ce4930c44725d6963c017","message_type":"text","update_time":"1774195168368","user_agent":"Mozilla/5.0 (Linux; Android 16; SM-F9460 Build/BP2A.250605.031.A3; wv) AppleWebKit/537.36 (KHTML, like Gecko) Version/4.0 Chrome/132.0.6834.152 Mobile Safari/537.36 Lark/7.64.3 LarkLocale/zh_CN ChannelName/Feishu appid/1161; appname/Feishu; ttnet SDK-Version/7.64.9"},"sender":{"sender_id":{"open_id":"ou_d9fbb310298e41c201adf21a827f7437","union_id":"on_42b2d290e182cb48e286733f752f3cf3","user_id":"eb3fe22a"},"sender_type":"user","tenant_key":"13d86554278f175e"}}}'
2026-03-22 23:59:28,711 - INFO - 收到消息: 价格 来自: ou_d9fbb310298e41c201adf21a827f7437
2026-03-22 23:59:31,964 - WARNING - API请求失败，状态码: 401
2026-03-23 00:09:44,126 - INFO - 事件监听器启动成功
2026-03-23 00:09:44,127 - INFO - 黄金价格监控系统启动...
2026-03-23 00:09:44,127 - INFO - 上涨目标价格: [4950, 4980, 5000, 5030, 5080, 5100, 5200]
2026-03-23 00:09:44,127 - INFO - 下跌目标价格: [4900, 4880, 4800, 4720, 4700, 4650, 4600, 4500]
2026-03-23 00:09:44,127 - INFO - 监控开始...

2026-03-23 00:09:44,127 - INFO - [2026-03-23 00:09:44] 处于休眠时间（周六凌晨2点后和周日全天），暂停监控...
2026-03-23 00:10:14,659 - INFO - 收到原始消息: b'{"schema":"2.0","header":{"event_id":"295c240b9bf2ee1e98df50bab01b3bd2","token":"","create_time":"1774195814612","event_type":"im.message.receive_v1","tenant_key":"13d86554278f175e","app_id":"cli_a93f179d7461dceb"},"event":{"message":{"chat_id":"oc_7c4248a35ee522bd95944906a292fa7d","chat_type":"p2p","content":"{\\"text\\":\\"\xe4\xbb\xb7\xe6\xa0\xbc\\"}","create_time":"1774195814331","message_id":"om_x100b533508aec8a8c2ac0462449341f","message_type":"text","update_time":"1774195814331","user_agent":"Mozilla/5.0 (Linux; Android 16; SM-F9460 Build/BP2A.250605.031.A3; wv) AppleWebKit/537.36 (KHTML, like Gecko) Version/4.0 Chrome/132.0.6834.152 Mobile Safari/537.36 Lark/7.64.3 LarkLocale/zh_CN ChannelName/Feishu appid/1161; appname/Feishu; ttnet SDK-Version/7.64.9"},"sender":{"sender_id":{"open_id":"ou_d9fbb310298e41c201adf21a827f7437","union_id":"on_42b2d290e182cb48e286733f752f3cf3","user_id":"eb3fe22a"},"sender_type":"user","tenant_key":"13d86554278f175e"}}}'
2026-03-23 00:10:14,659 - INFO - 收到消息: 价格 来自: ou_d9fbb310298e41c201adf21a827f7437
2026-03-23 00:10:17,255 - INFO - 飞书客户端初始化完成
2026-03-23 00:10:18,496 - INFO - 飞书消息发送成功: 用户消息回复
2026-03-23 00:10:34,761 - INFO - 收到原始消息: b'{"schema":"2.0","header":{"event_id":"295c240b9bf2ee1e98df50bab01b3bd2","token":"","create_time":"1774195814612","event_type":"im.message.receive_v1","tenant_key":"13d86554278f175e","app_id":"cli_a93f179d7461dceb"},"event":{"message":{"chat_id":"oc_7c4248a35ee522bd95944906a292fa7d","chat_type":"p2p","content":"{\\"text\\":\\"\xe4\xbb\xb7\xe6\xa0\xbc\\"}","create_time":"1774195814331","message_id":"om_x100b533508aec8a8c2ac0462449341f","message_type":"text","update_time":"1774195814331","user_agent":"Mozilla/5.0 (Linux; Android 16; SM-F9460 Build/BP2A.250605.031.A3; wv) AppleWebKit/537.36 (KHTML, like Gecko) Version/4.0 Chrome/132.0.6834.152 Mobile Safari/537.36 Lark/7.64.3 LarkLocale/zh_CN ChannelName/Feishu appid/1161; appname/Feishu; ttnet SDK-Version/7.64.9"},"sender":{"sender_id":{"open_id":"ou_d9fbb310298e41c201adf21a827f7437","union_id":"on_42b2d290e182cb48e286733f752f3cf3","user_id":"eb3fe22a"},"sender_type":"user","tenant_key":"13d86554278f175e"}}}'
2026-03-23 00:10:34,761 - INFO - 收到消息: 价格 来自: ou_d9fbb310298e41c201adf21a827f7437
2026-03-23 00:10:38,052 - INFO - 飞书消息发送成功: 用户消息回复
2026-04-01 14:55:33,531 - INFO - 黄金价格监控系统启动...
2026-04-01 14:55:33,531 - INFO - 事件监听器启动成功
2026-04-01 14:55:33,531 - INFO - 上涨目标价格: [4950, 4980, 5000, 5030, 5080, 5100, 5200]
2026-04-01 14:55:33,532 - INFO - 下跌目标价格: [4900, 4880, 4800, 4720, 4700, 4650, 4600, 4500]
2026-04-01 14:55:33,532 - INFO - 监控开始...

2026-04-01 14:57:14,390 - WARNING - API请求失败，状态码: 401
2026-04-01 15:23:56,351 - INFO - 黄金价格监控系统启动...
2026-04-01 15:23:56,351 - INFO - 事件监听器启动成功
2026-04-01 15:23:56,352 - INFO - 上涨目标价格: [4950, 4980, 5000, 5030, 5080, 5100, 5200]
2026-04-01 15:23:56,352 - INFO - 下跌目标价格: [4900, 4880, 4800, 4720, 4700, 4650, 4600, 4500]
2026-04-01 15:23:56,352 - INFO - 监控开始...

2026-04-01 15:25:37,414 - INFO - 
============================================================
2026-04-01 15:25:37,414 - INFO - 触发原因: 打印调试
2026-04-01 15:25:37,414 - INFO - 当前时间: 2026-04-01 15:25:37
2026-04-01 15:25:37,415 - INFO - 数据时间: 2026-04-01 15:25:37
2026-04-01 15:25:37,415 - INFO - 当前价格: 4719.29
2026-04-01 15:25:37,415 - INFO - 飞书客户端初始化完成
2026-04-01 15:25:39,974 - INFO - 飞书消息发送成功: 打印调试
2026-04-01 15:25:39,974 - INFO - ============================================================

2026-04-01 15:25:39,975 - INFO - 
============================================================
2026-04-01 15:25:39,975 - INFO - 触发原因: 下跌目标 4900 已达成
2026-04-01 15:25:39,975 - INFO - 当前时间: 2026-04-01 15:25:39
2026-04-01 15:25:39,975 - INFO - 数据时间: 2026-04-01 15:25:37
2026-04-01 15:25:39,975 - INFO - 当前价格: 4719.29
2026-04-01 15:25:41,320 - INFO - 飞书消息发送成功: 下跌目标 4900 已达成
2026-04-01 15:25:41,321 - INFO - Content-Type: multipart/mixed; boundary="===============8677205170489240262=="
MIME-Version: 1.0
Subject: =?utf-8?b?6buE6YeR5Lu35qC85o+Q6YaSIC0g5LiL6LeM55uu5qCHIDQ5MDAg5bey6L6+5oiQLOW9k+WJjeS7t+agvDQ3MTkuMjk=?=
From: 2741023538@qq.com
To: 2741023538@qq.com

--===============8677205170489240262==
Content-Type: text/plain; charset="utf-8"
MIME-Version: 1.0
Content-Transfer-Encoding: base64

CiAgICAgICAgICAgIOm7hOmHkeS7t+agvOebkeaOp+aPkOmGkgogICAgICAgICAgICDop6blj5Hl
jp/lm6A6IOS4i+i3jOebruaghyA0OTAwIOW3sui+vuaIkAogICAgICAgICAgICDlvZPliY3ml7bp
l7Q6IDIwMjYtMDQtMDEgMTU6MjU6MzkKICAgICAgICAgICAg5pWw5o2u5pe26Ze0OiAyMDI2LTA0
LTAxIDE1OjI1OjM3CiAgICAgICAgICAgIOW9k+WJjeS7t+agvDogNDcxOS4yOQogICAgICAgICAg
ICDlt7Lop6blj5Hnm67moIc6IFs0OTAwXQoKICAgICAgICAgICAg5LiK5qyh5omT5Y2w5pe26Ze0
OiAyMDI2LTA0LTAxIDE1OjI1OjM5CiAgICAgICAgICAgIOS4iuasoeaJk+WNsOS7t+agvDogNDcx
OS4yOSAg5b2T5YmN5Lu35qC8OiA0NzE5LjI5CiAgICAgICAgICAgIA==

--===============8677205170489240262==--

2026-04-01 15:25:41,989 - INFO - 收到原始消息: b'{"schema":"2.0","header":{"event_id":"2fe0ae8e75f2b8eefea5ca82c342b080","token":"","create_time":"1775028341754","event_type":"im.message.receive_v1","tenant_key":"13d86554278f175e","app_id":"cli_a93f179d7461dceb"},"event":{"message":{"chat_id":"oc_7c4248a35ee522bd95944906a292fa7d","chat_type":"p2p","content":"{\\"text\\":\\"\xe4\xbb\xb7\xe6\xa0\xbc\\"}","create_time":"1775028341251","message_id":"om_x100b53f8c99c0488b36b94453e20309","message_type":"text","update_time":"1775028341251","user_agent":"Mozilla/5.0 (Linux; Android 16; SM-F9460 Build/BP2A.250605.031.A3; wv) AppleWebKit/537.36 (KHTML, like Gecko) Version/4.0 Chrome/132.0.6834.152 Mobile Safari/537.36 Lark/7.64.3 LarkLocale/zh_CN ChannelName/Feishu appid/1161; appname/Feishu; ttnet SDK-Version/7.64.9"},"sender":{"sender_id":{"open_id":"ou_d9fbb310298e41c201adf21a827f7437","union_id":"on_42b2d290e182cb48e286733f752f3cf3","user_id":"eb3fe22a"},"sender_type":"user","tenant_key":"13d86554278f175e"}}}'
2026-04-01 15:25:41,989 - INFO - 收到消息: 价格 来自: ou_d9fbb310298e41c201adf21a827f7437
2026-04-01 15:25:42,614 - WARNING - API请求失败，状态码: 429
2026-04-01 15:25:43,990 - INFO - send email success
2026-04-01 15:25:43,990 - INFO - ============================================================

2026-04-01 15:25:44,068 - INFO - 飞书消息发送成功: 用户消息回复
2026-04-01 15:25:52,364 - INFO - 收到原始消息: b'{"schema":"2.0","header":{"event_id":"109b16b69149bd000722f9183cb02aae","token":"","create_time":"1775028352076","event_type":"im.message.receive_v1","tenant_key":"13d86554278f175e","app_id":"cli_a93f179d7461dceb"},"event":{"message":{"chat_id":"oc_7c4248a35ee522bd95944906a292fa7d","chat_type":"p2p","content":"{\\"text\\":\\"\xe4\xbb\xb7\xe6\xa0\xbc\\"}","create_time":"1775028351595","message_id":"om_x100b53f8c93b74bcb2d8438dd2e204d","message_type":"text","update_time":"1775028351595","user_agent":"Mozilla/5.0 (Linux; Android 16; SM-F9460 Build/BP2A.250605.031.A3; wv) AppleWebKit/537.36 (KHTML, like Gecko) Version/4.0 Chrome/132.0.6834.152 Mobile Safari/537.36 Lark/7.64.3 LarkLocale/zh_CN ChannelName/Feishu appid/1161; appname/Feishu; ttnet SDK-Version/7.64.9"},"sender":{"sender_id":{"open_id":"ou_d9fbb310298e41c201adf21a827f7437","union_id":"on_42b2d290e182cb48e286733f752f3cf3","user_id":"eb3fe22a"},"sender_type":"user","tenant_key":"13d86554278f175e"}}}'
2026-04-01 15:25:52,364 - INFO - 收到消息: 价格 来自: ou_d9fbb310298e41c201adf21a827f7437
2026-04-01 15:25:54,470 - INFO - 飞书消息发送成功: 用户消息回复
2026-04-01 15:28:57,754 - INFO - 事件监听器启动成功
2026-04-01 15:28:57,754 - INFO - 黄金价格监控系统启动...
2026-04-01 15:28:57,754 - INFO - 上涨目标价格: [4950, 4980, 5000, 5030, 5080, 5100, 5200]
2026-04-01 15:28:57,754 - INFO - 下跌目标价格: [4900, 4880, 4800, 4720, 4700, 4650, 4600, 4500]
2026-04-01 15:28:57,754 - INFO - 监控开始...

2026-04-01 15:29:17,397 - INFO - 收到原始消息: b'{"schema":"2.0","header":{"event_id":"5c57022635a42ce0b8292051f2374ee0","token":"","create_time":"1775028557184","event_type":"im.message.receive_v1","tenant_key":"13d86554278f175e","app_id":"cli_a93f179d7461dceb"},"event":{"message":{"chat_id":"oc_7c4248a35ee522bd95944906a292fa7d","chat_type":"p2p","content":"{\\"text\\":\\"\xe4\xbb\xb7\xe6\xa0\xbc\\"}","create_time":"1775028556618","message_id":"om_x100b53f8da0a8080b2791b18727bbde","message_type":"text","update_time":"1775028556618","user_agent":"Mozilla/5.0 (Linux; Android 16; SM-F9460 Build/BP2A.250605.031.A3; wv) AppleWebKit/537.36 (KHTML, like Gecko) Version/4.0 Chrome/132.0.6834.152 Mobile Safari/537.36 Lark/7.64.3 LarkLocale/zh_CN ChannelName/Feishu appid/1161; appname/Feishu; ttnet SDK-Version/7.64.9"},"sender":{"sender_id":{"open_id":"ou_d9fbb310298e41c201adf21a827f7437","union_id":"on_42b2d290e182cb48e286733f752f3cf3","user_id":"eb3fe22a"},"sender_type":"user","tenant_key":"13d86554278f175e"}}}'
2026-04-01 15:29:17,397 - INFO - 收到消息: 价格 来自: ou_d9fbb310298e41c201adf21a827f7437
2026-04-01 15:29:17,995 - INFO - 飞书客户端初始化完成
2026-04-01 15:29:20,505 - INFO - 飞书消息发送成功: 用户消息回复
2026-04-01 15:29:24,890 - INFO - 收到原始消息: b'{"schema":"2.0","header":{"event_id":"8bf8694f91462865c2731f7661a5aa97","token":"","create_time":"1775028564667","event_type":"im.message.receive_v1","tenant_key":"13d86554278f175e","app_id":"cli_a93f179d7461dceb"},"event":{"message":{"chat_id":"oc_7c4248a35ee522bd95944906a292fa7d","chat_type":"p2p","content":"{\\"text\\":\\"\xe4\xbb\xb7\xe6\xa0\xbc\\"}","create_time":"1775028564076","message_id":"om_x100b53f8dbf3fc28b3c0ad7a9c58bdc","message_type":"text","update_time":"1775028564076","user_agent":"Mozilla/5.0 (Linux; Android 16; SM-F9460 Build/BP2A.250605.031.A3; wv) AppleWebKit/537.36 (KHTML, like Gecko) Version/4.0 Chrome/132.0.6834.152 Mobile Safari/537.36 Lark/7.64.3 LarkLocale/zh_CN ChannelName/Feishu appid/1161; appname/Feishu; ttnet SDK-Version/7.64.9"},"sender":{"sender_id":{"open_id":"ou_d9fbb310298e41c201adf21a827f7437","union_id":"on_42b2d290e182cb48e286733f752f3cf3","user_id":"eb3fe22a"},"sender_type":"user","tenant_key":"13d86554278f175e"}}}'
2026-04-01 15:29:24,890 - INFO - 收到消息: 价格 来自: ou_d9fbb310298e41c201adf21a827f7437
2026-04-01 15:29:25,465 - WARNING - API请求失败，状态码: 429
2026-04-01 15:29:26,805 - INFO - 飞书消息发送成功: 用户消息回复
2026-04-01 15:29:31,378 - INFO - 收到原始消息: b'{"schema":"2.0","header":{"event_id":"991e1ce792efbfb3fcbbb06acee189c9","token":"","create_time":"1775028571169","event_type":"im.message.receive_v1","tenant_key":"13d86554278f175e","app_id":"cli_a93f179d7461dceb"},"event":{"message":{"chat_id":"oc_7c4248a35ee522bd95944906a292fa7d","chat_type":"p2p","content":"{\\"text\\":\\"\xe4\xbb\xb7\xe6\xa0\xbc\\"}","create_time":"1775028570619","message_id":"om_x100b53f8db6878b0b3b6b909e633076","message_type":"text","update_time":"1775028570619","user_agent":"Mozilla/5.0 (Linux; Android 16; SM-F9460 Build/BP2A.250605.031.A3; wv) AppleWebKit/537.36 (KHTML, like Gecko) Version/4.0 Chrome/132.0.6834.152 Mobile Safari/537.36 Lark/7.64.3 LarkLocale/zh_CN ChannelName/Feishu appid/1161; appname/Feishu; ttnet SDK-Version/7.64.9"},"sender":{"sender_id":{"open_id":"ou_d9fbb310298e41c201adf21a827f7437","union_id":"on_42b2d290e182cb48e286733f752f3cf3","user_id":"eb3fe22a"},"sender_type":"user","tenant_key":"13d86554278f175e"}}}'
2026-04-01 15:29:31,378 - INFO - 收到消息: 价格 来自: ou_d9fbb310298e41c201adf21a827f7437
2026-04-01 15:29:33,333 - INFO - 飞书消息发送成功: 用户消息回复
2026-04-01 15:30:38,503 - INFO - 
============================================================
2026-04-01 15:30:38,503 - INFO - 触发原因: 打印调试
2026-04-01 15:30:38,503 - INFO - 当前时间: 2026-04-01 15:30:38
2026-04-01 15:30:38,503 - INFO - 数据时间: 2026-04-01 15:30:37
2026-04-01 15:30:38,503 - INFO - 当前价格: 4722.95
2026-04-01 15:30:40,032 - INFO - 飞书消息发送成功: 打印调试
2026-04-01 15:30:40,032 - INFO - ============================================================

2026-04-01 15:30:40,033 - INFO - 
============================================================
2026-04-01 15:30:40,033 - INFO - 触发原因: 下跌目标 4900 已达成
2026-04-01 15:30:40,033 - INFO - 当前时间: 2026-04-01 15:30:40
2026-04-01 15:30:40,033 - INFO - 数据时间: 2026-04-01 15:30:37
2026-04-01 15:30:40,033 - INFO - 当前价格: 4722.95
2026-04-01 15:30:41,367 - INFO - 飞书消息发送成功: 下跌目标 4900 已达成
2026-04-01 15:30:41,368 - INFO - Content-Type: multipart/mixed; boundary="===============7494277692339160747=="
MIME-Version: 1.0
Subject: =?utf-8?b?6buE6YeR5Lu35qC85o+Q6YaSIC0g5LiL6LeM55uu5qCHIDQ5MDAg5bey6L6+5oiQLOW9k+WJjeS7t+agvDQ3MjIuOTU=?=
From: 2741023538@qq.com
To: 2741023538@qq.com

--===============7494277692339160747==
Content-Type: text/plain; charset="utf-8"
MIME-Version: 1.0
Content-Transfer-Encoding: base64

CiAgICAgICAgICAgIOm7hOmHkeS7t+agvOebkeaOp+aPkOmGkgogICAgICAgICAgICDop6blj5Hl
jp/lm6A6IOS4i+i3jOebruaghyA0OTAwIOW3sui+vuaIkAogICAgICAgICAgICDlvZPliY3ml7bp
l7Q6IDIwMjYtMDQtMDEgMTU6MzA6NDAKICAgICAgICAgICAg5pWw5o2u5pe26Ze0OiAyMDI2LTA0
LTAxIDE1OjMwOjM3CiAgICAgICAgICAgIOW9k+WJjeS7t+agvDogNDcyMi45NQogICAgICAgICAg
ICDlt7Lop6blj5Hnm67moIc6IFs0OTAwXQoKICAgICAgICAgICAg5LiK5qyh5omT5Y2w5pe26Ze0
OiAyMDI2LTA0LTAxIDE1OjMwOjQwCiAgICAgICAgICAgIOS4iuasoeaJk+WNsOS7t+agvDogNDcy
Mi45NSAg5b2T5YmN5Lu35qC8OiA0NzIyLjk1CiAgICAgICAgICAgIA==

--===============7494277692339160747==--

2026-04-01 15:30:43,814 - INFO - send email success
2026-04-01 15:30:43,815 - INFO - ============================================================

2026-04-01 15:32:24,488 - INFO - 
============================================================
2026-04-01 15:32:24,488 - INFO - 触发原因: 打印调试
2026-04-01 15:32:24,488 - INFO - 当前时间: 2026-04-01 15:32:24
2026-04-01 15:32:24,488 - INFO - 数据时间: 2026-04-01 15:32:24
2026-04-01 15:32:24,488 - INFO - 当前价格: 4728.4
2026-04-01 15:32:24,488 - INFO - 上次打印时间: 2026-04-01 15:30:40
2026-04-01 15:32:24,488 - INFO - 上次打印价格: 4722.95
2026-04-01 15:32:24,488 - INFO - 当前价格: 4728.4
2026-04-01 15:32:26,379 - INFO - 飞书消息发送成功: 打印调试
2026-04-01 15:32:26,379 - INFO - ============================================================

2026-04-01 15:32:26,379 - INFO - 
============================================================
2026-04-01 15:32:26,379 - INFO - 触发原因: 下跌目标 4880 已达成
2026-04-01 15:32:26,379 - INFO - 当前时间: 2026-04-01 15:32:26
2026-04-01 15:32:26,379 - INFO - 数据时间: 2026-04-01 15:32:24
2026-04-01 15:32:26,379 - INFO - 当前价格: 4728.4
2026-04-01 15:32:26,379 - INFO - 上次打印时间: 2026-04-01 15:30:40
2026-04-01 15:32:26,379 - INFO - 上次打印价格: 4722.95
2026-04-01 15:32:26,379 - INFO - 当前价格: 4728.4
2026-04-01 15:32:27,839 - INFO - 飞书消息发送成功: 下跌目标 4880 已达成
2026-04-01 15:32:27,840 - INFO - Content-Type: multipart/mixed; boundary="===============3973273209093629870=="
MIME-Version: 1.0
Subject: =?utf-8?b?6buE6YeR5Lu35qC85o+Q6YaSIC0g5LiL6LeM55uu5qCHIDQ4ODAg5bey6L6+5oiQLOW9k+WJjeS7t+agvDQ3MjguNA==?=
From: 2741023538@qq.com
To: 2741023538@qq.com

--===============3973273209093629870==
Content-Type: text/plain; charset="utf-8"
MIME-Version: 1.0
Content-Transfer-Encoding: base64

CiAgICAgICAgICAgIOm7hOmHkeS7t+agvOebkeaOp+aPkOmGkgogICAgICAgICAgICDop6blj5Hl
jp/lm6A6IOS4i+i3jOebruaghyA0ODgwIOW3sui+vuaIkAogICAgICAgICAgICDlvZPliY3ml7bp
l7Q6IDIwMjYtMDQtMDEgMTU6MzI6MjYKICAgICAgICAgICAg5pWw5o2u5pe26Ze0OiAyMDI2LTA0
LTAxIDE1OjMyOjI0CiAgICAgICAgICAgIOW9k+WJjeS7t+agvDogNDcyOC40CiAgICAgICAgICAg
IOW3suinpuWPkeebruaghzogWzQ4ODAsIDQ5MDBdCgogICAgICAgICAgICDkuIrmrKHmiZPljbDm
l7bpl7Q6IDIwMjYtMDQtMDEgMTU6MzI6MjYKICAgICAgICAgICAg5LiK5qyh5omT5Y2w5Lu35qC8
OiA0NzI4LjQgIOW9k+WJjeS7t+agvDogNDcyOC40CiAgICAgICAgICAgIA==

--===============3973273209093629870==--

2026-04-01 15:32:30,420 - INFO - send email success
2026-04-01 15:32:30,421 - INFO - ============================================================

2026-04-01 15:34:10,968 - INFO - 
============================================================
2026-04-01 15:34:10,968 - INFO - 触发原因: 打印调试
2026-04-01 15:34:10,968 - INFO - 当前时间: 2026-04-01 15:34:10
2026-04-01 15:34:10,968 - INFO - 数据时间: 2026-04-01 15:34:10
2026-04-01 15:34:10,969 - INFO - 当前价格: 4734.48
2026-04-01 15:34:10,969 - INFO - 上次打印时间: 2026-04-01 15:32:26
2026-04-01 15:34:10,969 - INFO - 上次打印价格: 4728.4
2026-04-01 15:34:10,969 - INFO - 当前价格: 4734.48
2026-04-01 15:34:12,500 - INFO - 飞书消息发送成功: 打印调试
2026-04-01 15:34:12,500 - INFO - ============================================================

2026-04-01 15:34:12,500 - INFO - 
============================================================
2026-04-01 15:34:12,501 - INFO - 触发原因: 1 级连续涨跌检测: 连续上涨3次，累计上涨11.53点（超过10点阈值）
2026-04-01 15:34:12,501 - INFO - 当前时间: 2026-04-01 15:34:12
2026-04-01 15:34:12,501 - INFO - 数据时间: 2026-04-01 15:34:10
2026-04-01 15:34:12,501 - INFO - 当前价格: 4734.48
2026-04-01 15:34:12,501 - INFO - 上次打印时间: 2026-04-01 15:32:26
2026-04-01 15:34:12,501 - INFO - 上次打印价格: 4728.4
2026-04-01 15:34:12,501 - INFO - 当前价格: 4734.48
2026-04-01 15:34:13,862 - INFO - 飞书消息发送成功: 1 级连续涨跌检测: 连续上涨3次，累计上涨11.53点（超过10点阈值）
2026-04-01 15:34:13,863 - INFO - Content-Type: multipart/mixed; boundary="===============5924680012827718081=="
MIME-Version: 1.0
Subject: =?utf-8?b?6buE6YeR5Lu35qC85o+Q6YaSIC0gMSDnuqfov57nu63mtqjot4zmo4DmtYs6IOi/nue7reS4iua2qDPmrKHvvIzntK/orqHkuIrmtqgxMS41M+eCue+8iOi2hei/hzEw54K56ZiI5YC877yJLOW9k+WJjeS7t+agvDQ3MzQuNDg=?=
From: 2741023538@qq.com
To: 2741023538@qq.com

--===============5924680012827718081==
Content-Type: text/plain; charset="utf-8"
MIME-Version: 1.0
Content-Transfer-Encoding: base64

CiAgICAgICAgICAgIOm7hOmHkeS7t+agvOebkeaOp+aPkOmGkgogICAgICAgICAgICDop6blj5Hl
jp/lm6A6IDEg57qn6L+e57ut5rao6LeM5qOA5rWLOiDov57nu63kuIrmtqgz5qyh77yM57Sv6K6h
5LiK5raoMTEuNTPngrnvvIjotoXov4cxMOeCuemYiOWAvO+8iQogICAgICAgICAgICDlvZPliY3m
l7bpl7Q6IDIwMjYtMDQtMDEgMTU6MzQ6MTIKICAgICAgICAgICAg5pWw5o2u5pe26Ze0OiAyMDI2
LTA0LTAxIDE1OjM0OjEwCiAgICAgICAgICAgIOW9k+WJjeS7t+agvDogNDczNC40OAogICAgICAg
ICAgICDlt7Lop6blj5Hnm67moIc6IFs0ODgwLCA0OTAwXQoKICAgICAgICAgICAg5LiK5qyh5omT
5Y2w5pe26Ze0OiAyMDI2LTA0LTAxIDE1OjM0OjEyCiAgICAgICAgICAgIOS4iuasoeaJk+WNsOS7
t+agvDogNDczNC40OCAg5b2T5YmN5Lu35qC8OiA0NzM0LjQ4CiAgICAgICAgICAgIA==

--===============5924680012827718081==--

2026-04-01 15:34:14,411 - ERROR - send email error: Connection unexpectedly closed
2026-04-01 15:34:14,639 - ERROR - 监控异常: [SSL: UNEXPECTED_EOF_WHILE_READING] EOF occurred in violation of protocol (_ssl.c:1081)
2026-04-01 15:35:08,596 - INFO - 收到原始消息: b'{"schema":"2.0","header":{"event_id":"2a4cc84f526543a8cc91dd99e4bbdf50","token":"","create_time":"1775028908378","event_type":"im.message.receive_v1","tenant_key":"13d86554278f175e","app_id":"cli_a93f179d7461dceb"},"event":{"message":{"chat_id":"oc_7c4248a35ee522bd95944906a292fa7d","chat_type":"p2p","content":"{\\"text\\":\\"\xe4\xbb\xb7\xe6\xa0\xbc\\"}","create_time":"1775028907834","message_id":"om_x100b53f8e47744a8b2772cd2b64077d","message_type":"text","update_time":"1775028907834","user_agent":"Mozilla/5.0 (Linux; Android 16; SM-F9460 Build/BP2A.250605.031.A3; wv) AppleWebKit/537.36 (KHTML, like Gecko) Version/4.0 Chrome/132.0.6834.152 Mobile Safari/537.36 Lark/7.64.3 LarkLocale/zh_CN ChannelName/Feishu appid/1161; appname/Feishu; ttnet SDK-Version/7.64.9"},"sender":{"sender_id":{"open_id":"ou_d9fbb310298e41c201adf21a827f7437","union_id":"on_42b2d290e182cb48e286733f752f3cf3","user_id":"eb3fe22a"},"sender_type":"user","tenant_key":"13d86554278f175e"}}}'
2026-04-01 15:35:08,596 - INFO - 收到消息: 价格 来自: ou_d9fbb310298e41c201adf21a827f7437
2026-04-01 15:35:10,511 - INFO - 飞书消息发送成功: 用户消息回复
2026-04-01 15:35:13,417 - INFO - 收到原始消息: b'{"schema":"2.0","header":{"event_id":"581d3e60c79eb5621edfdd33d1e19808","token":"","create_time":"1775028897768","event_type":"im.message.receive_v1","tenant_key":"13d86554278f175e","app_id":"cli_a93f179d7461dceb"},"event":{"message":{"chat_id":"oc_7c4248a35ee522bd95944906a292fa7d","chat_type":"p2p","content":"{\\"text\\":\\"\xe4\xbb\xb7\xe6\xa0\xbc\\"}","create_time":"1775028897212","message_id":"om_x100b53f8e4dc9080b3d719e297b0c28","message_type":"text","update_time":"1775028897212","user_agent":"Mozilla/5.0 (Linux; Android 16; SM-F9460 Build/BP2A.250605.031.A3; wv) AppleWebKit/537.36 (KHTML, like Gecko) Version/4.0 Chrome/132.0.6834.152 Mobile Safari/537.36 Lark/7.64.3 LarkLocale/zh_CN ChannelName/Feishu appid/1161; appname/Feishu; ttnet SDK-Version/7.64.9"},"sender":{"sender_id":{"open_id":"ou_d9fbb310298e41c201adf21a827f7437","union_id":"on_42b2d290e182cb48e286733f752f3cf3","user_id":"eb3fe22a"},"sender_type":"user","tenant_key":"13d86554278f175e"}}}'
2026-04-01 15:35:13,417 - INFO - 收到消息: 价格 来自: ou_d9fbb310298e41c201adf21a827f7437
2026-04-01 15:35:14,117 - WARNING - API请求失败，状态码: 429
2026-04-01 15:35:15,786 - INFO - 飞书消息发送成功: 用户消息回复
2026-04-01 15:36:01,797 - INFO - 收到原始消息: b'{"schema":"2.0","header":{"event_id":"8895de16928978eba88af194b58ec920","token":"","create_time":"1775028961605","event_type":"im.message.receive_v1","tenant_key":"13d86554278f175e","app_id":"cli_a93f179d7461dceb"},"event":{"message":{"chat_id":"oc_7c4248a35ee522bd95944906a292fa7d","chat_type":"p2p","content":"{\\"text\\":\\"\xe4\xbb\xb7\xe6\xa0\xbc\\"}","create_time":"1775028961009","message_id":"om_x100b53f8e0c134a8b26567c897e3676","message_type":"text","update_time":"1775028961009","user_agent":"Mozilla/5.0 (Linux; Android 16; SM-F9460 Build/BP2A.250605.031.A3; wv) AppleWebKit/537.36 (KHTML, like Gecko) Version/4.0 Chrome/132.0.6834.152 Mobile Safari/537.36 Lark/7.64.3 LarkLocale/zh_CN ChannelName/Feishu appid/1161; appname/Feishu; ttnet SDK-Version/7.64.9"},"sender":{"sender_id":{"open_id":"ou_d9fbb310298e41c201adf21a827f7437","union_id":"on_42b2d290e182cb48e286733f752f3cf3","user_id":"eb3fe22a"},"sender_type":"user","tenant_key":"13d86554278f175e"}}}'
2026-04-01 15:36:01,797 - INFO - 收到消息: 价格 来自: ou_d9fbb310298e41c201adf21a827f7437
2026-04-01 15:36:03,820 - INFO - 飞书消息发送成功: 用户消息回复
2026-04-01 15:36:22,169 - INFO - 
============================================================
2026-04-01 15:36:22,169 - INFO - 触发原因: 打印调试
2026-04-01 15:36:22,169 - INFO - 当前时间: 2026-04-01 15:36:22
2026-04-01 15:36:22,169 - INFO - 数据时间: 2026-04-01 15:36:22
2026-04-01 15:36:22,170 - INFO - 当前价格: 4736.87
2026-04-01 15:36:22,170 - INFO - 上次打印时间: 2026-04-01 15:34:12
2026-04-01 15:36:22,170 - INFO - 上次打印价格: 4734.48
2026-04-01 15:36:22,170 - INFO - 当前价格: 4736.87
2026-04-01 15:36:23,791 - INFO - 飞书消息发送成功: 打印调试
2026-04-01 15:36:23,791 - INFO - ============================================================

2026-04-01 15:36:23,791 - INFO - 
============================================================
2026-04-01 15:36:23,791 - INFO - 触发原因: 1 级连续涨跌检测: 连续上涨4次，累计上涨13.92点（超过10点阈值）
2026-04-01 15:36:23,792 - INFO - 当前时间: 2026-04-01 15:36:23
2026-04-01 15:36:23,792 - INFO - 数据时间: 2026-04-01 15:36:22
2026-04-01 15:36:23,792 - INFO - 当前价格: 4736.87
2026-04-01 15:36:23,792 - INFO - 上次打印时间: 2026-04-01 15:34:12
2026-04-01 15:36:23,792 - INFO - 上次打印价格: 4734.48
2026-04-01 15:36:23,792 - INFO - 当前价格: 4736.87
2026-04-01 15:36:25,093 - INFO - 飞书消息发送成功: 1 级连续涨跌检测: 连续上涨4次，累计上涨13.92点（超过10点阈值）
2026-04-01 15:36:25,094 - INFO - Content-Type: multipart/mixed; boundary="===============7747432783370057361=="
MIME-Version: 1.0
Subject: =?utf-8?b?6buE6YeR5Lu35qC85o+Q6YaSIC0gMSDnuqfov57nu63mtqjot4zmo4DmtYs6IOi/nue7reS4iua2qDTmrKHvvIzntK/orqHkuIrmtqgxMy45MueCue+8iOi2hei/hzEw54K56ZiI5YC877yJLOW9k+WJjeS7t+agvDQ3MzYuODc=?=
From: 2741023538@qq.com
To: 2741023538@qq.com

--===============7747432783370057361==
Content-Type: text/plain; charset="utf-8"
MIME-Version: 1.0
Content-Transfer-Encoding: base64

CiAgICAgICAgICAgIOm7hOmHkeS7t+agvOebkeaOp+aPkOmGkgogICAgICAgICAgICDop6blj5Hl
jp/lm6A6IDEg57qn6L+e57ut5rao6LeM5qOA5rWLOiDov57nu63kuIrmtqg05qyh77yM57Sv6K6h
5LiK5raoMTMuOTLngrnvvIjotoXov4cxMOeCuemYiOWAvO+8iQogICAgICAgICAgICDlvZPliY3m
l7bpl7Q6IDIwMjYtMDQtMDEgMTU6MzY6MjMKICAgICAgICAgICAg5pWw5o2u5pe26Ze0OiAyMDI2
LTA0LTAxIDE1OjM2OjIyCiAgICAgICAgICAgIOW9k+WJjeS7t+agvDogNDczNi44NwogICAgICAg
ICAgICDlt7Lop6blj5Hnm67moIc6IFs0ODgwLCA0OTAwXQoKICAgICAgICAgICAg5LiK5qyh5omT
5Y2w5pe26Ze0OiAyMDI2LTA0LTAxIDE1OjM2OjIzCiAgICAgICAgICAgIOS4iuasoeaJk+WNsOS7
t+agvDogNDczNi44NyAg5b2T5YmN5Lu35qC8OiA0NzM2Ljg3CiAgICAgICAgICAgIA==

--===============7747432783370057361==--

2026-04-01 15:36:27,594 - INFO - send email success
2026-04-01 15:36:27,594 - INFO - ============================================================

2026-04-01 15:38:07,606 - ERROR - 请求异常: HTTPSConnectionPool(host='quote.alltick.io', port=443): Max retries exceeded with url: /quote-b-api/trade-tick?token=f3c967c1565410741243791593245f57-c-app&query=%7B%22trace%22%3A+%22gold_monitor_tick%22%2C+%22data%22%3A+%7B%22symbol_list%22%3A+%5B%7B%22code%22%3A+%22GOLD%22%7D%5D%7D%7D (Caused by NameResolutionError("HTTPSConnection(host='quote.alltick.io', port=443): Failed to resolve 'quote.alltick.io' ([Errno 11001] getaddrinfo failed)"))
2026-04-01 15:38:07,606 - WARNING - 获取价格失败，等待60秒后重试...
2026-04-01 15:43:37,130 - INFO - 黄金价格监控系统启动...
2026-04-01 15:43:37,130 - INFO - 事件监听器启动成功
2026-04-01 15:43:37,130 - INFO - 上涨目标价格: [4950, 4980, 5000, 5030, 5080, 5100, 5200]
2026-04-01 15:43:37,131 - INFO - 下跌目标价格: [4900, 4880, 4800, 4720, 4700, 4650, 4600, 4500]
2026-04-01 15:43:37,131 - INFO - 监控开始...

2026-04-01 15:43:54,525 - INFO - 收到原始消息: b'{"schema":"2.0","header":{"event_id":"b1cb70e3ac3fb52e20e3392c6f76dee9","token":"","create_time":"1775029434307","event_type":"im.message.receive_v1","tenant_key":"13d86554278f175e","app_id":"cli_a93f179d7461dceb"},"event":{"message":{"chat_id":"oc_7c4248a35ee522bd95944906a292fa7d","chat_type":"p2p","content":"{\\"text\\":\\"\xe4\xbb\xb7\xe6\xa0\xbc\\"}","create_time":"1775029433782","message_id":"om_x100b53f885547c8cb29836b6300bbdc","message_type":"text","update_time":"1775029433782","user_agent":"Mozilla/5.0 (Linux; Android 16; SM-F9460 Build/BP2A.250605.031.A3; wv) AppleWebKit/537.36 (KHTML, like Gecko) Version/4.0 Chrome/132.0.6834.152 Mobile Safari/537.36 Lark/7.64.3 LarkLocale/zh_CN ChannelName/Feishu appid/1161; appname/Feishu; ttnet SDK-Version/7.64.9"},"sender":{"sender_id":{"open_id":"ou_d9fbb310298e41c201adf21a827f7437","union_id":"on_42b2d290e182cb48e286733f752f3cf3","user_id":"eb3fe22a"},"sender_type":"user","tenant_key":"13d86554278f175e"}}}'
2026-04-01 15:43:54,526 - INFO - 收到消息: 价格 来自: ou_d9fbb310298e41c201adf21a827f7437
2026-04-01 15:43:55,114 - INFO - 飞书客户端初始化完成
2026-04-01 15:43:57,048 - INFO - 飞书消息发送成功: 用户消息回复
2026-04-01 15:44:01,306 - INFO - 收到原始消息: b'{"schema":"2.0","header":{"event_id":"e2bdc6dd8e34db457ac4cd5de141a956","token":"","create_time":"1775029441117","event_type":"im.message.receive_v1","tenant_key":"13d86554278f175e","app_id":"cli_a93f179d7461dceb"},"event":{"message":{"chat_id":"oc_7c4248a35ee522bd95944906a292fa7d","chat_type":"p2p","content":"{\\"text\\":\\"\xe4\xbb\xb7\xe6\xa0\xbc\\"}","create_time":"1775029440580","message_id":"om_x100b53f882cbd4b8b3fc5c245f6264c","message_type":"text","update_time":"1775029440580","user_agent":"Mozilla/5.0 (Linux; Android 16; SM-F9460 Build/BP2A.250605.031.A3; wv) AppleWebKit/537.36 (KHTML, like Gecko) Version/4.0 Chrome/132.0.6834.152 Mobile Safari/537.36 Lark/7.64.3 LarkLocale/zh_CN ChannelName/Feishu appid/1161; appname/Feishu; ttnet SDK-Version/7.64.9"},"sender":{"sender_id":{"open_id":"ou_d9fbb310298e41c201adf21a827f7437","union_id":"on_42b2d290e182cb48e286733f752f3cf3","user_id":"eb3fe22a"},"sender_type":"user","tenant_key":"13d86554278f175e"}}}'
2026-04-01 15:44:01,306 - INFO - 收到消息: 价格 来自: ou_d9fbb310298e41c201adf21a827f7437
2026-04-01 15:44:01,813 - WARNING - API请求失败，状态码: 429
2026-04-01 15:44:03,044 - INFO - 飞书消息发送成功: 用户消息回复
2026-04-01 15:44:06,581 - INFO - 收到原始消息: b'{"schema":"2.0","header":{"event_id":"02853ee52efa1ac8db5588a36c2e7463","token":"","create_time":"1775029446381","event_type":"im.message.receive_v1","tenant_key":"13d86554278f175e","app_id":"cli_a93f179d7461dceb"},"event":{"message":{"chat_id":"oc_7c4248a35ee522bd95944906a292fa7d","chat_type":"p2p","content":"{\\"text\\":\\"\xe4\xbb\xb7\xe6\xa0\xbc\\"}","create_time":"1775029445888","message_id":"om_x100b53f882970ca0b4ae3bfce8a0aec","message_type":"text","update_time":"1775029445888","user_agent":"Mozilla/5.0 (Linux; Android 16; SM-F9460 Build/BP2A.250605.031.A3; wv) AppleWebKit/537.36 (KHTML, like Gecko) Version/4.0 Chrome/132.0.6834.152 Mobile Safari/537.36 Lark/7.64.3 LarkLocale/zh_CN ChannelName/Feishu appid/1161; appname/Feishu; ttnet SDK-Version/7.64.9"},"sender":{"sender_id":{"open_id":"ou_d9fbb310298e41c201adf21a827f7437","union_id":"on_42b2d290e182cb48e286733f752f3cf3","user_id":"eb3fe22a"},"sender_type":"user","tenant_key":"13d86554278f175e"}}}'
2026-04-01 15:44:06,581 - INFO - 收到消息: 价格 来自: ou_d9fbb310298e41c201adf21a827f7437
2026-04-01 15:44:08,608 - INFO - 飞书消息发送成功: 用户消息回复
2026-04-01 15:45:38,824 - INFO - 
============================================================
2026-04-01 15:45:38,824 - INFO - 触发原因: 打印调试
2026-04-01 15:45:38,824 - INFO - 当前时间: 2026-04-01 15:45:38
2026-04-01 15:45:38,824 - INFO - 数据时间: 2026-04-01 15:45:38
2026-04-01 15:45:38,824 - INFO - 当前价格: 4727.73
2026-04-01 15:45:40,298 - INFO - 飞书消息发送成功: 打印调试
2026-04-01 15:45:40,298 - INFO - ============================================================

2026-04-01 15:45:40,299 - INFO - 
============================================================
2026-04-01 15:45:40,299 - INFO - 触发原因: 下跌目标 4900 已达成
2026-04-01 15:45:40,299 - INFO - 当前时间: 2026-04-01 15:45:40
2026-04-01 15:45:40,299 - INFO - 数据时间: 2026-04-01 15:45:38
2026-04-01 15:45:40,299 - INFO - 当前价格: 4727.73
2026-04-01 15:45:41,672 - INFO - 飞书消息发送成功: 下跌目标 4900 已达成
2026-04-01 15:45:41,673 - INFO - Content-Type: multipart/mixed; boundary="===============6472356865263695901=="
MIME-Version: 1.0
Subject: =?utf-8?b?6buE6YeR5Lu35qC85o+Q6YaSIC0g5LiL6LeM55uu5qCHIDQ5MDAg5bey6L6+5oiQLOW9k+WJjeS7t+agvDQ3MjcuNzM=?=
From: 2741023538@qq.com
To: 2741023538@qq.com

--===============6472356865263695901==
Content-Type: text/plain; charset="utf-8"
MIME-Version: 1.0
Content-Transfer-Encoding: base64

CiAgICAgICAgICAgIOm7hOmHkeS7t+agvOebkeaOp+aPkOmGkgogICAgICAgICAgICDop6blj5Hl
jp/lm6A6IOS4i+i3jOebruaghyA0OTAwIOW3sui+vuaIkAogICAgICAgICAgICDlvZPliY3ml7bp
l7Q6IDIwMjYtMDQtMDEgMTU6NDU6NDAKICAgICAgICAgICAg5pWw5o2u5pe26Ze0OiAyMDI2LTA0
LTAxIDE1OjQ1OjM4CiAgICAgICAgICAgIOW9k+WJjeS7t+agvDogNDcyNy43MwogICAgICAgICAg
ICDlt7Lop6blj5Hnm67moIc6IFs0OTAwXQoKICAgICAgICAgICAg5LiK5qyh5omT5Y2w5pe26Ze0
OiAyMDI2LTA0LTAxIDE1OjQ1OjQwCiAgICAgICAgICAgIOS4iuasoeaJk+WNsOS7t+agvDogNDcy
Ny43MyAg5b2T5YmN5Lu35qC8OiA0NzI3LjczCiAgICAgICAgICAgIA==

--===============6472356865263695901==--

2026-04-01 15:45:43,699 - INFO - send email success
2026-04-01 15:45:43,699 - INFO - ============================================================

2026-04-01 15:47:24,247 - INFO - 
============================================================
2026-04-01 15:47:24,247 - INFO - 触发原因: 打印调试
2026-04-01 15:47:24,248 - INFO - 当前时间: 2026-04-01 15:47:24
2026-04-01 15:47:24,248 - INFO - 数据时间: 2026-04-01 15:47:23
2026-04-01 15:47:24,248 - INFO - 当前价格: 4728.77
2026-04-01 15:47:24,248 - INFO - 上次打印时间: 2026-04-01 15:45:40
2026-04-01 15:47:24,248 - INFO - 上次打印价格: 4727.73
2026-04-01 15:47:24,248 - INFO - 当前价格: 4728.77
2026-04-01 15:47:25,714 - INFO - 飞书消息发送成功: 打印调试
2026-04-01 15:47:25,715 - INFO - ============================================================

2026-04-01 15:47:25,715 - INFO - 
============================================================
2026-04-01 15:47:25,715 - INFO - 触发原因: 下跌目标 4880 已达成
2026-04-01 15:47:25,715 - INFO - 当前时间: 2026-04-01 15:47:25
2026-04-01 15:47:25,715 - INFO - 数据时间: 2026-04-01 15:47:23
2026-04-01 15:47:25,715 - INFO - 当前价格: 4728.77
2026-04-01 15:47:25,715 - INFO - 上次打印时间: 2026-04-01 15:45:40
2026-04-01 15:47:25,716 - INFO - 上次打印价格: 4727.73
2026-04-01 15:47:25,716 - INFO - 当前价格: 4728.77
2026-04-01 15:47:27,113 - INFO - 飞书消息发送成功: 下跌目标 4880 已达成
2026-04-01 15:47:27,114 - INFO - Content-Type: multipart/mixed; boundary="===============1573939661258404544=="
MIME-Version: 1.0
Subject: =?utf-8?b?6buE6YeR5Lu35qC85o+Q6YaSIC0g5LiL6LeM55uu5qCHIDQ4ODAg5bey6L6+5oiQLOW9k+WJjeS7t+agvDQ3MjguNzc=?=
From: 2741023538@qq.com
To: 2741023538@qq.com

--===============1573939661258404544==
Content-Type: text/plain; charset="utf-8"
MIME-Version: 1.0
Content-Transfer-Encoding: base64

CiAgICAgICAgICAgIOm7hOmHkeS7t+agvOebkeaOp+aPkOmGkgogICAgICAgICAgICDop6blj5Hl
jp/lm6A6IOS4i+i3jOebruaghyA0ODgwIOW3sui+vuaIkAogICAgICAgICAgICDlvZPliY3ml7bp
l7Q6IDIwMjYtMDQtMDEgMTU6NDc6MjUKICAgICAgICAgICAg5pWw5o2u5pe26Ze0OiAyMDI2LTA0
LTAxIDE1OjQ3OjIzCiAgICAgICAgICAgIOW9k+WJjeS7t+agvDogNDcyOC43NwogICAgICAgICAg
ICDlt7Lop6blj5Hnm67moIc6IFs0ODgwLCA0OTAwXQoKICAgICAgICAgICAg5LiK5qyh5omT5Y2w
5pe26Ze0OiAyMDI2LTA0LTAxIDE1OjQ3OjI1CiAgICAgICAgICAgIOS4iuasoeaJk+WNsOS7t+ag
vDogNDcyOC43NyAg5b2T5YmN5Lu35qC8OiA0NzI4Ljc3CiAgICAgICAgICAgIA==

--===============1573939661258404544==--

2026-04-01 15:47:29,584 - INFO - send email success
2026-04-01 15:47:29,584 - INFO - ============================================================

2026-04-01 15:49:10,324 - INFO - 
============================================================
2026-04-01 15:49:10,324 - INFO - 触发原因: 打印调试
2026-04-01 15:49:10,324 - INFO - 当前时间: 2026-04-01 15:49:10
2026-04-01 15:49:10,324 - INFO - 数据时间: 2026-04-01 15:49:09
2026-04-01 15:49:10,325 - INFO - 当前价格: 4723.19
2026-04-01 15:49:10,325 - INFO - 上次打印时间: 2026-04-01 15:47:25
2026-04-01 15:49:10,325 - INFO - 上次打印价格: 4728.77
2026-04-01 15:49:10,325 - INFO - 当前价格: 4723.19
2026-04-01 15:49:11,855 - INFO - 飞书消息发送成功: 打印调试
2026-04-01 15:49:11,855 - INFO - ============================================================

2026-04-01 15:49:11,855 - INFO - 
============================================================
2026-04-01 15:49:11,856 - INFO - 触发原因: 下跌目标 4800 已达成
2026-04-01 15:49:11,856 - INFO - 当前时间: 2026-04-01 15:49:11
2026-04-01 15:49:11,856 - INFO - 数据时间: 2026-04-01 15:49:09
2026-04-01 15:49:11,856 - INFO - 当前价格: 4723.19
2026-04-01 15:49:11,856 - INFO - 上次打印时间: 2026-04-01 15:47:25
2026-04-01 15:49:11,856 - INFO - 上次打印价格: 4728.77
2026-04-01 15:49:11,856 - INFO - 当前价格: 4723.19
2026-04-01 15:49:13,171 - INFO - 飞书消息发送成功: 下跌目标 4800 已达成
2026-04-01 15:49:13,172 - INFO - Content-Type: multipart/mixed; boundary="===============1634989380487077251=="
MIME-Version: 1.0
Subject: =?utf-8?b?6buE6YeR5Lu35qC85o+Q6YaSIC0g5LiL6LeM55uu5qCHIDQ4MDAg5bey6L6+5oiQLOW9k+WJjeS7t+agvDQ3MjMuMTk=?=
From: 2741023538@qq.com
To: 2741023538@qq.com

--===============1634989380487077251==
Content-Type: text/plain; charset="utf-8"
MIME-Version: 1.0
Content-Transfer-Encoding: base64

CiAgICAgICAgICAgIOm7hOmHkeS7t+agvOebkeaOp+aPkOmGkgogICAgICAgICAgICDop6blj5Hl
jp/lm6A6IOS4i+i3jOebruaghyA0ODAwIOW3sui+vuaIkAogICAgICAgICAgICDlvZPliY3ml7bp
l7Q6IDIwMjYtMDQtMDEgMTU6NDk6MTEKICAgICAgICAgICAg5pWw5o2u5pe26Ze0OiAyMDI2LTA0
LTAxIDE1OjQ5OjA5CiAgICAgICAgICAgIOW9k+WJjeS7t+agvDogNDcyMy4xOQogICAgICAgICAg
ICDlt7Lop6blj5Hnm67moIc6IFs0ODgwLCA0OTAwLCA0ODAwXQoKICAgICAgICAgICAg5LiK5qyh
5omT5Y2w5pe26Ze0OiAyMDI2LTA0LTAxIDE1OjQ5OjExCiAgICAgICAgICAgIOS4iuasoeaJk+WN
sOS7t+agvDogNDcyMy4xOSAg5b2T5YmN5Lu35qC8OiA0NzIzLjE5CiAgICAgICAgICAgIA==

--===============1634989380487077251==--

2026-04-01 15:49:15,112 - INFO - send email success
2026-04-01 15:49:15,112 - INFO - ============================================================

2026-04-01 15:50:55,752 - INFO - 
============================================================
2026-04-01 15:50:55,752 - INFO - 触发原因: 打印调试
2026-04-01 15:50:55,753 - INFO - 当前时间: 2026-04-01 15:50:55
2026-04-01 15:50:55,753 - INFO - 数据时间: 2026-04-01 15:50:55
2026-04-01 15:50:55,753 - INFO - 当前价格: 4720.11
2026-04-01 15:50:55,753 - INFO - 上次打印时间: 2026-04-01 15:49:11
2026-04-01 15:50:55,753 - INFO - 上次打印价格: 4723.19
2026-04-01 15:50:55,753 - INFO - 当前价格: 4720.11
2026-04-01 15:50:57,444 - INFO - 飞书消息发送成功: 打印调试
2026-04-01 15:50:57,444 - INFO - ============================================================

2026-04-01 15:50:57,444 - INFO - 
============================================================
2026-04-01 15:50:57,444 - INFO - 触发原因: 下跌目标 4720 已达成
2026-04-01 15:50:57,444 - INFO - 当前时间: 2026-04-01 15:50:57
2026-04-01 15:50:57,444 - INFO - 数据时间: 2026-04-01 15:50:55
2026-04-01 15:50:57,445 - INFO - 当前价格: 4720.11
2026-04-01 15:50:57,445 - INFO - 上次打印时间: 2026-04-01 15:49:11
2026-04-01 15:50:57,445 - INFO - 上次打印价格: 4723.19
2026-04-01 15:50:57,445 - INFO - 当前价格: 4720.11
2026-04-01 15:50:58,703 - INFO - 飞书消息发送成功: 下跌目标 4720 已达成
2026-04-01 15:50:58,704 - INFO - Content-Type: multipart/mixed; boundary="===============8567351464412738519=="
MIME-Version: 1.0
Subject: =?utf-8?b?6buE6YeR5Lu35qC85o+Q6YaSIC0g5LiL6LeM55uu5qCHIDQ3MjAg5bey6L6+5oiQLOW9k+WJjeS7t+agvDQ3MjAuMTE=?=
From: 2741023538@qq.com
To: 2741023538@qq.com

--===============8567351464412738519==
Content-Type: text/plain; charset="utf-8"
MIME-Version: 1.0
Content-Transfer-Encoding: base64

CiAgICAgICAgICAgIOm7hOmHkeS7t+agvOebkeaOp+aPkOmGkgogICAgICAgICAgICDop6blj5Hl
jp/lm6A6IOS4i+i3jOebruaghyA0NzIwIOW3sui+vuaIkAogICAgICAgICAgICDlvZPliY3ml7bp
l7Q6IDIwMjYtMDQtMDEgMTU6NTA6NTcKICAgICAgICAgICAg5pWw5o2u5pe26Ze0OiAyMDI2LTA0
LTAxIDE1OjUwOjU1CiAgICAgICAgICAgIOW9k+WJjeS7t+agvDogNDcyMC4xMQogICAgICAgICAg
ICDlt7Lop6blj5Hnm67moIc6IFs0ODgwLCA0NzIwLCA0OTAwLCA0ODAwXQoKICAgICAgICAgICAg
5LiK5qyh5omT5Y2w5pe26Ze0OiAyMDI2LTA0LTAxIDE1OjUwOjU3CiAgICAgICAgICAgIOS4iuas
oeaJk+WNsOS7t+agvDogNDcyMC4xMSAg5b2T5YmN5Lu35qC8OiA0NzIwLjExCiAgICAgICAgICAg
IA==

--===============8567351464412738519==--

2026-04-01 15:51:00,877 - INFO - send email success
2026-04-01 15:51:00,877 - INFO - ============================================================

2026-04-01 15:52:41,402 - INFO - 
============================================================
2026-04-01 15:52:41,402 - INFO - 触发原因: 打印调试
2026-04-01 15:52:41,402 - INFO - 当前时间: 2026-04-01 15:52:41
2026-04-01 15:52:41,402 - INFO - 数据时间: 2026-04-01 15:52:41
2026-04-01 15:52:41,402 - INFO - 当前价格: 4713.61
2026-04-01 15:52:41,402 - INFO - 上次打印时间: 2026-04-01 15:50:57
2026-04-01 15:52:41,403 - INFO - 上次打印价格: 4720.11
2026-04-01 15:52:41,403 - INFO - 当前价格: 4713.61
2026-04-01 15:52:42,971 - INFO - 飞书消息发送成功: 打印调试
2026-04-01 15:52:42,971 - INFO - ============================================================

2026-04-01 15:52:42,972 - INFO - 
============================================================
2026-04-01 15:52:42,972 - INFO - 触发原因: 价格上涨超过整数变化
2026-04-01 15:52:42,972 - INFO - 当前时间: 2026-04-01 15:52:42
2026-04-01 15:52:42,972 - INFO - 数据时间: 2026-04-01 15:52:41
2026-04-01 15:52:42,972 - INFO - 当前价格: 4713.61
2026-04-01 15:52:42,972 - INFO - 上次打印时间: 2026-04-01 15:50:57
2026-04-01 15:52:42,972 - INFO - 上次打印价格: 4720.11
2026-04-01 15:52:42,972 - INFO - 当前价格: 4713.61
2026-04-01 15:52:44,223 - INFO - 飞书消息发送成功: 价格上涨超过整数变化
2026-04-01 15:52:44,223 - INFO - Content-Type: multipart/mixed; boundary="===============0797366598735879174=="
MIME-Version: 1.0
Subject: =?utf-8?b?6buE6YeR5Lu35qC85o+Q6YaSIC0g5Lu35qC85LiK5rao6LaF6L+H5pW05pWw5Y+Y5YyWLOW9k+WJjeS7t+agvDQ3MTMuNjE=?=
From: 2741023538@qq.com
To: 2741023538@qq.com

--===============0797366598735879174==
Content-Type: text/plain; charset="utf-8"
MIME-Version: 1.0
Content-Transfer-Encoding: base64

CiAgICAgICAgICAgIOm7hOmHkeS7t+agvOebkeaOp+aPkOmGkgogICAgICAgICAgICDop6blj5Hl
jp/lm6A6IOS7t+agvOS4iua2qOi2hei/h+aVtOaVsOWPmOWMlgogICAgICAgICAgICDlvZPliY3m
l7bpl7Q6IDIwMjYtMDQtMDEgMTU6NTI6NDIKICAgICAgICAgICAg5pWw5o2u5pe26Ze0OiAyMDI2
LTA0LTAxIDE1OjUyOjQxCiAgICAgICAgICAgIOW9k+WJjeS7t+agvDogNDcxMy42MQogICAgICAg
ICAgICDlt7Lop6blj5Hnm67moIc6IFs0ODgwLCA0NzIwLCA0OTAwLCA0ODAwXQoKICAgICAgICAg
ICAg5LiK5qyh5omT5Y2w5pe26Ze0OiAyMDI2LTA0LTAxIDE1OjUyOjQyCiAgICAgICAgICAgIOS4
iuasoeaJk+WNsOS7t+agvDogNDcxMy42MSAg5b2T5YmN5Lu35qC8OiA0NzEzLjYxCiAgICAgICAg
ICAgIA==

--===============0797366598735879174==--

2026-04-01 15:52:46,222 - INFO - send email success
2026-04-01 15:52:46,223 - INFO - ============================================================

2026-04-01 15:54:26,923 - ERROR - 请求异常: ('Connection aborted.', RemoteDisconnected('Remote end closed connection without response'))
2026-04-01 15:54:26,924 - WARNING - 获取价格失败，等待60秒后重试...
2026-04-01 15:57:07,601 - INFO - 
============================================================
2026-04-01 15:57:07,601 - INFO - 触发原因: 打印调试
2026-04-01 15:57:07,601 - INFO - 当前时间: 2026-04-01 15:57:07
2026-04-01 15:57:07,601 - INFO - 数据时间: 2026-04-01 15:57:06
2026-04-01 15:57:07,601 - INFO - 当前价格: 4712.37
2026-04-01 15:57:07,601 - INFO - 上次打印时间: 2026-04-01 15:52:42
2026-04-01 15:57:07,601 - INFO - 上次打印价格: 4713.61
2026-04-01 15:57:07,601 - INFO - 当前价格: 4712.37
2026-04-01 15:57:09,050 - INFO - 飞书消息发送成功: 打印调试
2026-04-01 15:57:09,050 - INFO - ============================================================

2026-04-01 15:57:09,051 - INFO - 
============================================================
2026-04-01 15:57:09,051 - INFO - 触发原因: 10分钟定时打印
2026-04-01 15:57:09,051 - INFO - 当前时间: 2026-04-01 15:57:09
2026-04-01 15:57:09,051 - INFO - 数据时间: 2026-04-01 15:57:06
2026-04-01 15:57:09,051 - INFO - 当前价格: 4712.37
2026-04-01 15:57:09,051 - INFO - 上次打印时间: 2026-04-01 15:52:42
2026-04-01 15:57:09,051 - INFO - 上次打印价格: 4713.61
2026-04-01 15:57:09,051 - INFO - 当前价格: 4712.37
2026-04-01 15:57:10,382 - INFO - 飞书消息发送成功: 10分钟定时打印
2026-04-01 15:57:10,383 - INFO - Content-Type: multipart/mixed; boundary="===============5413511220749979935=="
MIME-Version: 1.0
Subject: =?utf-8?b?6buE6YeR5Lu35qC85o+Q6YaSIC0gMTDliIbpkp/lrprml7bmiZPljbAs5b2T5YmN5Lu35qC8NDcxMi4zNw==?=
From: 2741023538@qq.com
To: 2741023538@qq.com

--===============5413511220749979935==
Content-Type: text/plain; charset="utf-8"
MIME-Version: 1.0
Content-Transfer-Encoding: base64

CiAgICAgICAgICAgIOm7hOmHkeS7t+agvOebkeaOp+aPkOmGkgogICAgICAgICAgICDop6blj5Hl
jp/lm6A6IDEw5YiG6ZKf5a6a5pe25omT5Y2wCiAgICAgICAgICAgIOW9k+WJjeaXtumXtDogMjAy
Ni0wNC0wMSAxNTo1NzowOQogICAgICAgICAgICDmlbDmja7ml7bpl7Q6IDIwMjYtMDQtMDEgMTU6
NTc6MDYKICAgICAgICAgICAg5b2T5YmN5Lu35qC8OiA0NzEyLjM3CiAgICAgICAgICAgIOW3suin
puWPkeebruaghzogWzQ4ODAsIDQ3MjAsIDQ5MDAsIDQ4MDBdCgogICAgICAgICAgICDkuIrmrKHm
iZPljbDml7bpl7Q6IDIwMjYtMDQtMDEgMTU6NTc6MDkKICAgICAgICAgICAg5LiK5qyh5omT5Y2w
5Lu35qC8OiA0NzEyLjM3ICDlvZPliY3ku7fmoLw6IDQ3MTIuMzcKICAgICAgICAgICAg

--===============5413511220749979935==--

2026-04-01 15:57:12,481 - INFO - send email success
2026-04-01 15:57:12,481 - INFO - ============================================================

2026-04-01 15:58:53,049 - INFO - 
============================================================
2026-04-01 15:58:53,049 - INFO - 触发原因: 打印调试
2026-04-01 15:58:53,049 - INFO - 当前时间: 2026-04-01 15:58:53
2026-04-01 15:58:53,049 - INFO - 数据时间: 2026-04-01 15:58:52
2026-04-01 15:58:53,049 - INFO - 当前价格: 4711.64
2026-04-01 15:58:53,049 - INFO - 上次打印时间: 2026-04-01 15:57:09
2026-04-01 15:58:53,049 - INFO - 上次打印价格: 4712.37
2026-04-01 15:58:53,049 - INFO - 当前价格: 4711.64
2026-04-01 15:58:54,690 - INFO - 飞书消息发送成功: 打印调试
2026-04-01 15:58:54,690 - INFO - ============================================================

2026-04-01 16:00:35,283 - INFO - 
============================================================
2026-04-01 16:00:35,283 - INFO - 触发原因: 打印调试
2026-04-01 16:00:35,283 - INFO - 当前时间: 2026-04-01 16:00:35
2026-04-01 16:00:35,283 - INFO - 数据时间: 2026-04-01 16:00:34
2026-04-01 16:00:35,283 - INFO - 当前价格: 4711.67
2026-04-01 16:00:35,283 - INFO - 上次打印时间: 2026-04-01 15:57:09
2026-04-01 16:00:35,284 - INFO - 上次打印价格: 4712.37
2026-04-01 16:00:35,284 - INFO - 当前价格: 4711.67
2026-04-01 16:00:36,759 - INFO - 飞书消息发送成功: 打印调试
2026-04-01 16:00:36,759 - INFO - ============================================================

2026-04-01 16:02:17,417 - INFO - 
============================================================
2026-04-01 16:02:17,417 - INFO - 触发原因: 打印调试
2026-04-01 16:02:17,417 - INFO - 当前时间: 2026-04-01 16:02:17
2026-04-01 16:02:17,417 - INFO - 数据时间: 2026-04-01 16:02:16
2026-04-01 16:02:17,418 - INFO - 当前价格: 4716.63
2026-04-01 16:02:17,418 - INFO - 上次打印时间: 2026-04-01 15:57:09
2026-04-01 16:02:17,418 - INFO - 上次打印价格: 4712.37
2026-04-01 16:02:17,418 - INFO - 当前价格: 4716.63
2026-04-01 16:02:19,185 - INFO - 飞书消息发送成功: 打印调试
2026-04-01 16:02:19,186 - INFO - ============================================================

2026-04-01 16:03:59,581 - ERROR - 请求异常: ('Connection aborted.', ConnectionResetError(10054, '远程主机强迫关闭了一个现有的连接。', None, 10054, None))
2026-04-01 16:03:59,581 - WARNING - 获取价格失败，等待60秒后重试...
2026-04-01 16:06:39,601 - ERROR - 请求异常: HTTPSConnectionPool(host='quote.alltick.io', port=443): Max retries exceeded with url: /quote-b-api/trade-tick?token=f3c967c1565410741243791593245f57-c-app&query=%7B%22trace%22%3A+%22gold_monitor_tick%22%2C+%22data%22%3A+%7B%22symbol_list%22%3A+%5B%7B%22code%22%3A+%22GOLD%22%7D%5D%7D%7D (Caused by NameResolutionError("HTTPSConnection(host='quote.alltick.io', port=443): Failed to resolve 'quote.alltick.io' ([Errno 11001] getaddrinfo failed)"))
2026-04-01 16:06:39,602 - WARNING - 获取价格失败，等待60秒后重试...
2026-04-01 16:09:31,670 - ERROR - 请求异常: HTTPSConnectionPool(host='quote.alltick.io', port=443): Max retries exceeded with url: /quote-b-api/trade-tick?token=f3c967c1565410741243791593245f57-c-app&query=%7B%22trace%22%3A+%22gold_monitor_tick%22%2C+%22data%22%3A+%7B%22symbol_list%22%3A+%5B%7B%22code%22%3A+%22GOLD%22%7D%5D%7D%7D (Caused by NameResolutionError("HTTPSConnection(host='quote.alltick.io', port=443): Failed to resolve 'quote.alltick.io' ([Errno 11001] getaddrinfo failed)"))
2026-04-01 16:09:31,670 - WARNING - 获取价格失败，等待60秒后重试...
2026-04-01 16:12:11,683 - ERROR - 请求异常: HTTPSConnectionPool(host='quote.alltick.io', port=443): Max retries exceeded with url: /quote-b-api/trade-tick?token=f3c967c1565410741243791593245f57-c-app&query=%7B%22trace%22%3A+%22gold_monitor_tick%22%2C+%22data%22%3A+%7B%22symbol_list%22%3A+%5B%7B%22code%22%3A+%22GOLD%22%7D%5D%7D%7D (Caused by NameResolutionError("HTTPSConnection(host='quote.alltick.io', port=443): Failed to resolve 'quote.alltick.io' ([Errno 11001] getaddrinfo failed)"))
2026-04-01 16:12:11,683 - WARNING - 获取价格失败，等待60秒后重试...
2026-04-01 16:14:52,307 - INFO - 
============================================================
2026-04-01 16:14:52,307 - INFO - 触发原因: 打印调试
2026-04-01 16:14:52,307 - INFO - 当前时间: 2026-04-01 16:14:52
2026-04-01 16:14:52,307 - INFO - 数据时间: 2026-04-01 16:14:51
2026-04-01 16:14:52,308 - INFO - 当前价格: 4719.04
2026-04-01 16:14:52,308 - INFO - 上次打印时间: 2026-04-01 15:57:09
2026-04-01 16:14:52,308 - INFO - 上次打印价格: 4712.37
2026-04-01 16:14:52,308 - INFO - 当前价格: 4719.04
2026-04-01 16:14:53,767 - INFO - 飞书消息发送成功: 打印调试
2026-04-01 16:14:53,767 - INFO - ============================================================

2026-04-01 16:14:53,767 - INFO - 
============================================================
2026-04-01 16:14:53,767 - INFO - 触发原因: 10分钟定时打印
2026-04-01 16:14:53,767 - INFO - 当前时间: 2026-04-01 16:14:53
2026-04-01 16:14:53,767 - INFO - 数据时间: 2026-04-01 16:14:51
2026-04-01 16:14:53,768 - INFO - 当前价格: 4719.04
2026-04-01 16:14:53,768 - INFO - 上次打印时间: 2026-04-01 15:57:09
2026-04-01 16:14:53,768 - INFO - 上次打印价格: 4712.37
2026-04-01 16:14:53,768 - INFO - 当前价格: 4719.04
2026-04-01 16:15:16,099 - INFO - 飞书消息发送成功: 10分钟定时打印
2026-04-01 16:15:16,100 - INFO - Content-Type: multipart/mixed; boundary="===============7719461991115519352=="
MIME-Version: 1.0
Subject: =?utf-8?b?6buE6YeR5Lu35qC85o+Q6YaSIC0gMTDliIbpkp/lrprml7bmiZPljbAs5b2T5YmN5Lu35qC8NDcxOS4wNA==?=
From: 2741023538@qq.com
To: 2741023538@qq.com

--===============7719461991115519352==
Content-Type: text/plain; charset="utf-8"
MIME-Version: 1.0
Content-Transfer-Encoding: base64

CiAgICAgICAgICAgIOm7hOmHkeS7t+agvOebkeaOp+aPkOmGkgogICAgICAgICAgICDop6blj5Hl
jp/lm6A6IDEw5YiG6ZKf5a6a5pe25omT5Y2wCiAgICAgICAgICAgIOW9k+WJjeaXtumXtDogMjAy
Ni0wNC0wMSAxNjoxNDo1MwogICAgICAgICAgICDmlbDmja7ml7bpl7Q6IDIwMjYtMDQtMDEgMTY6
MTQ6NTEKICAgICAgICAgICAg5b2T5YmN5Lu35qC8OiA0NzE5LjA0CiAgICAgICAgICAgIOW3suin
puWPkeebruaghzogWzQ4ODAsIDQ3MjAsIDQ5MDAsIDQ4MDBdCgogICAgICAgICAgICDkuIrmrKHm
iZPljbDml7bpl7Q6IDIwMjYtMDQtMDEgMTY6MTQ6NTMKICAgICAgICAgICAg5LiK5qyh5omT5Y2w
5Lu35qC8OiA0NzE5LjA0ICDlvZPliY3ku7fmoLw6IDQ3MTkuMDQKICAgICAgICAgICAg

--===============7719461991115519352==--

2026-04-01 16:15:18,396 - INFO - send email success
2026-04-01 16:15:18,396 - INFO - ============================================================

2026-04-01 16:16:59,168 - INFO - 
============================================================
2026-04-01 16:16:59,168 - INFO - 触发原因: 打印调试
2026-04-01 16:16:59,168 - INFO - 当前时间: 2026-04-01 16:16:59
2026-04-01 16:16:59,168 - INFO - 数据时间: 2026-04-01 16:16:58
2026-04-01 16:16:59,168 - INFO - 当前价格: 4718.46
2026-04-01 16:16:59,168 - INFO - 上次打印时间: 2026-04-01 16:14:53
2026-04-01 16:16:59,169 - INFO - 上次打印价格: 4719.04
2026-04-01 16:16:59,169 - INFO - 当前价格: 4718.46
2026-04-01 16:17:21,713 - INFO - 飞书消息发送成功: 打印调试
2026-04-01 16:17:21,713 - INFO - ============================================================

2026-04-01 16:19:02,283 - INFO - 
============================================================
2026-04-01 16:19:02,284 - INFO - 触发原因: 打印调试
2026-04-01 16:19:02,284 - INFO - 当前时间: 2026-04-01 16:19:02
2026-04-01 16:19:02,284 - INFO - 数据时间: 2026-04-01 16:19:01
2026-04-01 16:19:02,284 - INFO - 当前价格: 4725.57
2026-04-01 16:19:02,284 - INFO - 上次打印时间: 2026-04-01 16:14:53
2026-04-01 16:19:02,284 - INFO - 上次打印价格: 4719.04
2026-04-01 16:19:02,284 - INFO - 当前价格: 4725.57
2026-04-01 16:19:03,672 - INFO - 飞书消息发送成功: 打印调试
2026-04-01 16:19:03,673 - INFO - ============================================================

2026-04-01 16:19:03,673 - INFO - 
============================================================
2026-04-01 16:19:03,673 - INFO - 触发原因: 价格上涨超过整数变化
2026-04-01 16:19:03,673 - INFO - 当前时间: 2026-04-01 16:19:03
2026-04-01 16:19:03,673 - INFO - 数据时间: 2026-04-01 16:19:01
2026-04-01 16:19:03,673 - INFO - 当前价格: 4725.57
2026-04-01 16:19:03,673 - INFO - 上次打印时间: 2026-04-01 16:14:53
2026-04-01 16:19:03,673 - INFO - 上次打印价格: 4719.04
2026-04-01 16:19:03,673 - INFO - 当前价格: 4725.57
2026-04-01 16:19:04,945 - INFO - 飞书消息发送成功: 价格上涨超过整数变化
2026-04-01 16:19:04,945 - INFO - Content-Type: multipart/mixed; boundary="===============1853551203873019699=="
MIME-Version: 1.0
Subject: =?utf-8?b?6buE6YeR5Lu35qC85o+Q6YaSIC0g5Lu35qC85LiK5rao6LaF6L+H5pW05pWw5Y+Y5YyWLOW9k+WJjeS7t+agvDQ3MjUuNTc=?=
From: 2741023538@qq.com
To: 2741023538@qq.com

--===============1853551203873019699==
Content-Type: text/plain; charset="utf-8"
MIME-Version: 1.0
Content-Transfer-Encoding: base64

CiAgICAgICAgICAgIOm7hOmHkeS7t+agvOebkeaOp+aPkOmGkgogICAgICAgICAgICDop6blj5Hl
jp/lm6A6IOS7t+agvOS4iua2qOi2hei/h+aVtOaVsOWPmOWMlgogICAgICAgICAgICDlvZPliY3m
l7bpl7Q6IDIwMjYtMDQtMDEgMTY6MTk6MDMKICAgICAgICAgICAg5pWw5o2u5pe26Ze0OiAyMDI2
LTA0LTAxIDE2OjE5OjAxCiAgICAgICAgICAgIOW9k+WJjeS7t+agvDogNDcyNS41NwogICAgICAg
ICAgICDlt7Lop6blj5Hnm67moIc6IFs0ODgwLCA0NzIwLCA0OTAwLCA0ODAwXQoKICAgICAgICAg
ICAg5LiK5qyh5omT5Y2w5pe26Ze0OiAyMDI2LTA0LTAxIDE2OjE5OjAzCiAgICAgICAgICAgIOS4
iuasoeaJk+WNsOS7t+agvDogNDcyNS41NyAg5b2T5YmN5Lu35qC8OiA0NzI1LjU3CiAgICAgICAg
ICAgIA==

--===============1853551203873019699==--

2026-04-01 16:19:06,930 - INFO - send email success
2026-04-01 16:19:06,931 - INFO - ============================================================

2026-04-01 16:20:47,648 - INFO - 
============================================================
2026-04-01 16:20:47,648 - INFO - 触发原因: 打印调试
2026-04-01 16:20:47,648 - INFO - 当前时间: 2026-04-01 16:20:47
2026-04-01 16:20:47,648 - INFO - 数据时间: 2026-04-01 16:20:41
2026-04-01 16:20:47,649 - INFO - 当前价格: 4727.02
2026-04-01 16:20:47,649 - INFO - 上次打印时间: 2026-04-01 16:19:03
2026-04-01 16:20:47,649 - INFO - 上次打印价格: 4725.57
2026-04-01 16:20:47,649 - INFO - 当前价格: 4727.02
2026-04-01 16:21:10,160 - INFO - 飞书消息发送成功: 打印调试
2026-04-01 16:21:10,160 - INFO - ============================================================

2026-04-01 16:22:50,719 - INFO - 
============================================================
2026-04-01 16:22:50,719 - INFO - 触发原因: 打印调试
2026-04-01 16:22:50,719 - INFO - 当前时间: 2026-04-01 16:22:50
2026-04-01 16:22:50,719 - INFO - 数据时间: 2026-04-01 16:22:49
2026-04-01 16:22:50,719 - INFO - 当前价格: 4729.78
2026-04-01 16:22:50,719 - INFO - 上次打印时间: 2026-04-01 16:19:03
2026-04-01 16:22:50,719 - INFO - 上次打印价格: 4725.57
2026-04-01 16:22:50,719 - INFO - 当前价格: 4729.78
2026-04-01 16:22:52,235 - INFO - 飞书消息发送成功: 打印调试
2026-04-01 16:22:52,236 - INFO - ============================================================

2026-04-01 16:24:32,810 - INFO - 
============================================================
2026-04-01 16:24:32,810 - INFO - 触发原因: 打印调试
2026-04-01 16:24:32,810 - INFO - 当前时间: 2026-04-01 16:24:32
2026-04-01 16:24:32,810 - INFO - 数据时间: 2026-04-01 16:24:32
2026-04-01 16:24:32,810 - INFO - 当前价格: 4727.16
2026-04-01 16:24:32,810 - INFO - 上次打印时间: 2026-04-01 16:19:03
2026-04-01 16:24:32,810 - INFO - 上次打印价格: 4725.57
2026-04-01 16:24:32,810 - INFO - 当前价格: 4727.16
2026-04-01 16:24:34,608 - INFO - 飞书消息发送成功: 打印调试
2026-04-01 16:24:34,609 - INFO - ============================================================

2026-04-01 16:26:15,460 - INFO - 
============================================================
2026-04-01 16:26:15,460 - INFO - 触发原因: 打印调试
2026-04-01 16:26:15,461 - INFO - 当前时间: 2026-04-01 16:26:15
2026-04-01 16:26:15,461 - INFO - 数据时间: 2026-04-01 16:26:15
2026-04-01 16:26:15,461 - INFO - 当前价格: 4734.51
2026-04-01 16:26:15,461 - INFO - 上次打印时间: 2026-04-01 16:19:03
2026-04-01 16:26:15,461 - INFO - 上次打印价格: 4725.57
2026-04-01 16:26:15,461 - INFO - 当前价格: 4734.51
2026-04-01 16:26:16,897 - INFO - 飞书消息发送成功: 打印调试
2026-04-01 16:26:16,898 - INFO - ============================================================

2026-04-01 16:26:16,898 - INFO - 
============================================================
2026-04-01 16:26:16,898 - INFO - 触发原因: 10分钟定时打印
2026-04-01 16:26:16,898 - INFO - 当前时间: 2026-04-01 16:26:16
2026-04-01 16:26:16,898 - INFO - 数据时间: 2026-04-01 16:26:15
2026-04-01 16:26:16,898 - INFO - 当前价格: 4734.51
2026-04-01 16:26:16,898 - INFO - 上次打印时间: 2026-04-01 16:19:03
2026-04-01 16:26:16,898 - INFO - 上次打印价格: 4725.57
2026-04-01 16:26:16,898 - INFO - 当前价格: 4734.51
2026-04-01 16:26:18,165 - INFO - 飞书消息发送成功: 10分钟定时打印
2026-04-01 16:26:18,166 - INFO - Content-Type: multipart/mixed; boundary="===============0264583946404134318=="
MIME-Version: 1.0
Subject: =?utf-8?b?6buE6YeR5Lu35qC85o+Q6YaSIC0gMTDliIbpkp/lrprml7bmiZPljbAs5b2T5YmN5Lu35qC8NDczNC41MQ==?=
From: 2741023538@qq.com
To: 2741023538@qq.com

--===============0264583946404134318==
Content-Type: text/plain; charset="utf-8"
MIME-Version: 1.0
Content-Transfer-Encoding: base64

CiAgICAgICAgICAgIOm7hOmHkeS7t+agvOebkeaOp+aPkOmGkgogICAgICAgICAgICDop6blj5Hl
jp/lm6A6IDEw5YiG6ZKf5a6a5pe25omT5Y2wCiAgICAgICAgICAgIOW9k+WJjeaXtumXtDogMjAy
Ni0wNC0wMSAxNjoyNjoxNgogICAgICAgICAgICDmlbDmja7ml7bpl7Q6IDIwMjYtMDQtMDEgMTY6
MjY6MTUKICAgICAgICAgICAg5b2T5YmN5Lu35qC8OiA0NzM0LjUxCiAgICAgICAgICAgIOW3suin
puWPkeebruaghzogWzQ4ODAsIDQ3MjAsIDQ5MDAsIDQ4MDBdCgogICAgICAgICAgICDkuIrmrKHm
iZPljbDml7bpl7Q6IDIwMjYtMDQtMDEgMTY6MjY6MTYKICAgICAgICAgICAg5LiK5qyh5omT5Y2w
5Lu35qC8OiA0NzM0LjUxICDlvZPliY3ku7fmoLw6IDQ3MzQuNTEKICAgICAgICAgICAg

--===============0264583946404134318==--

2026-04-01 16:26:20,533 - INFO - send email success
2026-04-01 16:26:20,533 - INFO - ============================================================

2026-04-01 16:28:01,046 - INFO - 
============================================================
2026-04-01 16:28:01,046 - INFO - 触发原因: 打印调试
2026-04-01 16:28:01,046 - INFO - 当前时间: 2026-04-01 16:28:01
2026-04-01 16:28:01,046 - INFO - 数据时间: 2026-04-01 16:28:00
2026-04-01 16:28:01,046 - INFO - 当前价格: 4732.09
2026-04-01 16:28:01,046 - INFO - 上次打印时间: 2026-04-01 16:26:16
2026-04-01 16:28:01,047 - INFO - 上次打印价格: 4734.51
2026-04-01 16:28:01,047 - INFO - 当前价格: 4732.09
2026-04-01 16:28:02,563 - INFO - 飞书消息发送成功: 打印调试
2026-04-01 16:28:02,564 - INFO - ============================================================

2026-04-01 16:29:43,104 - INFO - 
============================================================
2026-04-01 16:29:43,104 - INFO - 触发原因: 打印调试
2026-04-01 16:29:43,105 - INFO - 当前时间: 2026-04-01 16:29:43
2026-04-01 16:29:43,105 - INFO - 数据时间: 2026-04-01 16:29:42
2026-04-01 16:29:43,105 - INFO - 当前价格: 4730.43
2026-04-01 16:29:43,105 - INFO - 上次打印时间: 2026-04-01 16:26:16
2026-04-01 16:29:43,105 - INFO - 上次打印价格: 4734.51
2026-04-01 16:29:43,105 - INFO - 当前价格: 4730.43
2026-04-01 16:29:44,560 - INFO - 飞书消息发送成功: 打印调试
2026-04-01 16:29:44,560 - INFO - ============================================================

2026-04-01 16:31:25,275 - INFO - 
============================================================
2026-04-01 16:31:25,275 - INFO - 触发原因: 打印调试
2026-04-01 16:31:25,275 - INFO - 当前时间: 2026-04-01 16:31:25
2026-04-01 16:31:25,276 - INFO - 数据时间: 2026-04-01 16:31:24
2026-04-01 16:31:25,276 - INFO - 当前价格: 4731.36
2026-04-01 16:31:25,276 - INFO - 上次打印时间: 2026-04-01 16:26:16
2026-04-01 16:31:25,276 - INFO - 上次打印价格: 4734.51
2026-04-01 16:31:25,276 - INFO - 当前价格: 4731.36
2026-04-01 16:31:27,015 - INFO - 飞书消息发送成功: 打印调试
2026-04-01 16:31:27,015 - INFO - ============================================================

2026-04-01 16:33:07,670 - INFO - 
============================================================
2026-04-01 16:33:07,670 - INFO - 触发原因: 打印调试
2026-04-01 16:33:07,670 - INFO - 当前时间: 2026-04-01 16:33:07
2026-04-01 16:33:07,670 - INFO - 数据时间: 2026-04-01 16:33:07
2026-04-01 16:33:07,670 - INFO - 当前价格: 4732.82
2026-04-01 16:33:07,671 - INFO - 上次打印时间: 2026-04-01 16:26:16
2026-04-01 16:33:07,671 - INFO - 上次打印价格: 4734.51
2026-04-01 16:33:07,671 - INFO - 当前价格: 4732.82
2026-04-01 16:33:09,123 - INFO - 飞书消息发送成功: 打印调试
2026-04-01 16:33:09,123 - INFO - ============================================================

2026-04-01 16:34:49,769 - INFO - 
============================================================
2026-04-01 16:34:49,769 - INFO - 触发原因: 打印调试
2026-04-01 16:34:49,769 - INFO - 当前时间: 2026-04-01 16:34:49
2026-04-01 16:34:49,769 - INFO - 数据时间: 2026-04-01 16:34:48
2026-04-01 16:34:49,769 - INFO - 当前价格: 4732.7
2026-04-01 16:34:49,769 - INFO - 上次打印时间: 2026-04-01 16:26:16
2026-04-01 16:34:49,769 - INFO - 上次打印价格: 4734.51
2026-04-01 16:34:49,769 - INFO - 当前价格: 4732.7
2026-04-01 16:34:51,139 - INFO - 飞书消息发送成功: 打印调试
2026-04-01 16:34:51,140 - INFO - ============================================================

2026-04-01 16:36:31,885 - INFO - 
============================================================
2026-04-01 16:36:31,886 - INFO - 触发原因: 打印调试
2026-04-01 16:36:31,886 - INFO - 当前时间: 2026-04-01 16:36:31
2026-04-01 16:36:31,886 - INFO - 数据时间: 2026-04-01 16:36:31
2026-04-01 16:36:31,886 - INFO - 当前价格: 4731.87
2026-04-01 16:36:31,886 - INFO - 上次打印时间: 2026-04-01 16:26:16
2026-04-01 16:36:31,886 - INFO - 上次打印价格: 4734.51
2026-04-01 16:36:31,886 - INFO - 当前价格: 4731.87
2026-04-01 16:36:33,462 - INFO - 飞书消息发送成功: 打印调试
2026-04-01 16:36:33,462 - INFO - ============================================================

2026-04-01 16:36:33,462 - INFO - 
============================================================
2026-04-01 16:36:33,462 - INFO - 触发原因: 10分钟定时打印
2026-04-01 16:36:33,462 - INFO - 当前时间: 2026-04-01 16:36:33
2026-04-01 16:36:33,462 - INFO - 数据时间: 2026-04-01 16:36:31
2026-04-01 16:36:33,463 - INFO - 当前价格: 4731.87
2026-04-01 16:36:33,463 - INFO - 上次打印时间: 2026-04-01 16:26:16
2026-04-01 16:36:33,463 - INFO - 上次打印价格: 4734.51
2026-04-01 16:36:33,463 - INFO - 当前价格: 4731.87
2026-04-01 16:36:35,017 - INFO - 飞书消息发送成功: 10分钟定时打印
2026-04-01 16:36:35,018 - INFO - Content-Type: multipart/mixed; boundary="===============2290581746320455173=="
MIME-Version: 1.0
Subject: =?utf-8?b?6buE6YeR5Lu35qC85o+Q6YaSIC0gMTDliIbpkp/lrprml7bmiZPljbAs5b2T5YmN5Lu35qC8NDczMS44Nw==?=
From: 2741023538@qq.com
To: 2741023538@qq.com

--===============2290581746320455173==
Content-Type: text/plain; charset="utf-8"
MIME-Version: 1.0
Content-Transfer-Encoding: base64

CiAgICAgICAgICAgIOm7hOmHkeS7t+agvOebkeaOp+aPkOmGkgogICAgICAgICAgICDop6blj5Hl
jp/lm6A6IDEw5YiG6ZKf5a6a5pe25omT5Y2wCiAgICAgICAgICAgIOW9k+WJjeaXtumXtDogMjAy
Ni0wNC0wMSAxNjozNjozMwogICAgICAgICAgICDmlbDmja7ml7bpl7Q6IDIwMjYtMDQtMDEgMTY6
MzY6MzEKICAgICAgICAgICAg5b2T5YmN5Lu35qC8OiA0NzMxLjg3CiAgICAgICAgICAgIOW3suin
puWPkeebruaghzogWzQ4ODAsIDQ3MjAsIDQ5MDAsIDQ4MDBdCgogICAgICAgICAgICDkuIrmrKHm
iZPljbDml7bpl7Q6IDIwMjYtMDQtMDEgMTY6MzY6MzMKICAgICAgICAgICAg5LiK5qyh5omT5Y2w
5Lu35qC8OiA0NzMxLjg3ICDlvZPliY3ku7fmoLw6IDQ3MzEuODcKICAgICAgICAgICAg

--===============2290581746320455173==--

2026-04-01 16:36:37,641 - INFO - send email success
2026-04-01 16:36:37,641 - INFO - ============================================================

2026-04-01 16:38:18,308 - INFO - 
============================================================
2026-04-01 16:38:18,308 - INFO - 触发原因: 打印调试
2026-04-01 16:38:18,308 - INFO - 当前时间: 2026-04-01 16:38:18
2026-04-01 16:38:18,309 - INFO - 数据时间: 2026-04-01 16:38:17
2026-04-01 16:38:18,309 - INFO - 当前价格: 4738.59
2026-04-01 16:38:18,309 - INFO - 上次打印时间: 2026-04-01 16:36:33
2026-04-01 16:38:18,309 - INFO - 上次打印价格: 4731.87
2026-04-01 16:38:18,309 - INFO - 当前价格: 4738.59
2026-04-01 16:38:19,916 - INFO - 飞书消息发送成功: 打印调试
2026-04-01 16:38:19,916 - INFO - ============================================================

2026-04-01 16:38:19,916 - INFO - 
============================================================
2026-04-01 16:38:19,916 - INFO - 触发原因: 价格上涨超过整数变化
2026-04-01 16:38:19,917 - INFO - 当前时间: 2026-04-01 16:38:19
2026-04-01 16:38:19,917 - INFO - 数据时间: 2026-04-01 16:38:17
2026-04-01 16:38:19,917 - INFO - 当前价格: 4738.59
2026-04-01 16:38:19,917 - INFO - 上次打印时间: 2026-04-01 16:36:33
2026-04-01 16:38:19,917 - INFO - 上次打印价格: 4731.87
2026-04-01 16:38:19,917 - INFO - 当前价格: 4738.59
2026-04-01 16:38:21,337 - INFO - 飞书消息发送成功: 价格上涨超过整数变化
2026-04-01 16:38:21,337 - INFO - Content-Type: multipart/mixed; boundary="===============0740819025902360469=="
MIME-Version: 1.0
Subject: =?utf-8?b?6buE6YeR5Lu35qC85o+Q6YaSIC0g5Lu35qC85LiK5rao6LaF6L+H5pW05pWw5Y+Y5YyWLOW9k+WJjeS7t+agvDQ3MzguNTk=?=
From: 2741023538@qq.com
To: 2741023538@qq.com

--===============0740819025902360469==
Content-Type: text/plain; charset="utf-8"
MIME-Version: 1.0
Content-Transfer-Encoding: base64

CiAgICAgICAgICAgIOm7hOmHkeS7t+agvOebkeaOp+aPkOmGkgogICAgICAgICAgICDop6blj5Hl
jp/lm6A6IOS7t+agvOS4iua2qOi2hei/h+aVtOaVsOWPmOWMlgogICAgICAgICAgICDlvZPliY3m
l7bpl7Q6IDIwMjYtMDQtMDEgMTY6Mzg6MTkKICAgICAgICAgICAg5pWw5o2u5pe26Ze0OiAyMDI2
LTA0LTAxIDE2OjM4OjE3CiAgICAgICAgICAgIOW9k+WJjeS7t+agvDogNDczOC41OQogICAgICAg
ICAgICDlt7Lop6blj5Hnm67moIc6IFs0ODgwLCA0NzIwLCA0OTAwLCA0ODAwXQoKICAgICAgICAg
ICAg5LiK5qyh5omT5Y2w5pe26Ze0OiAyMDI2LTA0LTAxIDE2OjM4OjE5CiAgICAgICAgICAgIOS4
iuasoeaJk+WNsOS7t+agvDogNDczOC41OSAg5b2T5YmN5Lu35qC8OiA0NzM4LjU5CiAgICAgICAg
ICAgIA==

--===============0740819025902360469==--

2026-04-01 16:38:23,547 - INFO - send email success
2026-04-01 16:38:23,548 - INFO - ============================================================

2026-04-01 16:39:57,941 - INFO - 收到原始消息: b'{"schema":"2.0","header":{"event_id":"be5c2100d88391110505b606aeb3cbcb","token":"","create_time":"1775028878875","event_type":"im.message.receive_v1","tenant_key":"13d86554278f175e","app_id":"cli_a93f179d7461dceb"},"event":{"message":{"chat_id":"oc_7c4248a35ee522bd95944906a292fa7d","chat_type":"p2p","content":"{\\"text\\":\\"\xe4\xbb\xb7\xe6\xa0\xbc\\"}","create_time":"1775028878311","message_id":"om_x100b53f8e62f1c80b4b43443ce2ceab","message_type":"text","update_time":"1775028878311","user_agent":"Mozilla/5.0 (Linux; Android 16; SM-F9460 Build/BP2A.250605.031.A3; wv) AppleWebKit/537.36 (KHTML, like Gecko) Version/4.0 Chrome/132.0.6834.152 Mobile Safari/537.36 Lark/7.64.3 LarkLocale/zh_CN ChannelName/Feishu appid/1161; appname/Feishu; ttnet SDK-Version/7.64.9"},"sender":{"sender_id":{"open_id":"ou_d9fbb310298e41c201adf21a827f7437","union_id":"on_42b2d290e182cb48e286733f752f3cf3","user_id":"eb3fe22a"},"sender_type":"user","tenant_key":"13d86554278f175e"}}}'
2026-04-01 16:39:57,941 - INFO - 收到消息: 价格 来自: ou_d9fbb310298e41c201adf21a827f7437
2026-04-01 16:39:59,944 - INFO - 飞书消息发送成功: 用户消息回复
2026-04-01 16:40:04,146 - WARNING - API请求失败，状态码: 429
2026-04-01 16:40:04,147 - WARNING - 获取价格失败，等待60秒后重试...
2026-04-01 16:40:43,607 - INFO - 收到原始消息: b'{"schema":"2.0","header":{"event_id":"59500fddc5caeb2f447bb00a84d1d190","token":"","create_time":"1775028927002","event_type":"im.message.receive_v1","tenant_key":"13d86554278f175e","app_id":"cli_a93f179d7461dceb"},"event":{"message":{"chat_id":"oc_7c4248a35ee522bd95944906a292fa7d","chat_type":"p2p","content":"{\\"text\\":\\"\xe4\xbb\xb7\xe6\xa0\xbc\\"}","create_time":"1775028926466","message_id":"om_x100b53f8e5297c80b25049d238601b7","message_type":"text","update_time":"1775028926466","user_agent":"Mozilla/5.0 (Linux; Android 16; SM-F9460 Build/BP2A.250605.031.A3; wv) AppleWebKit/537.36 (KHTML, like Gecko) Version/4.0 Chrome/132.0.6834.152 Mobile Safari/537.36 Lark/7.64.3 LarkLocale/zh_CN ChannelName/Feishu appid/1161; appname/Feishu; ttnet SDK-Version/7.64.9"},"sender":{"sender_id":{"open_id":"ou_d9fbb310298e41c201adf21a827f7437","union_id":"on_42b2d290e182cb48e286733f752f3cf3","user_id":"eb3fe22a"},"sender_type":"user","tenant_key":"13d86554278f175e"}}}'
2026-04-01 16:40:43,607 - INFO - 收到消息: 价格 来自: ou_d9fbb310298e41c201adf21a827f7437
2026-04-01 16:40:45,652 - INFO - 飞书消息发送成功: 用户消息回复
2026-04-01 16:42:44,918 - INFO - 
============================================================
2026-04-01 16:42:44,919 - INFO - 触发原因: 打印调试
2026-04-01 16:42:44,919 - INFO - 当前时间: 2026-04-01 16:42:44
2026-04-01 16:42:44,919 - INFO - 数据时间: 2026-04-01 16:42:44
2026-04-01 16:42:44,919 - INFO - 当前价格: 4732.86
2026-04-01 16:42:44,919 - INFO - 上次打印时间: 2026-04-01 16:38:19
2026-04-01 16:42:44,919 - INFO - 上次打印价格: 4738.59
2026-04-01 16:42:44,919 - INFO - 当前价格: 4732.86
2026-04-01 16:42:46,703 - INFO - 飞书消息发送成功: 打印调试
2026-04-01 16:42:46,703 - INFO - ============================================================

2026-04-01 16:44:27,372 - INFO - 
============================================================
2026-04-01 16:44:27,373 - INFO - 触发原因: 打印调试
2026-04-01 16:44:27,373 - INFO - 当前时间: 2026-04-01 16:44:27
2026-04-01 16:44:27,373 - INFO - 数据时间: 2026-04-01 16:44:26
2026-04-01 16:44:27,373 - INFO - 当前价格: 4731.59
2026-04-01 16:44:27,373 - INFO - 上次打印时间: 2026-04-01 16:38:19
2026-04-01 16:44:27,373 - INFO - 上次打印价格: 4738.59
2026-04-01 16:44:27,373 - INFO - 当前价格: 4731.59
2026-04-01 16:44:50,099 - INFO - 飞书消息发送成功: 打印调试
2026-04-01 16:44:50,099 - INFO - ============================================================

2026-04-01 16:46:30,738 - INFO - 
============================================================
2026-04-01 16:46:30,738 - INFO - 触发原因: 打印调试
2026-04-01 16:46:30,738 - INFO - 当前时间: 2026-04-01 16:46:30
2026-04-01 16:46:30,739 - INFO - 数据时间: 2026-04-01 16:46:30
2026-04-01 16:46:30,739 - INFO - 当前价格: 4732.13
2026-04-01 16:46:30,739 - INFO - 上次打印时间: 2026-04-01 16:38:19
2026-04-01 16:46:30,739 - INFO - 上次打印价格: 4738.59
2026-04-01 16:46:30,739 - INFO - 当前价格: 4732.13
2026-04-01 16:46:32,258 - INFO - 飞书消息发送成功: 打印调试
2026-04-01 16:46:32,258 - INFO - ============================================================

2026-04-01 16:48:13,028 - INFO - 
============================================================
2026-04-01 16:48:13,029 - INFO - 触发原因: 打印调试
2026-04-01 16:48:13,029 - INFO - 当前时间: 2026-04-01 16:48:13
2026-04-01 16:48:13,029 - INFO - 数据时间: 2026-04-01 16:48:12
2026-04-01 16:48:13,029 - INFO - 当前价格: 4730.71
2026-04-01 16:48:13,029 - INFO - 上次打印时间: 2026-04-01 16:38:19
2026-04-01 16:48:13,029 - INFO - 上次打印价格: 4738.59
2026-04-01 16:48:13,029 - INFO - 当前价格: 4730.71
2026-04-01 16:48:14,631 - INFO - 飞书消息发送成功: 打印调试
2026-04-01 16:48:14,631 - INFO - ============================================================

2026-04-01 16:48:14,632 - INFO - 
============================================================
2026-04-01 16:48:14,632 - INFO - 触发原因: 10分钟定时打印
2026-04-01 16:48:14,632 - INFO - 当前时间: 2026-04-01 16:48:14
2026-04-01 16:48:14,632 - INFO - 数据时间: 2026-04-01 16:48:12
2026-04-01 16:48:14,632 - INFO - 当前价格: 4730.71
2026-04-01 16:48:14,632 - INFO - 上次打印时间: 2026-04-01 16:38:19
2026-04-01 16:48:14,632 - INFO - 上次打印价格: 4738.59
2026-04-01 16:48:14,632 - INFO - 当前价格: 4730.71
2026-04-01 16:48:15,949 - INFO - 飞书消息发送成功: 10分钟定时打印
2026-04-01 16:48:15,949 - INFO - Content-Type: multipart/mixed; boundary="===============0777870701030523517=="
MIME-Version: 1.0
Subject: =?utf-8?b?6buE6YeR5Lu35qC85o+Q6YaSIC0gMTDliIbpkp/lrprml7bmiZPljbAs5b2T5YmN5Lu35qC8NDczMC43MQ==?=
From: 2741023538@qq.com
To: 2741023538@qq.com

--===============0777870701030523517==
Content-Type: text/plain; charset="utf-8"
MIME-Version: 1.0
Content-Transfer-Encoding: base64

CiAgICAgICAgICAgIOm7hOmHkeS7t+agvOebkeaOp+aPkOmGkgogICAgICAgICAgICDop6blj5Hl
jp/lm6A6IDEw5YiG6ZKf5a6a5pe25omT5Y2wCiAgICAgICAgICAgIOW9k+WJjeaXtumXtDogMjAy
Ni0wNC0wMSAxNjo0ODoxNAogICAgICAgICAgICDmlbDmja7ml7bpl7Q6IDIwMjYtMDQtMDEgMTY6
NDg6MTIKICAgICAgICAgICAg5b2T5YmN5Lu35qC8OiA0NzMwLjcxCiAgICAgICAgICAgIOW3suin
puWPkeebruaghzogWzQ4ODAsIDQ3MjAsIDQ5MDAsIDQ4MDBdCgogICAgICAgICAgICDkuIrmrKHm
iZPljbDml7bpl7Q6IDIwMjYtMDQtMDEgMTY6NDg6MTQKICAgICAgICAgICAg5LiK5qyh5omT5Y2w
5Lu35qC8OiA0NzMwLjcxICDlvZPliY3ku7fmoLw6IDQ3MzAuNzEKICAgICAgICAgICAg

--===============0777870701030523517==--

2026-04-01 16:48:18,365 - INFO - send email success
2026-04-01 16:48:18,365 - INFO - ============================================================

2026-04-01 16:49:58,867 - INFO - 
============================================================
2026-04-01 16:49:58,867 - INFO - 触发原因: 打印调试
2026-04-01 16:49:58,867 - INFO - 当前时间: 2026-04-01 16:49:58
2026-04-01 16:49:58,867 - INFO - 数据时间: 2026-04-01 16:49:58
2026-04-01 16:49:58,867 - INFO - 当前价格: 4731.36
2026-04-01 16:49:58,867 - INFO - 上次打印时间: 2026-04-01 16:48:14
2026-04-01 16:49:58,868 - INFO - 上次打印价格: 4730.71
2026-04-01 16:49:58,868 - INFO - 当前价格: 4731.36
2026-04-01 16:50:00,353 - INFO - 飞书消息发送成功: 打印调试
2026-04-01 16:50:00,354 - INFO - ============================================================

2026-04-01 16:51:40,881 - INFO - 
============================================================
2026-04-01 16:51:40,881 - INFO - 触发原因: 打印调试
2026-04-01 16:51:40,881 - INFO - 当前时间: 2026-04-01 16:51:40
2026-04-01 16:51:40,881 - INFO - 数据时间: 2026-04-01 16:51:40
2026-04-01 16:51:40,881 - INFO - 当前价格: 4731.1
2026-04-01 16:51:40,881 - INFO - 上次打印时间: 2026-04-01 16:48:14
2026-04-01 16:51:40,881 - INFO - 上次打印价格: 4730.71
2026-04-01 16:51:40,882 - INFO - 当前价格: 4731.1
2026-04-01 16:51:42,423 - INFO - 飞书消息发送成功: 打印调试
2026-04-01 16:51:42,423 - INFO - ============================================================

2026-04-01 16:53:23,117 - INFO - 
============================================================
2026-04-01 16:53:23,118 - INFO - 触发原因: 打印调试
2026-04-01 16:53:23,118 - INFO - 当前时间: 2026-04-01 16:53:23
2026-04-01 16:53:23,118 - INFO - 数据时间: 2026-04-01 16:53:23
2026-04-01 16:53:23,118 - INFO - 当前价格: 4731.71
2026-04-01 16:53:23,118 - INFO - 上次打印时间: 2026-04-01 16:48:14
2026-04-01 16:53:23,118 - INFO - 上次打印价格: 4730.71
2026-04-01 16:53:23,118 - INFO - 当前价格: 4731.71
2026-04-01 16:53:24,694 - INFO - 飞书消息发送成功: 打印调试
2026-04-01 16:53:24,694 - INFO - ============================================================

2026-04-01 16:55:05,343 - INFO - 
============================================================
2026-04-01 16:55:05,343 - INFO - 触发原因: 打印调试
2026-04-01 16:55:05,343 - INFO - 当前时间: 2026-04-01 16:55:05
2026-04-01 16:55:05,343 - INFO - 数据时间: 2026-04-01 16:55:04
2026-04-01 16:55:05,344 - INFO - 当前价格: 4730.01
2026-04-01 16:55:05,344 - INFO - 上次打印时间: 2026-04-01 16:48:14
2026-04-01 16:55:05,344 - INFO - 上次打印价格: 4730.71
2026-04-01 16:55:05,344 - INFO - 当前价格: 4730.01
2026-04-01 16:55:06,993 - INFO - 飞书消息发送成功: 打印调试
2026-04-01 16:55:06,994 - INFO - ============================================================

2026-04-01 16:56:47,537 - INFO - 
============================================================
2026-04-01 16:56:47,537 - INFO - 触发原因: 打印调试
2026-04-01 16:56:47,537 - INFO - 当前时间: 2026-04-01 16:56:47
2026-04-01 16:56:47,537 - INFO - 数据时间: 2026-04-01 16:56:45
2026-04-01 16:56:47,538 - INFO - 当前价格: 4729.35
2026-04-01 16:56:47,538 - INFO - 上次打印时间: 2026-04-01 16:48:14
2026-04-01 16:56:47,538 - INFO - 上次打印价格: 4730.71
2026-04-01 16:56:47,538 - INFO - 当前价格: 4729.35
2026-04-01 16:56:48,974 - INFO - 飞书消息发送成功: 打印调试
2026-04-01 16:56:48,974 - INFO - ============================================================

2026-04-01 16:58:29,614 - INFO - 
============================================================
2026-04-01 16:58:29,615 - INFO - 触发原因: 打印调试
2026-04-01 16:58:29,615 - INFO - 当前时间: 2026-04-01 16:58:29
2026-04-01 16:58:29,615 - INFO - 数据时间: 2026-04-01 16:58:28
2026-04-01 16:58:29,615 - INFO - 当前价格: 4729.39
2026-04-01 16:58:29,615 - INFO - 上次打印时间: 2026-04-01 16:48:14
2026-04-01 16:58:29,615 - INFO - 上次打印价格: 4730.71
2026-04-01 16:58:29,615 - INFO - 当前价格: 4729.39
2026-04-01 16:58:31,291 - INFO - 飞书消息发送成功: 打印调试
2026-04-01 16:58:31,292 - INFO - ============================================================

2026-04-01 16:58:31,292 - INFO - 
============================================================
2026-04-01 16:58:31,292 - INFO - 触发原因: 10分钟定时打印
2026-04-01 16:58:31,292 - INFO - 当前时间: 2026-04-01 16:58:31
2026-04-01 16:58:31,292 - INFO - 数据时间: 2026-04-01 16:58:28
2026-04-01 16:58:31,292 - INFO - 当前价格: 4729.39
2026-04-01 16:58:31,292 - INFO - 上次打印时间: 2026-04-01 16:48:14
2026-04-01 16:58:31,292 - INFO - 上次打印价格: 4730.71
2026-04-01 16:58:31,292 - INFO - 当前价格: 4729.39
2026-04-01 16:58:32,636 - INFO - 飞书消息发送成功: 10分钟定时打印
2026-04-01 16:58:32,637 - INFO - Content-Type: multipart/mixed; boundary="===============6369215769527650311=="
MIME-Version: 1.0
Subject: =?utf-8?b?6buE6YeR5Lu35qC85o+Q6YaSIC0gMTDliIbpkp/lrprml7bmiZPljbAs5b2T5YmN5Lu35qC8NDcyOS4zOQ==?=
From: 2741023538@qq.com
To: 2741023538@qq.com

--===============6369215769527650311==
Content-Type: text/plain; charset="utf-8"
MIME-Version: 1.0
Content-Transfer-Encoding: base64

CiAgICAgICAgICAgIOm7hOmHkeS7t+agvOebkeaOp+aPkOmGkgogICAgICAgICAgICDop6blj5Hl
jp/lm6A6IDEw5YiG6ZKf5a6a5pe25omT5Y2wCiAgICAgICAgICAgIOW9k+WJjeaXtumXtDogMjAy
Ni0wNC0wMSAxNjo1ODozMQogICAgICAgICAgICDmlbDmja7ml7bpl7Q6IDIwMjYtMDQtMDEgMTY6
NTg6MjgKICAgICAgICAgICAg5b2T5YmN5Lu35qC8OiA0NzI5LjM5CiAgICAgICAgICAgIOW3suin
puWPkeebruaghzogWzQ4ODAsIDQ3MjAsIDQ5MDAsIDQ4MDBdCgogICAgICAgICAgICDkuIrmrKHm
iZPljbDml7bpl7Q6IDIwMjYtMDQtMDEgMTY6NTg6MzEKICAgICAgICAgICAg5LiK5qyh5omT5Y2w
5Lu35qC8OiA0NzI5LjM5ICDlvZPliY3ku7fmoLw6IDQ3MjkuMzkKICAgICAgICAgICAg

--===============6369215769527650311==--

2026-04-01 16:58:34,817 - INFO - send email success
2026-04-01 16:58:34,817 - INFO - ============================================================

2026-04-01 17:00:15,532 - INFO - 
============================================================
2026-04-01 17:00:15,532 - INFO - 触发原因: 打印调试
2026-04-01 17:00:15,532 - INFO - 当前时间: 2026-04-01 17:00:15
2026-04-01 17:00:15,532 - INFO - 数据时间: 2026-04-01 17:00:15
2026-04-01 17:00:15,532 - INFO - 当前价格: 4727.0
2026-04-01 17:00:15,532 - INFO - 上次打印时间: 2026-04-01 16:58:31
2026-04-01 17:00:15,533 - INFO - 上次打印价格: 4729.39
2026-04-01 17:00:15,533 - INFO - 当前价格: 4727.0
2026-04-01 17:00:17,131 - INFO - 飞书消息发送成功: 打印调试
2026-04-01 17:00:17,131 - INFO - ============================================================

2026-04-01 17:00:17,132 - INFO - 
============================================================
2026-04-01 17:00:17,132 - INFO - 触发原因: 价格下跌超过整数变化
2026-04-01 17:00:17,132 - INFO - 当前时间: 2026-04-01 17:00:17
2026-04-01 17:00:17,132 - INFO - 数据时间: 2026-04-01 17:00:15
2026-04-01 17:00:17,132 - INFO - 当前价格: 4727.0
2026-04-01 17:00:17,132 - INFO - 上次打印时间: 2026-04-01 16:58:31
2026-04-01 17:00:17,132 - INFO - 上次打印价格: 4729.39
2026-04-01 17:00:17,132 - INFO - 当前价格: 4727.0
2026-04-01 17:00:18,667 - INFO - 飞书消息发送成功: 价格下跌超过整数变化
2026-04-01 17:00:18,668 - INFO - Content-Type: multipart/mixed; boundary="===============1640818645097887820=="
MIME-Version: 1.0
Subject: =?utf-8?b?6buE6YeR5Lu35qC85o+Q6YaSIC0g5Lu35qC85LiL6LeM6LaF6L+H5pW05pWw5Y+Y5YyWLOW9k+WJjeS7t+agvDQ3MjcuMA==?=
From: 2741023538@qq.com
To: 2741023538@qq.com

--===============1640818645097887820==
Content-Type: text/plain; charset="utf-8"
MIME-Version: 1.0
Content-Transfer-Encoding: base64

CiAgICAgICAgICAgIOm7hOmHkeS7t+agvOebkeaOp+aPkOmGkgogICAgICAgICAgICDop6blj5Hl
jp/lm6A6IOS7t+agvOS4i+i3jOi2hei/h+aVtOaVsOWPmOWMlgogICAgICAgICAgICDlvZPliY3m
l7bpl7Q6IDIwMjYtMDQtMDEgMTc6MDA6MTcKICAgICAgICAgICAg5pWw5o2u5pe26Ze0OiAyMDI2
LTA0LTAxIDE3OjAwOjE1CiAgICAgICAgICAgIOW9k+WJjeS7t+agvDogNDcyNy4wCiAgICAgICAg
ICAgIOW3suinpuWPkeebruaghzogWzQ4ODAsIDQ3MjAsIDQ5MDAsIDQ4MDBdCgogICAgICAgICAg
ICDkuIrmrKHmiZPljbDml7bpl7Q6IDIwMjYtMDQtMDEgMTc6MDA6MTcKICAgICAgICAgICAg5LiK
5qyh5omT5Y2w5Lu35qC8OiA0NzI3LjAgIOW9k+WJjeS7t+agvDogNDcyNy4wCiAgICAgICAgICAg
IA==

--===============1640818645097887820==--

2026-04-01 17:00:20,596 - INFO - send email success
2026-04-01 17:00:20,596 - INFO - ============================================================

2026-04-01 17:02:01,184 - INFO - 
============================================================
2026-04-01 17:02:01,184 - INFO - 触发原因: 打印调试
2026-04-01 17:02:01,184 - INFO - 当前时间: 2026-04-01 17:02:01
2026-04-01 17:02:01,184 - INFO - 数据时间: 2026-04-01 17:02:01
2026-04-01 17:02:01,185 - INFO - 当前价格: 4725.98
2026-04-01 17:02:01,185 - INFO - 上次打印时间: 2026-04-01 17:00:17
2026-04-01 17:02:01,185 - INFO - 上次打印价格: 4727.0
2026-04-01 17:02:01,185 - INFO - 当前价格: 4725.98
2026-04-01 17:02:02,643 - INFO - 飞书消息发送成功: 打印调试
2026-04-01 17:02:02,643 - INFO - ============================================================

2026-04-01 17:03:43,374 - INFO - 
============================================================
2026-04-01 17:03:43,375 - INFO - 触发原因: 打印调试
2026-04-01 17:03:43,375 - INFO - 当前时间: 2026-04-01 17:03:43
2026-04-01 17:03:43,375 - INFO - 数据时间: 2026-04-01 17:03:42
2026-04-01 17:03:43,375 - INFO - 当前价格: 4728.66
2026-04-01 17:03:43,375 - INFO - 上次打印时间: 2026-04-01 17:00:17
2026-04-01 17:03:43,375 - INFO - 上次打印价格: 4727.0
2026-04-01 17:03:43,375 - INFO - 当前价格: 4728.66
2026-04-01 17:03:44,776 - INFO - 飞书消息发送成功: 打印调试
2026-04-01 17:03:44,776 - INFO - ============================================================

2026-04-01 17:05:25,378 - INFO - 
============================================================
2026-04-01 17:05:25,378 - INFO - 触发原因: 打印调试
2026-04-01 17:05:25,379 - INFO - 当前时间: 2026-04-01 17:05:25
2026-04-01 17:05:25,379 - INFO - 数据时间: 2026-04-01 17:05:25
2026-04-01 17:05:25,379 - INFO - 当前价格: 4725.48
2026-04-01 17:05:25,379 - INFO - 上次打印时间: 2026-04-01 17:00:17
2026-04-01 17:05:25,379 - INFO - 上次打印价格: 4727.0
2026-04-01 17:05:25,379 - INFO - 当前价格: 4725.48
2026-04-01 17:05:26,940 - INFO - 飞书消息发送成功: 打印调试
2026-04-01 17:05:26,940 - INFO - ============================================================

2026-04-01 17:07:07,517 - INFO - 
============================================================
2026-04-01 17:07:07,517 - INFO - 触发原因: 打印调试
2026-04-01 17:07:07,518 - INFO - 当前时间: 2026-04-01 17:07:07
2026-04-01 17:07:07,518 - INFO - 数据时间: 2026-04-01 17:07:06
2026-04-01 17:07:07,518 - INFO - 当前价格: 4722.77
2026-04-01 17:07:07,518 - INFO - 上次打印时间: 2026-04-01 17:00:17
2026-04-01 17:07:07,518 - INFO - 上次打印价格: 4727.0
2026-04-01 17:07:07,518 - INFO - 当前价格: 4722.77
2026-04-01 17:07:09,019 - INFO - 飞书消息发送成功: 打印调试
2026-04-01 17:07:09,019 - INFO - ============================================================

2026-04-01 17:08:49,700 - INFO - 
============================================================
2026-04-01 17:08:49,700 - INFO - 触发原因: 打印调试
2026-04-01 17:08:49,700 - INFO - 当前时间: 2026-04-01 17:08:49
2026-04-01 17:08:49,700 - INFO - 数据时间: 2026-04-01 17:08:48
2026-04-01 17:08:49,700 - INFO - 当前价格: 4722.73
2026-04-01 17:08:49,700 - INFO - 上次打印时间: 2026-04-01 17:00:17
2026-04-01 17:08:49,700 - INFO - 上次打印价格: 4727.0
2026-04-01 17:08:49,701 - INFO - 当前价格: 4722.73
2026-04-01 17:08:51,166 - INFO - 飞书消息发送成功: 打印调试
2026-04-01 17:08:51,166 - INFO - ============================================================

2026-04-01 17:08:51,166 - INFO - 
============================================================
2026-04-01 17:08:51,166 - INFO - 触发原因: 10分钟定时打印
2026-04-01 17:08:51,167 - INFO - 当前时间: 2026-04-01 17:08:51
2026-04-01 17:08:51,167 - INFO - 数据时间: 2026-04-01 17:08:48
2026-04-01 17:08:51,167 - INFO - 当前价格: 4722.73
2026-04-01 17:08:51,167 - INFO - 上次打印时间: 2026-04-01 17:00:17
2026-04-01 17:08:51,167 - INFO - 上次打印价格: 4727.0
2026-04-01 17:08:51,168 - INFO - 当前价格: 4722.73
2026-04-01 17:08:52,464 - INFO - 飞书消息发送成功: 10分钟定时打印
2026-04-01 17:08:52,464 - INFO - Content-Type: multipart/mixed; boundary="===============8311862801646366313=="
MIME-Version: 1.0
Subject: =?utf-8?b?6buE6YeR5Lu35qC85o+Q6YaSIC0gMTDliIbpkp/lrprml7bmiZPljbAs5b2T5YmN5Lu35qC8NDcyMi43Mw==?=
From: 2741023538@qq.com
To: 2741023538@qq.com

--===============8311862801646366313==
Content-Type: text/plain; charset="utf-8"
MIME-Version: 1.0
Content-Transfer-Encoding: base64

CiAgICAgICAgICAgIOm7hOmHkeS7t+agvOebkeaOp+aPkOmGkgogICAgICAgICAgICDop6blj5Hl
jp/lm6A6IDEw5YiG6ZKf5a6a5pe25omT5Y2wCiAgICAgICAgICAgIOW9k+WJjeaXtumXtDogMjAy
Ni0wNC0wMSAxNzowODo1MQogICAgICAgICAgICDmlbDmja7ml7bpl7Q6IDIwMjYtMDQtMDEgMTc6
MDg6NDgKICAgICAgICAgICAg5b2T5YmN5Lu35qC8OiA0NzIyLjczCiAgICAgICAgICAgIOW3suin
puWPkeebruaghzogWzQ4ODAsIDQ3MjAsIDQ5MDAsIDQ4MDBdCgogICAgICAgICAgICDkuIrmrKHm
iZPljbDml7bpl7Q6IDIwMjYtMDQtMDEgMTc6MDg6NTEKICAgICAgICAgICAg5LiK5qyh5omT5Y2w
5Lu35qC8OiA0NzIyLjczICDlvZPliY3ku7fmoLw6IDQ3MjIuNzMKICAgICAgICAgICAg

--===============8311862801646366313==--

2026-04-01 17:08:54,877 - INFO - send email success
2026-04-01 17:08:54,878 - INFO - ============================================================

2026-04-01 17:10:35,387 - INFO - 
============================================================
2026-04-01 17:10:35,387 - INFO - 触发原因: 打印调试
2026-04-01 17:10:35,387 - INFO - 当前时间: 2026-04-01 17:10:35
2026-04-01 17:10:35,388 - INFO - 数据时间: 2026-04-01 17:10:35
2026-04-01 17:10:35,388 - INFO - 当前价格: 4720.59
2026-04-01 17:10:35,388 - INFO - 上次打印时间: 2026-04-01 17:08:51
2026-04-01 17:10:35,388 - INFO - 上次打印价格: 4722.73
2026-04-01 17:10:35,388 - INFO - 当前价格: 4720.59
2026-04-01 17:10:36,845 - INFO - 飞书消息发送成功: 打印调试
2026-04-01 17:10:36,845 - INFO - ============================================================

2026-04-01 17:12:17,436 - INFO - 
============================================================
2026-04-01 17:12:17,436 - INFO - 触发原因: 打印调试
2026-04-01 17:12:17,437 - INFO - 当前时间: 2026-04-01 17:12:17
2026-04-01 17:12:17,437 - INFO - 数据时间: 2026-04-01 17:12:16
2026-04-01 17:12:17,437 - INFO - 当前价格: 4718.01
2026-04-01 17:12:17,437 - INFO - 上次打印时间: 2026-04-01 17:08:51
2026-04-01 17:12:17,437 - INFO - 上次打印价格: 4722.73
2026-04-01 17:12:17,437 - INFO - 当前价格: 4718.01
2026-04-01 17:12:18,970 - INFO - 飞书消息发送成功: 打印调试
2026-04-01 17:12:18,970 - INFO - ============================================================

2026-04-01 17:13:59,612 - INFO - 
============================================================
2026-04-01 17:13:59,612 - INFO - 触发原因: 打印调试
2026-04-01 17:13:59,613 - INFO - 当前时间: 2026-04-01 17:13:59
2026-04-01 17:13:59,613 - INFO - 数据时间: 2026-04-01 17:13:58
2026-04-01 17:13:59,613 - INFO - 当前价格: 4718.34
2026-04-01 17:13:59,613 - INFO - 上次打印时间: 2026-04-01 17:08:51
2026-04-01 17:13:59,613 - INFO - 上次打印价格: 4722.73
2026-04-01 17:13:59,613 - INFO - 当前价格: 4718.34
2026-04-01 17:14:01,423 - INFO - 飞书消息发送成功: 打印调试
2026-04-01 17:14:01,423 - INFO - ============================================================

2026-04-01 17:15:42,382 - INFO - 
============================================================
2026-04-01 17:15:42,382 - INFO - 触发原因: 打印调试
2026-04-01 17:15:42,382 - INFO - 当前时间: 2026-04-01 17:15:42
2026-04-01 17:15:42,382 - INFO - 数据时间: 2026-04-01 17:15:40
2026-04-01 17:15:42,382 - INFO - 当前价格: 4718.58
2026-04-01 17:15:42,382 - INFO - 上次打印时间: 2026-04-01 17:08:51
2026-04-01 17:15:42,382 - INFO - 上次打印价格: 4722.73
2026-04-01 17:15:42,382 - INFO - 当前价格: 4718.58
2026-04-01 17:15:45,137 - INFO - 飞书消息发送成功: 打印调试
2026-04-01 17:15:45,137 - INFO - ============================================================

2026-04-01 17:17:25,687 - INFO - 
============================================================
2026-04-01 17:17:25,687 - INFO - 触发原因: 打印调试
2026-04-01 17:17:25,688 - INFO - 当前时间: 2026-04-01 17:17:25
2026-04-01 17:17:25,688 - INFO - 数据时间: 2026-04-01 17:17:25
2026-04-01 17:17:25,688 - INFO - 当前价格: 4717.5
2026-04-01 17:17:25,688 - INFO - 上次打印时间: 2026-04-01 17:08:51
2026-04-01 17:17:25,688 - INFO - 上次打印价格: 4722.73
2026-04-01 17:17:25,688 - INFO - 当前价格: 4717.5
2026-04-01 17:17:27,083 - INFO - 飞书消息发送成功: 打印调试
2026-04-01 17:17:27,083 - INFO - ============================================================

2026-04-01 17:17:27,083 - INFO - 
============================================================
2026-04-01 17:17:27,084 - INFO - 触发原因: 价格下跌超过整数变化
2026-04-01 17:17:27,084 - INFO - 当前时间: 2026-04-01 17:17:27
2026-04-01 17:17:27,084 - INFO - 数据时间: 2026-04-01 17:17:25
2026-04-01 17:17:27,084 - INFO - 当前价格: 4717.5
2026-04-01 17:17:27,084 - INFO - 上次打印时间: 2026-04-01 17:08:51
2026-04-01 17:17:27,084 - INFO - 上次打印价格: 4722.73
2026-04-01 17:17:27,084 - INFO - 当前价格: 4717.5
2026-04-01 17:17:28,381 - INFO - 飞书消息发送成功: 价格下跌超过整数变化
2026-04-01 17:17:28,382 - INFO - Content-Type: multipart/mixed; boundary="===============3864709817409554556=="
MIME-Version: 1.0
Subject: =?utf-8?b?6buE6YeR5Lu35qC85o+Q6YaSIC0g5Lu35qC85LiL6LeM6LaF6L+H5pW05pWw5Y+Y5YyWLOW9k+WJjeS7t+agvDQ3MTcuNQ==?=
From: 2741023538@qq.com
To: 2741023538@qq.com

--===============3864709817409554556==
Content-Type: text/plain; charset="utf-8"
MIME-Version: 1.0
Content-Transfer-Encoding: base64

CiAgICAgICAgICAgIOm7hOmHkeS7t+agvOebkeaOp+aPkOmGkgogICAgICAgICAgICDop6blj5Hl
jp/lm6A6IOS7t+agvOS4i+i3jOi2hei/h+aVtOaVsOWPmOWMlgogICAgICAgICAgICDlvZPliY3m
l7bpl7Q6IDIwMjYtMDQtMDEgMTc6MTc6MjcKICAgICAgICAgICAg5pWw5o2u5pe26Ze0OiAyMDI2
LTA0LTAxIDE3OjE3OjI1CiAgICAgICAgICAgIOW9k+WJjeS7t+agvDogNDcxNy41CiAgICAgICAg
ICAgIOW3suinpuWPkeebruaghzogWzQ4ODAsIDQ3MjAsIDQ5MDAsIDQ4MDBdCgogICAgICAgICAg
ICDkuIrmrKHmiZPljbDml7bpl7Q6IDIwMjYtMDQtMDEgMTc6MTc6MjcKICAgICAgICAgICAg5LiK
5qyh5omT5Y2w5Lu35qC8OiA0NzE3LjUgIOW9k+WJjeS7t+agvDogNDcxNy41CiAgICAgICAgICAg
IA==

--===============3864709817409554556==--

2026-04-01 17:17:30,469 - INFO - send email success
2026-04-01 17:17:30,469 - INFO - ============================================================

2026-04-01 17:19:11,104 - INFO - 
============================================================
2026-04-01 17:19:11,104 - INFO - 触发原因: 打印调试
2026-04-01 17:19:11,104 - INFO - 当前时间: 2026-04-01 17:19:11
2026-04-01 17:19:11,104 - INFO - 数据时间: 2026-04-01 17:19:10
2026-04-01 17:19:11,104 - INFO - 当前价格: 4715.9
2026-04-01 17:19:11,104 - INFO - 上次打印时间: 2026-04-01 17:17:27
2026-04-01 17:19:11,105 - INFO - 上次打印价格: 4717.5
2026-04-01 17:19:11,105 - INFO - 当前价格: 4715.9
2026-04-01 17:19:12,680 - INFO - 飞书消息发送成功: 打印调试
2026-04-01 17:19:12,680 - INFO - ============================================================

2026-04-01 17:19:12,680 - INFO - 
============================================================
2026-04-01 17:19:12,680 - INFO - 触发原因: 10分钟定时打印
2026-04-01 17:19:12,681 - INFO - 当前时间: 2026-04-01 17:19:12
2026-04-01 17:19:12,681 - INFO - 数据时间: 2026-04-01 17:19:10
2026-04-01 17:19:12,681 - INFO - 当前价格: 4715.9
2026-04-01 17:19:12,681 - INFO - 上次打印时间: 2026-04-01 17:17:27
2026-04-01 17:19:12,681 - INFO - 上次打印价格: 4717.5
2026-04-01 17:19:12,681 - INFO - 当前价格: 4715.9
2026-04-01 17:19:13,922 - INFO - 飞书消息发送成功: 10分钟定时打印
2026-04-01 17:19:13,923 - INFO - Content-Type: multipart/mixed; boundary="===============8215111752425113260=="
MIME-Version: 1.0
Subject: =?utf-8?b?6buE6YeR5Lu35qC85o+Q6YaSIC0gMTDliIbpkp/lrprml7bmiZPljbAs5b2T5YmN5Lu35qC8NDcxNS45?=
From: 2741023538@qq.com
To: 2741023538@qq.com

--===============8215111752425113260==
Content-Type: text/plain; charset="utf-8"
MIME-Version: 1.0
Content-Transfer-Encoding: base64

CiAgICAgICAgICAgIOm7hOmHkeS7t+agvOebkeaOp+aPkOmGkgogICAgICAgICAgICDop6blj5Hl
jp/lm6A6IDEw5YiG6ZKf5a6a5pe25omT5Y2wCiAgICAgICAgICAgIOW9k+WJjeaXtumXtDogMjAy
Ni0wNC0wMSAxNzoxOToxMgogICAgICAgICAgICDmlbDmja7ml7bpl7Q6IDIwMjYtMDQtMDEgMTc6
MTk6MTAKICAgICAgICAgICAg5b2T5YmN5Lu35qC8OiA0NzE1LjkKICAgICAgICAgICAg5bey6Kem
5Y+R55uu5qCHOiBbNDg4MCwgNDcyMCwgNDkwMCwgNDgwMF0KCiAgICAgICAgICAgIOS4iuasoeaJ
k+WNsOaXtumXtDogMjAyNi0wNC0wMSAxNzoxOToxMgogICAgICAgICAgICDkuIrmrKHmiZPljbDk
u7fmoLw6IDQ3MTUuOSAg5b2T5YmN5Lu35qC8OiA0NzE1LjkKICAgICAgICAgICAg

--===============8215111752425113260==--

2026-04-01 17:19:16,197 - INFO - send email success
2026-04-01 17:19:16,198 - INFO - ============================================================

2026-04-01 17:20:56,792 - INFO - 
============================================================
2026-04-01 17:20:56,792 - INFO - 触发原因: 打印调试
2026-04-01 17:20:56,792 - INFO - 当前时间: 2026-04-01 17:20:56
2026-04-01 17:20:56,793 - INFO - 数据时间: 2026-04-01 17:20:55
2026-04-01 17:20:56,793 - INFO - 当前价格: 4715.82
2026-04-01 17:20:56,793 - INFO - 上次打印时间: 2026-04-01 17:19:12
2026-04-01 17:20:56,793 - INFO - 上次打印价格: 4715.9
2026-04-01 17:20:56,793 - INFO - 当前价格: 4715.82
2026-04-01 17:20:58,272 - INFO - 飞书消息发送成功: 打印调试
2026-04-01 17:20:58,272 - INFO - ============================================================

2026-04-01 17:22:38,781 - INFO - 
============================================================
2026-04-01 17:22:38,782 - INFO - 触发原因: 打印调试
2026-04-01 17:22:38,782 - INFO - 当前时间: 2026-04-01 17:22:38
2026-04-01 17:22:38,782 - INFO - 数据时间: 2026-04-01 17:22:37
2026-04-01 17:22:38,782 - INFO - 当前价格: 4715.34
2026-04-01 17:22:38,782 - INFO - 上次打印时间: 2026-04-01 17:19:12
2026-04-01 17:22:38,782 - INFO - 上次打印价格: 4715.9
2026-04-01 17:22:38,782 - INFO - 当前价格: 4715.34
2026-04-01 17:22:40,227 - INFO - 飞书消息发送成功: 打印调试
2026-04-01 17:22:40,227 - INFO - ============================================================

2026-04-01 17:24:20,961 - INFO - 
============================================================
2026-04-01 17:24:20,961 - INFO - 触发原因: 打印调试
2026-04-01 17:24:20,961 - INFO - 当前时间: 2026-04-01 17:24:20
2026-04-01 17:24:20,961 - INFO - 数据时间: 2026-04-01 17:24:20
2026-04-01 17:24:20,962 - INFO - 当前价格: 4719.87
2026-04-01 17:24:20,962 - INFO - 上次打印时间: 2026-04-01 17:19:12
2026-04-01 17:24:20,962 - INFO - 上次打印价格: 4715.9
2026-04-01 17:24:20,962 - INFO - 当前价格: 4719.87
2026-04-01 17:24:22,437 - INFO - 飞书消息发送成功: 打印调试
2026-04-01 17:24:22,438 - INFO - ============================================================

2026-04-01 17:26:03,087 - INFO - 
============================================================
2026-04-01 17:26:03,088 - INFO - 触发原因: 打印调试
2026-04-01 17:26:03,088 - INFO - 当前时间: 2026-04-01 17:26:03
2026-04-01 17:26:03,088 - INFO - 数据时间: 2026-04-01 17:26:03
2026-04-01 17:26:03,088 - INFO - 当前价格: 4723.81
2026-04-01 17:26:03,088 - INFO - 上次打印时间: 2026-04-01 17:19:12
2026-04-01 17:26:03,088 - INFO - 上次打印价格: 4715.9
2026-04-01 17:26:03,088 - INFO - 当前价格: 4723.81
2026-04-01 17:26:04,468 - INFO - 飞书消息发送成功: 打印调试
2026-04-01 17:26:04,468 - INFO - ============================================================

2026-04-21 16:59:59,833 - INFO - 事件监听器启动成功
2026-04-21 16:59:59,833 - INFO - 黄金价格监控系统启动...
2026-04-21 16:59:59,834 - INFO - 上涨目标价格: [4950, 4980, 5000, 5030, 5080, 5100, 5200]
2026-04-21 16:59:59,834 - INFO - 下跌目标价格: [4900, 4880, 4800, 4720, 4700, 4650, 4600, 4500]
2026-04-21 16:59:59,835 - INFO - 监控开始...

2026-04-21 17:01:39,073 - INFO - 收到原始消息: b'{"schema":"2.0","header":{"event_id":"bca66b2ce1431147b88e7fead7d7483e","token":"","create_time":"1776762098801","event_type":"im.message.receive_v1","tenant_key":"13d86554278f175e","app_id":"cli_a93f179d7461dceb"},"event":{"message":{"chat_id":"oc_7c4248a35ee522bd95944906a292fa7d","chat_type":"p2p","content":"{\\"text\\":\\"\xe4\xbb\xb7\xe6\xa0\xbc\\"}","create_time":"1776762098056","message_id":"om_x100b514781d14c8cb2cbf8e85620963","message_type":"text","update_time":"1776762098056","user_agent":"Mozilla/5.0 (Linux; Android 16; SM-F9460 Build/BP2A.250605.031.A3; wv) AppleWebKit/537.36 (KHTML, like Gecko) Version/4.0 Chrome/132.0.6834.152 Mobile Safari/537.36 Lark/7.66.6 LarkLocale/zh_CN ChannelName/Feishu appid/1161; appname/Feishu; ttnet SDK-Version/7.66.8"},"sender":{"sender_id":{"open_id":"ou_d9fbb310298e41c201adf21a827f7437","union_id":"on_42b2d290e182cb48e286733f752f3cf3","user_id":"eb3fe22a"},"sender_type":"user","tenant_key":"13d86554278f175e"}}}'
2026-04-21 17:01:39,074 - INFO - 收到消息: 价格 来自: ou_d9fbb310298e41c201adf21a827f7437
2026-04-21 17:01:40,571 - INFO - 飞书客户端初始化完成
2026-04-21 17:01:42,368 - WARNING - API请求失败，状态码: 429
2026-04-21 17:01:42,369 - WARNING - 获取价格失败，等待60秒后重试...
2026-04-21 17:01:42,464 - INFO - 飞书消息发送成功: 用户消息回复
2026-04-21 17:02:34,007 - INFO - 收到原始消息: b'{"schema":"2.0","header":{"event_id":"ac26a0d1b5d675d83860ce1d74e0236d","token":"","create_time":"1776762153762","event_type":"im.message.receive_v1","tenant_key":"13d86554278f175e","app_id":"cli_a93f179d7461dceb"},"event":{"message":{"chat_id":"oc_7c4248a35ee522bd95944906a292fa7d","chat_type":"p2p","content":"{\\"text\\":\\"\xe4\xbb\xb7\xe6\xa0\xbc\\"}","create_time":"1776762153200","message_id":"om_x100b51479c5db88cb4ab218f4d47f88","message_type":"text","update_time":"1776762153200","user_agent":"Mozilla/5.0 (Linux; Android 16; SM-F9460 Build/BP2A.250605.031.A3; wv) AppleWebKit/537.36 (KHTML, like Gecko) Version/4.0 Chrome/132.0.6834.152 Mobile Safari/537.36 Lark/7.66.6 LarkLocale/zh_CN ChannelName/Feishu appid/1161; appname/Feishu; ttnet SDK-Version/7.66.8"},"sender":{"sender_id":{"open_id":"ou_d9fbb310298e41c201adf21a827f7437","union_id":"on_42b2d290e182cb48e286733f752f3cf3","user_id":"eb3fe22a"},"sender_type":"user","tenant_key":"13d86554278f175e"}}}'
2026-04-21 17:02:34,008 - INFO - 收到消息: 价格 来自: ou_d9fbb310298e41c201adf21a827f7437
2026-04-21 17:02:36,513 - INFO - 飞书消息发送成功: 用户消息回复
2026-04-21 17:03:55,484 - INFO - 收到原始消息: b'{"schema":"2.0","header":{"event_id":"e537fbdfc7cff0ee799d5ac8907544e4","token":"","create_time":"1776762235042","event_type":"im.message.receive_v1","tenant_key":"13d86554278f175e","app_id":"cli_a93f179d7461dceb"},"event":{"message":{"chat_id":"oc_7c4248a35ee522bd95944906a292fa7d","chat_type":"p2p","content":"{\\"text\\":\\"\xe4\xbb\xb7\xe6\xa0\xbc\\"}","create_time":"1776762234577","message_id":"om_x100b5147996b24b8b100bd485733c12","message_type":"text","update_time":"1776762234577","user_agent":"Mozilla/5.0 (Linux; Android 16; SM-F9460 Build/BP2A.250605.031.A3; wv) AppleWebKit/537.36 (KHTML, like Gecko) Version/4.0 Chrome/132.0.6834.152 Mobile Safari/537.36 Lark/7.66.6 LarkLocale/zh_CN ChannelName/Feishu appid/1161; appname/Feishu; ttnet SDK-Version/7.66.8"},"sender":{"sender_id":{"open_id":"ou_d9fbb310298e41c201adf21a827f7437","union_id":"on_42b2d290e182cb48e286733f752f3cf3","user_id":"eb3fe22a"},"sender_type":"user","tenant_key":"13d86554278f175e"}}}'
2026-04-21 17:03:55,484 - INFO - 收到消息: 价格 来自: ou_d9fbb310298e41c201adf21a827f7437
2026-04-21 17:04:01,733 - INFO - 飞书消息发送成功: 用户消息回复
2026-04-21 17:04:14,945 - INFO - 收到原始消息: b'{"schema":"2.0","header":{"event_id":"e537fbdfc7cff0ee799d5ac8907544e4","token":"","create_time":"1776762235042","event_type":"im.message.receive_v1","tenant_key":"13d86554278f175e","app_id":"cli_a93f179d7461dceb"},"event":{"message":{"chat_id":"oc_7c4248a35ee522bd95944906a292fa7d","chat_type":"p2p","content":"{\\"text\\":\\"\xe4\xbb\xb7\xe6\xa0\xbc\\"}","create_time":"1776762234577","message_id":"om_x100b5147996b24b8b100bd485733c12","message_type":"text","update_time":"1776762234577","user_agent":"Mozilla/5.0 (Linux; Android 16; SM-F9460 Build/BP2A.250605.031.A3; wv) AppleWebKit/537.36 (KHTML, like Gecko) Version/4.0 Chrome/132.0.6834.152 Mobile Safari/537.36 Lark/7.66.6 LarkLocale/zh_CN ChannelName/Feishu appid/1161; appname/Feishu; ttnet SDK-Version/7.66.8"},"sender":{"sender_id":{"open_id":"ou_d9fbb310298e41c201adf21a827f7437","union_id":"on_42b2d290e182cb48e286733f752f3cf3","user_id":"eb3fe22a"},"sender_type":"user","tenant_key":"13d86554278f175e"}}}'
2026-04-21 17:04:14,946 - INFO - 收到消息: 价格 来自: ou_d9fbb310298e41c201adf21a827f7437
2026-04-21 17:04:18,568 - INFO - 飞书消息发送成功: 用户消息回复
2026-04-21 17:04:24,764 - WARNING - API请求失败，状态码: 429
2026-04-21 17:04:24,765 - WARNING - 获取价格失败，等待60秒后重试...
2026-04-21 17:07:07,079 - INFO - 
============================================================
2026-04-21 17:07:07,079 - INFO - 触发原因: 打印调试
2026-04-21 17:07:07,079 - INFO - 当前时间: 2026-04-21 17:07:07
2026-04-21 17:07:07,079 - INFO - 数据时间: 2026-04-21 17:07:05
2026-04-21 17:07:07,079 - INFO - 当前价格: 4786.4
2026-04-21 17:07:08,186 - INFO - 飞书消息发送成功: 打印调试
2026-04-21 17:07:08,186 - INFO - ============================================================

2026-04-21 17:07:08,186 - INFO - 
============================================================
2026-04-21 17:07:08,187 - INFO - 触发原因: 下跌目标 4900 已达成
2026-04-21 17:07:08,187 - INFO - 当前时间: 2026-04-21 17:07:08
2026-04-21 17:07:08,187 - INFO - 数据时间: 2026-04-21 17:07:05
2026-04-21 17:07:08,187 - INFO - 当前价格: 4786.4
2026-04-21 17:07:09,307 - INFO - 飞书消息发送成功: 下跌目标 4900 已达成
2026-04-21 17:07:09,308 - INFO - Content-Type: multipart/mixed; boundary="===============8226329376264153095=="
MIME-Version: 1.0
Subject: =?utf-8?b?6buE6YeR5Lu35qC85o+Q6YaSIC0g5LiL6LeM55uu5qCHIDQ5MDAg5bey6L6+5oiQLOW9k+WJjeS7t+agvDQ3ODYuNA==?=
From: 2741023538@qq.com
To: 2741023538@qq.com

--===============8226329376264153095==
Content-Type: text/plain; charset="utf-8"
MIME-Version: 1.0
Content-Transfer-Encoding: base64

CiAgICAgICAgICAgIOm7hOmHkeS7t+agvOebkeaOp+aPkOmGkgogICAgICAgICAgICDop6blj5Hl
jp/lm6A6IOS4i+i3jOebruaghyA0OTAwIOW3sui+vuaIkAogICAgICAgICAgICDlvZPliY3ml7bp
l7Q6IDIwMjYtMDQtMjEgMTc6MDc6MDgKICAgICAgICAgICAg5pWw5o2u5pe26Ze0OiAyMDI2LTA0
LTIxIDE3OjA3OjA1CiAgICAgICAgICAgIOW9k+WJjeS7t+agvDogNDc4Ni40CiAgICAgICAgICAg
IOW3suinpuWPkeebruaghzogWzQ5MDBdCgogICAgICAgICAgICDkuIrmrKHmiZPljbDml7bpl7Q6
IDIwMjYtMDQtMjEgMTc6MDc6MDgKICAgICAgICAgICAg5LiK5qyh5omT5Y2w5Lu35qC8OiA0Nzg2
LjQgIOW9k+WJjeS7t+agvDogNDc4Ni40CiAgICAgICAgICAgIA==

--===============8226329376264153095==--

2026-04-21 17:07:10,477 - INFO - send email success
2026-04-21 17:07:10,478 - INFO - ============================================================

2026-04-21 17:08:51,577 - INFO - 
============================================================
2026-04-21 17:08:51,577 - INFO - 触发原因: 打印调试
2026-04-21 17:08:51,577 - INFO - 当前时间: 2026-04-21 17:08:51
2026-04-21 17:08:51,577 - INFO - 数据时间: 2026-04-21 17:08:51
2026-04-21 17:08:51,577 - INFO - 当前价格: 4785.23
2026-04-21 17:08:51,578 - INFO - 上次打印时间: 2026-04-21 17:07:08
2026-04-21 17:08:51,578 - INFO - 上次打印价格: 4786.4
2026-04-21 17:08:51,578 - INFO - 当前价格: 4785.23
2026-04-21 17:08:52,834 - INFO - 飞书消息发送成功: 打印调试
2026-04-21 17:08:52,835 - INFO - ============================================================

2026-04-21 17:08:52,835 - INFO - 
============================================================
2026-04-21 17:08:52,835 - INFO - 触发原因: 下跌目标 4880 已达成
2026-04-21 17:08:52,836 - INFO - 当前时间: 2026-04-21 17:08:52
2026-04-21 17:08:52,836 - INFO - 数据时间: 2026-04-21 17:08:51
2026-04-21 17:08:52,836 - INFO - 当前价格: 4785.23
2026-04-21 17:08:52,836 - INFO - 上次打印时间: 2026-04-21 17:07:08
2026-04-21 17:08:52,837 - INFO - 上次打印价格: 4786.4
2026-04-21 17:08:52,837 - INFO - 当前价格: 4785.23
2026-04-21 17:08:53,960 - INFO - 飞书消息发送成功: 下跌目标 4880 已达成
2026-04-21 17:08:53,961 - INFO - Content-Type: multipart/mixed; boundary="===============4761588784848219357=="
MIME-Version: 1.0
Subject: =?utf-8?b?6buE6YeR5Lu35qC85o+Q6YaSIC0g5LiL6LeM55uu5qCHIDQ4ODAg5bey6L6+5oiQLOW9k+WJjeS7t+agvDQ3ODUuMjM=?=
From: 2741023538@qq.com
To: 2741023538@qq.com

--===============4761588784848219357==
Content-Type: text/plain; charset="utf-8"
MIME-Version: 1.0
Content-Transfer-Encoding: base64

CiAgICAgICAgICAgIOm7hOmHkeS7t+agvOebkeaOp+aPkOmGkgogICAgICAgICAgICDop6blj5Hl
jp/lm6A6IOS4i+i3jOebruaghyA0ODgwIOW3sui+vuaIkAogICAgICAgICAgICDlvZPliY3ml7bp
l7Q6IDIwMjYtMDQtMjEgMTc6MDg6NTIKICAgICAgICAgICAg5pWw5o2u5pe26Ze0OiAyMDI2LTA0
LTIxIDE3OjA4OjUxCiAgICAgICAgICAgIOW9k+WJjeS7t+agvDogNDc4NS4yMwogICAgICAgICAg
ICDlt7Lop6blj5Hnm67moIc6IFs0ODgwLCA0OTAwXQoKICAgICAgICAgICAg5LiK5qyh5omT5Y2w
5pe26Ze0OiAyMDI2LTA0LTIxIDE3OjA4OjUyCiAgICAgICAgICAgIOS4iuasoeaJk+WNsOS7t+ag
vDogNDc4NS4yMyAg5b2T5YmN5Lu35qC8OiA0Nzg1LjIzCiAgICAgICAgICAgIA==

--===============4761588784848219357==--

2026-04-21 17:08:55,053 - INFO - send email success
2026-04-21 17:08:55,053 - INFO - ============================================================

2026-04-21 17:09:18,343 - INFO - 收到原始消息: b'{"schema":"2.0","header":{"event_id":"e537fbdfc7cff0ee799d5ac8907544e4","token":"","create_time":"1776762235042","event_type":"im.message.receive_v1","tenant_key":"13d86554278f175e","app_id":"cli_a93f179d7461dceb"},"event":{"message":{"chat_id":"oc_7c4248a35ee522bd95944906a292fa7d","chat_type":"p2p","content":"{\\"text\\":\\"\xe4\xbb\xb7\xe6\xa0\xbc\\"}","create_time":"1776762234577","message_id":"om_x100b5147996b24b8b100bd485733c12","message_type":"text","update_time":"1776762234577","user_agent":"Mozilla/5.0 (Linux; Android 16; SM-F9460 Build/BP2A.250605.031.A3; wv) AppleWebKit/537.36 (KHTML, like Gecko) Version/4.0 Chrome/132.0.6834.152 Mobile Safari/537.36 Lark/7.66.6 LarkLocale/zh_CN ChannelName/Feishu appid/1161; appname/Feishu; ttnet SDK-Version/7.66.8"},"sender":{"sender_id":{"open_id":"ou_d9fbb310298e41c201adf21a827f7437","union_id":"on_42b2d290e182cb48e286733f752f3cf3","user_id":"eb3fe22a"},"sender_type":"user","tenant_key":"13d86554278f175e"}}}'
2026-04-21 17:09:18,343 - INFO - 收到消息: 价格 来自: ou_d9fbb310298e41c201adf21a827f7437
2026-04-21 17:09:24,548 - INFO - 飞书消息发送成功: 用户消息回复
2026-04-21 17:10:36,230 - INFO - 
============================================================
2026-04-21 17:10:36,231 - INFO - 触发原因: 打印调试
2026-04-21 17:10:36,231 - INFO - 当前时间: 2026-04-21 17:10:36
2026-04-21 17:10:36,231 - INFO - 数据时间: 2026-04-21 17:10:34
2026-04-21 17:10:36,231 - INFO - 当前价格: 4786.09
2026-04-21 17:10:36,231 - INFO - 上次打印时间: 2026-04-21 17:08:52
2026-04-21 17:10:36,231 - INFO - 上次打印价格: 4785.23
2026-04-21 17:10:36,231 - INFO - 当前价格: 4786.09
2026-04-21 17:10:37,406 - INFO - 飞书消息发送成功: 打印调试
2026-04-21 17:10:37,407 - INFO - ============================================================

2026-04-21 17:10:37,407 - INFO - 
============================================================
2026-04-21 17:10:37,407 - INFO - 触发原因: 10分钟定时打印
2026-04-21 17:10:37,407 - INFO - 当前时间: 2026-04-21 17:10:37
2026-04-21 17:10:37,408 - INFO - 数据时间: 2026-04-21 17:10:34
2026-04-21 17:10:37,408 - INFO - 当前价格: 4786.09
2026-04-21 17:10:37,408 - INFO - 上次打印时间: 2026-04-21 17:08:52
2026-04-21 17:10:37,408 - INFO - 上次打印价格: 4785.23
2026-04-21 17:10:37,408 - INFO - 当前价格: 4786.09
2026-04-21 17:10:38,597 - INFO - 飞书消息发送成功: 10分钟定时打印
2026-04-21 17:10:38,598 - INFO - Content-Type: multipart/mixed; boundary="===============0361497346026360653=="
MIME-Version: 1.0
Subject: =?utf-8?b?6buE6YeR5Lu35qC85o+Q6YaSIC0gMTDliIbpkp/lrprml7bmiZPljbAs5b2T5YmN5Lu35qC8NDc4Ni4wOQ==?=
From: 2741023538@qq.com
To: 2741023538@qq.com

--===============0361497346026360653==
Content-Type: text/plain; charset="utf-8"
MIME-Version: 1.0
Content-Transfer-Encoding: base64

CiAgICAgICAgICAgIOm7hOmHkeS7t+agvOebkeaOp+aPkOmGkgogICAgICAgICAgICDop6blj5Hl
jp/lm6A6IDEw5YiG6ZKf5a6a5pe25omT5Y2wCiAgICAgICAgICAgIOW9k+WJjeaXtumXtDogMjAy
Ni0wNC0yMSAxNzoxMDozNwogICAgICAgICAgICDmlbDmja7ml7bpl7Q6IDIwMjYtMDQtMjEgMTc6
MTA6MzQKICAgICAgICAgICAg5b2T5YmN5Lu35qC8OiA0Nzg2LjA5CiAgICAgICAgICAgIOW3suin
puWPkeebruaghzogWzQ4ODAsIDQ5MDBdCgogICAgICAgICAgICDkuIrmrKHmiZPljbDml7bpl7Q6
IDIwMjYtMDQtMjEgMTc6MTA6MzcKICAgICAgICAgICAg5LiK5qyh5omT5Y2w5Lu35qC8OiA0Nzg2
LjA5ICDlvZPliY3ku7fmoLw6IDQ3ODYuMDkKICAgICAgICAgICAg

--===============0361497346026360653==--

2026-04-21 17:10:39,746 - INFO - send email success
2026-04-21 17:10:39,746 - INFO - ============================================================

2026-04-21 17:12:22,223 - INFO - 
============================================================
2026-04-21 17:12:22,223 - INFO - 触发原因: 打印调试
2026-04-21 17:12:22,223 - INFO - 当前时间: 2026-04-21 17:12:22
2026-04-21 17:12:22,224 - INFO - 数据时间: 2026-04-21 17:12:21
2026-04-21 17:12:22,224 - INFO - 当前价格: 4785.47
2026-04-21 17:12:22,224 - INFO - 上次打印时间: 2026-04-21 17:10:37
2026-04-21 17:12:22,224 - INFO - 上次打印价格: 4786.09
2026-04-21 17:12:22,224 - INFO - 当前价格: 4785.47
2026-04-21 17:12:23,397 - INFO - 飞书消息发送成功: 打印调试
2026-04-21 17:12:23,397 - INFO - ============================================================

2026-04-21 17:12:23,397 - INFO - 
============================================================
2026-04-21 17:12:23,397 - INFO - 触发原因: 下跌目标 4800 已达成
2026-04-21 17:12:23,397 - INFO - 当前时间: 2026-04-21 17:12:23
2026-04-21 17:12:23,398 - INFO - 数据时间: 2026-04-21 17:12:21
2026-04-21 17:12:23,398 - INFO - 当前价格: 4785.47
2026-04-21 17:12:23,398 - INFO - 上次打印时间: 2026-04-21 17:10:37
2026-04-21 17:12:23,398 - INFO - 上次打印价格: 4786.09
2026-04-21 17:12:23,398 - INFO - 当前价格: 4785.47
2026-04-21 17:12:24,524 - INFO - 飞书消息发送成功: 下跌目标 4800 已达成
2026-04-21 17:12:24,525 - INFO - Content-Type: multipart/mixed; boundary="===============0170407065413081268=="
MIME-Version: 1.0
Subject: =?utf-8?b?6buE6YeR5Lu35qC85o+Q6YaSIC0g5LiL6LeM55uu5qCHIDQ4MDAg5bey6L6+5oiQLOW9k+WJjeS7t+agvDQ3ODUuNDc=?=
From: 2741023538@qq.com
To: 2741023538@qq.com

--===============0170407065413081268==
Content-Type: text/plain; charset="utf-8"
MIME-Version: 1.0
Content-Transfer-Encoding: base64

CiAgICAgICAgICAgIOm7hOmHkeS7t+agvOebkeaOp+aPkOmGkgogICAgICAgICAgICDop6blj5Hl
jp/lm6A6IOS4i+i3jOebruaghyA0ODAwIOW3sui+vuaIkAogICAgICAgICAgICDlvZPliY3ml7bp
l7Q6IDIwMjYtMDQtMjEgMTc6MTI6MjMKICAgICAgICAgICAg5pWw5o2u5pe26Ze0OiAyMDI2LTA0
LTIxIDE3OjEyOjIxCiAgICAgICAgICAgIOW9k+WJjeS7t+agvDogNDc4NS40NwogICAgICAgICAg
ICDlt7Lop6blj5Hnm67moIc6IFs0ODgwLCA0OTAwLCA0ODAwXQoKICAgICAgICAgICAg5LiK5qyh
5omT5Y2w5pe26Ze0OiAyMDI2LTA0LTIxIDE3OjEyOjIzCiAgICAgICAgICAgIOS4iuasoeaJk+WN
sOS7t+agvDogNDc4NS40NyAg5b2T5YmN5Lu35qC8OiA0Nzg1LjQ3CiAgICAgICAgICAgIA==

--===============0170407065413081268==--

2026-04-21 17:12:25,772 - INFO - send email success
2026-04-21 17:12:25,772 - INFO - ============================================================

2026-04-21 17:14:07,603 - INFO - 
============================================================
2026-04-21 17:14:07,603 - INFO - 触发原因: 打印调试
2026-04-21 17:14:07,603 - INFO - 当前时间: 2026-04-21 17:14:07
2026-04-21 17:14:07,604 - INFO - 数据时间: 2026-04-21 17:14:06
2026-04-21 17:14:07,604 - INFO - 当前价格: 4785.2
2026-04-21 17:14:07,604 - INFO - 上次打印时间: 2026-04-21 17:12:23
2026-04-21 17:14:07,604 - INFO - 上次打印价格: 4785.47
2026-04-21 17:14:07,604 - INFO - 当前价格: 4785.2
2026-04-21 17:14:09,864 - INFO - 飞书消息发送成功: 打印调试
2026-04-21 17:14:09,865 - INFO - ============================================================

2026-04-21 17:14:09,865 - INFO - 
============================================================
2026-04-21 17:14:09,866 - INFO - 触发原因: 价格上涨超过整数变化
2026-04-21 17:14:09,866 - INFO - 当前时间: 2026-04-21 17:14:09
2026-04-21 17:14:09,866 - INFO - 数据时间: 2026-04-21 17:14:06
2026-04-21 17:14:09,866 - INFO - 当前价格: 4785.2
2026-04-21 17:14:09,866 - INFO - 上次打印时间: 2026-04-21 17:12:23
2026-04-21 17:14:09,866 - INFO - 上次打印价格: 4785.47
2026-04-21 17:14:09,867 - INFO - 当前价格: 4785.2
2026-04-21 17:14:11,889 - INFO - 飞书消息发送成功: 价格上涨超过整数变化
2026-04-21 17:14:11,891 - INFO - Content-Type: multipart/mixed; boundary="===============2974242336211760239=="
MIME-Version: 1.0
Subject: =?utf-8?b?6buE6YeR5Lu35qC85o+Q6YaSIC0g5Lu35qC85LiK5rao6LaF6L+H5pW05pWw5Y+Y5YyWLOW9k+WJjeS7t+agvDQ3ODUuMg==?=
From: 2741023538@qq.com
To: 2741023538@qq.com

--===============2974242336211760239==
Content-Type: text/plain; charset="utf-8"
MIME-Version: 1.0
Content-Transfer-Encoding: base64

CiAgICAgICAgICAgIOm7hOmHkeS7t+agvOebkeaOp+aPkOmGkgogICAgICAgICAgICDop6blj5Hl
jp/lm6A6IOS7t+agvOS4iua2qOi2hei/h+aVtOaVsOWPmOWMlgogICAgICAgICAgICDlvZPliY3m
l7bpl7Q6IDIwMjYtMDQtMjEgMTc6MTQ6MDkKICAgICAgICAgICAg5pWw5o2u5pe26Ze0OiAyMDI2
LTA0LTIxIDE3OjE0OjA2CiAgICAgICAgICAgIOW9k+WJjeS7t+agvDogNDc4NS4yCiAgICAgICAg
ICAgIOW3suinpuWPkeebruaghzogWzQ4ODAsIDQ5MDAsIDQ4MDBdCgogICAgICAgICAgICDkuIrm
rKHmiZPljbDml7bpl7Q6IDIwMjYtMDQtMjEgMTc6MTQ6MDkKICAgICAgICAgICAg5LiK5qyh5omT
5Y2w5Lu35qC8OiA0Nzg1LjIgIOW9k+WJjeS7t+agvDogNDc4NS4yCiAgICAgICAgICAgIA==

--===============2974242336211760239==--

2026-04-21 17:14:13,113 - INFO - send email success
2026-04-21 17:14:13,113 - INFO - ============================================================

2026-04-21 17:15:54,172 - INFO - 
============================================================
2026-04-21 17:15:55,520 - INFO - 触发原因: 打印调试
2026-04-21 17:15:55,520 - INFO - 当前时间: 2026-04-21 17:15:54
2026-04-21 17:15:55,521 - INFO - 数据时间: 2026-04-21 17:15:53
2026-04-21 17:15:55,521 - INFO - 当前价格: 4785.37
2026-04-21 17:15:55,521 - INFO - 上次打印时间: 2026-04-21 17:14:09
2026-04-21 17:15:55,521 - INFO - 上次打印价格: 4785.2
2026-04-21 17:15:55,521 - INFO - 当前价格: 4785.37
2026-04-21 17:15:56,581 - INFO - 飞书消息发送成功: 打印调试
2026-04-21 17:15:56,581 - INFO - ============================================================

2026-04-21 17:17:37,765 - INFO - 
============================================================
2026-04-21 17:17:37,767 - INFO - 触发原因: 打印调试
2026-04-21 17:17:37,767 - INFO - 当前时间: 2026-04-21 17:17:37
2026-04-21 17:17:37,767 - INFO - 数据时间: 2026-04-21 17:17:37
2026-04-21 17:17:37,768 - INFO - 当前价格: 4784.56
2026-04-21 17:17:37,768 - INFO - 上次打印时间: 2026-04-21 17:14:09
2026-04-21 17:17:37,768 - INFO - 上次打印价格: 4785.2
2026-04-21 17:17:37,768 - INFO - 当前价格: 4784.56
2026-04-21 17:17:38,947 - INFO - 飞书消息发送成功: 打印调试
2026-04-21 17:17:38,947 - INFO - ============================================================

2026-04-21 17:19:20,097 - INFO - 
============================================================
2026-04-21 17:19:20,098 - INFO - 触发原因: 打印调试
2026-04-21 17:19:20,098 - INFO - 当前时间: 2026-04-21 17:19:20
2026-04-21 17:19:20,098 - INFO - 数据时间: 2026-04-21 17:19:18
2026-04-21 17:19:20,099 - INFO - 当前价格: 4786.84
2026-04-21 17:19:20,099 - INFO - 上次打印时间: 2026-04-21 17:14:09
2026-04-21 17:19:20,099 - INFO - 上次打印价格: 4785.2
2026-04-21 17:19:20,099 - INFO - 当前价格: 4786.84
2026-04-21 17:19:21,221 - INFO - 飞书消息发送成功: 打印调试
2026-04-21 17:19:21,222 - INFO - ============================================================

2026-04-21 17:21:03,090 - INFO - 
============================================================
2026-04-21 17:21:03,091 - INFO - 触发原因: 打印调试
2026-04-21 17:21:03,091 - INFO - 当前时间: 2026-04-21 17:21:03
2026-04-21 17:21:03,091 - INFO - 数据时间: 2026-04-21 17:21:01
2026-04-21 17:21:03,091 - INFO - 当前价格: 4787.27
2026-04-21 17:21:03,091 - INFO - 上次打印时间: 2026-04-21 17:14:09
2026-04-21 17:21:03,091 - INFO - 上次打印价格: 4785.2
2026-04-21 17:21:03,091 - INFO - 当前价格: 4787.27
2026-04-21 17:21:04,304 - INFO - 飞书消息发送成功: 打印调试
2026-04-21 17:21:04,305 - INFO - ============================================================

2026-04-21 17:21:04,305 - INFO - 
============================================================
2026-04-21 17:21:04,306 - INFO - 触发原因: 10分钟定时打印
2026-04-21 17:21:04,306 - INFO - 当前时间: 2026-04-21 17:21:04
2026-04-21 17:21:04,306 - INFO - 数据时间: 2026-04-21 17:21:01
2026-04-21 17:21:04,306 - INFO - 当前价格: 4787.27
2026-04-21 17:21:04,306 - INFO - 上次打印时间: 2026-04-21 17:14:09
2026-04-21 17:21:04,306 - INFO - 上次打印价格: 4785.2
2026-04-21 17:21:04,306 - INFO - 当前价格: 4787.27
2026-04-21 17:21:05,451 - INFO - 飞书消息发送成功: 10分钟定时打印
2026-04-21 17:21:05,453 - INFO - Content-Type: multipart/mixed; boundary="===============0603301217037939799=="
MIME-Version: 1.0
Subject: =?utf-8?b?6buE6YeR5Lu35qC85o+Q6YaSIC0gMTDliIbpkp/lrprml7bmiZPljbAs5b2T5YmN5Lu35qC8NDc4Ny4yNw==?=
From: 2741023538@qq.com
To: 2741023538@qq.com

--===============0603301217037939799==
Content-Type: text/plain; charset="utf-8"
MIME-Version: 1.0
Content-Transfer-Encoding: base64

CiAgICAgICAgICAgIOm7hOmHkeS7t+agvOebkeaOp+aPkOmGkgogICAgICAgICAgICDop6blj5Hl
jp/lm6A6IDEw5YiG6ZKf5a6a5pe25omT5Y2wCiAgICAgICAgICAgIOW9k+WJjeaXtumXtDogMjAy
Ni0wNC0yMSAxNzoyMTowNAogICAgICAgICAgICDmlbDmja7ml7bpl7Q6IDIwMjYtMDQtMjEgMTc6
MjE6MDEKICAgICAgICAgICAg5b2T5YmN5Lu35qC8OiA0Nzg3LjI3CiAgICAgICAgICAgIOW3suin
puWPkeebruaghzogWzQ4ODAsIDQ5MDAsIDQ4MDBdCgogICAgICAgICAgICDkuIrmrKHmiZPljbDm
l7bpl7Q6IDIwMjYtMDQtMjEgMTc6MjE6MDQKICAgICAgICAgICAg5LiK5qyh5omT5Y2w5Lu35qC8
OiA0Nzg3LjI3ICDlvZPliY3ku7fmoLw6IDQ3ODcuMjcKICAgICAgICAgICAg

--===============0603301217037939799==--

2026-04-21 17:21:06,673 - INFO - send email success
2026-04-21 17:21:06,673 - INFO - ============================================================

2026-04-21 17:22:47,798 - INFO - 
============================================================
2026-04-21 17:22:47,798 - INFO - 触发原因: 打印调试
2026-04-21 17:22:47,798 - INFO - 当前时间: 2026-04-21 17:22:47
2026-04-21 17:22:47,798 - INFO - 数据时间: 2026-04-21 17:22:46
2026-04-21 17:22:47,798 - INFO - 当前价格: 4785.86
2026-04-21 17:22:47,799 - INFO - 上次打印时间: 2026-04-21 17:21:04
2026-04-21 17:22:47,799 - INFO - 上次打印价格: 4787.27
2026-04-21 17:22:47,799 - INFO - 当前价格: 4785.86
2026-04-21 17:22:48,978 - INFO - 飞书消息发送成功: 打印调试
2026-04-21 17:22:48,979 - INFO - ============================================================

2026-04-21 17:24:30,167 - INFO - 
============================================================
2026-04-21 17:24:30,167 - INFO - 触发原因: 打印调试
2026-04-21 17:24:30,167 - INFO - 当前时间: 2026-04-21 17:24:30
2026-04-21 17:24:30,167 - INFO - 数据时间: 2026-04-21 17:24:28
2026-04-21 17:24:30,167 - INFO - 当前价格: 4786.38
2026-04-21 17:24:30,168 - INFO - 上次打印时间: 2026-04-21 17:21:04
2026-04-21 17:24:30,168 - INFO - 上次打印价格: 4787.27
2026-04-21 17:24:30,168 - INFO - 当前价格: 4786.38
2026-04-21 17:24:31,307 - INFO - 飞书消息发送成功: 打印调试
2026-04-21 17:24:31,308 - INFO - ============================================================

2026-04-21 17:26:13,060 - INFO - 
============================================================
2026-04-21 17:26:13,060 - INFO - 触发原因: 打印调试
2026-04-21 17:26:13,060 - INFO - 当前时间: 2026-04-21 17:26:13
2026-04-21 17:26:13,061 - INFO - 数据时间: 2026-04-21 17:26:11
2026-04-21 17:26:13,061 - INFO - 当前价格: 4785.25
2026-04-21 17:26:13,061 - INFO - 上次打印时间: 2026-04-21 17:21:04
2026-04-21 17:26:13,061 - INFO - 上次打印价格: 4787.27
2026-04-21 17:26:13,061 - INFO - 当前价格: 4785.25
2026-04-21 17:26:14,209 - INFO - 飞书消息发送成功: 打印调试
2026-04-21 17:26:14,210 - INFO - ============================================================

2026-04-21 17:27:55,203 - INFO - 
============================================================
2026-04-21 17:27:55,204 - INFO - 触发原因: 打印调试
2026-04-21 17:27:55,204 - INFO - 当前时间: 2026-04-21 17:27:55
2026-04-21 17:27:55,204 - INFO - 数据时间: 2026-04-21 17:27:54
2026-04-21 17:27:55,204 - INFO - 当前价格: 4783.19
2026-04-21 17:27:55,204 - INFO - 上次打印时间: 2026-04-21 17:21:04
2026-04-21 17:27:55,205 - INFO - 上次打印价格: 4787.27
2026-04-21 17:27:55,205 - INFO - 当前价格: 4783.19
2026-04-21 17:27:56,422 - INFO - 飞书消息发送成功: 打印调试
2026-04-21 17:27:56,422 - INFO - ============================================================

2026-04-21 17:29:37,633 - INFO - 
============================================================
2026-04-21 17:29:37,634 - INFO - 触发原因: 打印调试
2026-04-21 17:29:37,634 - INFO - 当前时间: 2026-04-21 17:29:37
2026-04-21 17:29:37,634 - INFO - 数据时间: 2026-04-21 17:29:37
2026-04-21 17:29:37,634 - INFO - 当前价格: 4781.85
2026-04-21 17:29:37,634 - INFO - 上次打印时间: 2026-04-21 17:21:04
2026-04-21 17:29:37,635 - INFO - 上次打印价格: 4787.27
2026-04-21 17:29:37,635 - INFO - 当前价格: 4781.85
2026-04-21 17:29:38,856 - INFO - 飞书消息发送成功: 打印调试
2026-04-21 17:29:38,857 - INFO - ============================================================

2026-04-21 17:31:21,062 - INFO - 
============================================================
2026-04-21 17:31:21,063 - INFO - 触发原因: 打印调试
2026-04-21 17:31:21,063 - INFO - 当前时间: 2026-04-21 17:31:21
2026-04-21 17:31:21,063 - INFO - 数据时间: 2026-04-21 17:31:20
2026-04-21 17:31:21,063 - INFO - 当前价格: 4783.67
2026-04-21 17:31:21,063 - INFO - 上次打印时间: 2026-04-21 17:21:04
2026-04-21 17:31:21,063 - INFO - 上次打印价格: 4787.27
2026-04-21 17:31:21,063 - INFO - 当前价格: 4783.67
2026-04-21 17:31:22,205 - INFO - 飞书消息发送成功: 打印调试
2026-04-21 17:31:22,205 - INFO - ============================================================

2026-04-21 17:31:22,206 - INFO - 
============================================================
2026-04-21 17:31:22,206 - INFO - 触发原因: 10分钟定时打印
2026-04-21 17:31:22,206 - INFO - 当前时间: 2026-04-21 17:31:22
2026-04-21 17:31:22,206 - INFO - 数据时间: 2026-04-21 17:31:20
2026-04-21 17:31:22,206 - INFO - 当前价格: 4783.67
2026-04-21 17:31:22,206 - INFO - 上次打印时间: 2026-04-21 17:21:04
2026-04-21 17:31:22,206 - INFO - 上次打印价格: 4787.27
2026-04-21 17:31:22,206 - INFO - 当前价格: 4783.67
2026-04-21 17:31:23,245 - INFO - 飞书消息发送成功: 10分钟定时打印
2026-04-21 17:31:23,246 - INFO - Content-Type: multipart/mixed; boundary="===============2137057729501432957=="
MIME-Version: 1.0
Subject: =?utf-8?b?6buE6YeR5Lu35qC85o+Q6YaSIC0gMTDliIbpkp/lrprml7bmiZPljbAs5b2T5YmN5Lu35qC8NDc4My42Nw==?=
From: 2741023538@qq.com
To: 2741023538@qq.com

--===============2137057729501432957==
Content-Type: text/plain; charset="utf-8"
MIME-Version: 1.0
Content-Transfer-Encoding: base64

CiAgICAgICAgICAgIOm7hOmHkeS7t+agvOebkeaOp+aPkOmGkgogICAgICAgICAgICDop6blj5Hl
jp/lm6A6IDEw5YiG6ZKf5a6a5pe25omT5Y2wCiAgICAgICAgICAgIOW9k+WJjeaXtumXtDogMjAy
Ni0wNC0yMSAxNzozMToyMgogICAgICAgICAgICDmlbDmja7ml7bpl7Q6IDIwMjYtMDQtMjEgMTc6
MzE6MjAKICAgICAgICAgICAg5b2T5YmN5Lu35qC8OiA0NzgzLjY3CiAgICAgICAgICAgIOW3suin
puWPkeebruaghzogWzQ4ODAsIDQ5MDAsIDQ4MDBdCgogICAgICAgICAgICDkuIrmrKHmiZPljbDm
l7bpl7Q6IDIwMjYtMDQtMjEgMTc6MzE6MjIKICAgICAgICAgICAg5LiK5qyh5omT5Y2w5Lu35qC8
OiA0NzgzLjY3ICDlvZPliY3ku7fmoLw6IDQ3ODMuNjcKICAgICAgICAgICAg

--===============2137057729501432957==--

2026-04-21 17:31:24,536 - INFO - send email success
2026-04-21 17:31:24,536 - INFO - ============================================================

2026-04-21 17:33:05,619 - INFO - 
============================================================
2026-04-21 17:33:05,619 - INFO - 触发原因: 打印调试
2026-04-21 17:33:05,620 - INFO - 当前时间: 2026-04-21 17:33:05
2026-04-21 17:33:05,620 - INFO - 数据时间: 2026-04-21 17:33:04
2026-04-21 17:33:05,620 - INFO - 当前价格: 4783.76
2026-04-21 17:33:05,620 - INFO - 上次打印时间: 2026-04-21 17:31:22
2026-04-21 17:33:05,621 - INFO - 上次打印价格: 4783.67
2026-04-21 17:33:05,621 - INFO - 当前价格: 4783.76
2026-04-21 17:33:06,915 - INFO - 飞书消息发送成功: 打印调试
2026-04-21 17:33:06,916 - INFO - ============================================================

2026-04-21 17:34:47,957 - INFO - 
============================================================
2026-04-21 17:34:47,957 - INFO - 触发原因: 打印调试
2026-04-21 17:34:47,957 - INFO - 当前时间: 2026-04-21 17:34:47
2026-04-21 17:34:47,958 - INFO - 数据时间: 2026-04-21 17:34:47
2026-04-21 17:34:47,958 - INFO - 当前价格: 4784.5
2026-04-21 17:34:47,958 - INFO - 上次打印时间: 2026-04-21 17:31:22
2026-04-21 17:34:47,958 - INFO - 上次打印价格: 4783.67
2026-04-21 17:34:47,958 - INFO - 当前价格: 4784.5
2026-04-21 17:34:49,184 - INFO - 飞书消息发送成功: 打印调试
2026-04-21 17:34:49,184 - INFO - ============================================================

2026-04-21 17:36:30,724 - INFO - 
============================================================
2026-04-21 17:36:30,724 - INFO - 触发原因: 打印调试
2026-04-21 17:36:30,724 - INFO - 当前时间: 2026-04-21 17:36:30
2026-04-21 17:36:30,724 - INFO - 数据时间: 2026-04-21 17:36:30
2026-04-21 17:36:30,724 - INFO - 当前价格: 4785.55
2026-04-21 17:36:30,725 - INFO - 上次打印时间: 2026-04-21 17:31:22
2026-04-21 17:36:30,725 - INFO - 上次打印价格: 4783.67
2026-04-21 17:36:30,725 - INFO - 当前价格: 4785.55
2026-04-21 17:36:31,938 - INFO - 飞书消息发送成功: 打印调试
2026-04-21 17:36:31,938 - INFO - ============================================================

2026-04-21 17:38:13,223 - INFO - 
============================================================
2026-04-21 17:38:13,223 - INFO - 触发原因: 打印调试
2026-04-21 17:38:13,223 - INFO - 当前时间: 2026-04-21 17:38:13
2026-04-21 17:38:13,223 - INFO - 数据时间: 2026-04-21 17:38:10
2026-04-21 17:38:13,224 - INFO - 当前价格: 4783.78
2026-04-21 17:38:13,224 - INFO - 上次打印时间: 2026-04-21 17:31:22
2026-04-21 17:38:13,224 - INFO - 上次打印价格: 4783.67
2026-04-21 17:38:13,224 - INFO - 当前价格: 4783.78
2026-04-21 17:38:14,394 - INFO - 飞书消息发送成功: 打印调试
2026-04-21 17:38:14,395 - INFO - ============================================================

2026-04-21 17:39:55,568 - INFO - 
============================================================
2026-04-21 17:39:55,568 - INFO - 触发原因: 打印调试
2026-04-21 17:39:55,569 - INFO - 当前时间: 2026-04-21 17:39:55
2026-04-21 17:39:55,569 - INFO - 数据时间: 2026-04-21 17:39:52
2026-04-21 17:39:55,569 - INFO - 当前价格: 4783.9
2026-04-21 17:39:55,569 - INFO - 上次打印时间: 2026-04-21 17:31:22
2026-04-21 17:39:55,569 - INFO - 上次打印价格: 4783.67
2026-04-21 17:39:55,569 - INFO - 当前价格: 4783.9
2026-04-21 17:39:56,648 - INFO - 飞书消息发送成功: 打印调试
2026-04-21 17:39:56,649 - INFO - ============================================================

2026-04-21 17:41:38,879 - INFO - 
============================================================
2026-04-21 17:41:38,880 - INFO - 触发原因: 打印调试
2026-04-21 17:41:38,880 - INFO - 当前时间: 2026-04-21 17:41:38
2026-04-21 17:41:38,880 - INFO - 数据时间: 2026-04-21 17:41:38
2026-04-21 17:41:38,880 - INFO - 当前价格: 4785.4
2026-04-21 17:41:38,880 - INFO - 上次打印时间: 2026-04-21 17:31:22
2026-04-21 17:41:38,880 - INFO - 上次打印价格: 4783.67
2026-04-21 17:41:38,880 - INFO - 当前价格: 4785.4
2026-04-21 17:41:39,958 - INFO - 飞书消息发送成功: 打印调试
2026-04-21 17:41:39,958 - INFO - ============================================================

2026-04-21 17:41:39,958 - INFO - 
============================================================
2026-04-21 17:41:39,958 - INFO - 触发原因: 10分钟定时打印
2026-04-21 17:41:39,958 - INFO - 当前时间: 2026-04-21 17:41:39
2026-04-21 17:41:39,958 - INFO - 数据时间: 2026-04-21 17:41:38
2026-04-21 17:41:39,959 - INFO - 当前价格: 4785.4
2026-04-21 17:41:39,959 - INFO - 上次打印时间: 2026-04-21 17:31:22
2026-04-21 17:41:39,959 - INFO - 上次打印价格: 4783.67
2026-04-21 17:41:39,959 - INFO - 当前价格: 4785.4
2026-04-21 17:41:40,903 - INFO - 飞书消息发送成功: 10分钟定时打印
2026-04-21 17:41:40,904 - INFO - Content-Type: multipart/mixed; boundary="===============2053461795539611407=="
MIME-Version: 1.0
Subject: =?utf-8?b?6buE6YeR5Lu35qC85o+Q6YaSIC0gMTDliIbpkp/lrprml7bmiZPljbAs5b2T5YmN5Lu35qC8NDc4NS40?=
From: 2741023538@qq.com
To: 2741023538@qq.com

--===============2053461795539611407==
Content-Type: text/plain; charset="utf-8"
MIME-Version: 1.0
Content-Transfer-Encoding: base64

CiAgICAgICAgICAgIOm7hOmHkeS7t+agvOebkeaOp+aPkOmGkgogICAgICAgICAgICDop6blj5Hl
jp/lm6A6IDEw5YiG6ZKf5a6a5pe25omT5Y2wCiAgICAgICAgICAgIOW9k+WJjeaXtumXtDogMjAy
Ni0wNC0yMSAxNzo0MTozOQogICAgICAgICAgICDmlbDmja7ml7bpl7Q6IDIwMjYtMDQtMjEgMTc6
NDE6MzgKICAgICAgICAgICAg5b2T5YmN5Lu35qC8OiA0Nzg1LjQKICAgICAgICAgICAg5bey6Kem
5Y+R55uu5qCHOiBbNDg4MCwgNDkwMCwgNDgwMF0KCiAgICAgICAgICAgIOS4iuasoeaJk+WNsOaX
tumXtDogMjAyNi0wNC0yMSAxNzo0MTozOQogICAgICAgICAgICDkuIrmrKHmiZPljbDku7fmoLw6
IDQ3ODUuNCAg5b2T5YmN5Lu35qC8OiA0Nzg1LjQKICAgICAgICAgICAg

--===============2053461795539611407==--

2026-04-21 17:41:42,135 - INFO - send email success
2026-04-21 17:41:42,136 - INFO - ============================================================

2026-04-21 17:43:23,470 - INFO - 
============================================================
2026-04-21 17:43:23,470 - INFO - 触发原因: 打印调试
2026-04-21 17:43:23,470 - INFO - 当前时间: 2026-04-21 17:43:23
2026-04-21 17:43:23,470 - INFO - 数据时间: 2026-04-21 17:43:22
2026-04-21 17:43:23,470 - INFO - 当前价格: 4786.79
2026-04-21 17:43:23,470 - INFO - 上次打印时间: 2026-04-21 17:41:39
2026-04-21 17:43:23,470 - INFO - 上次打印价格: 4785.4
2026-04-21 17:43:23,471 - INFO - 当前价格: 4786.79
2026-04-21 17:43:24,549 - INFO - 飞书消息发送成功: 打印调试
2026-04-21 17:43:24,550 - INFO - ============================================================

2026-04-21 17:45:05,687 - INFO - 
============================================================
2026-04-21 17:45:05,688 - INFO - 触发原因: 打印调试
2026-04-21 17:45:05,688 - INFO - 当前时间: 2026-04-21 17:45:05
2026-04-21 17:45:05,688 - INFO - 数据时间: 2026-04-21 17:45:04
2026-04-21 17:45:05,688 - INFO - 当前价格: 4788.01
2026-04-21 17:45:05,688 - INFO - 上次打印时间: 2026-04-21 17:41:39
2026-04-21 17:45:05,688 - INFO - 上次打印价格: 4785.4
2026-04-21 17:45:05,689 - INFO - 当前价格: 4788.01
2026-04-21 17:45:06,932 - INFO - 飞书消息发送成功: 打印调试
2026-04-21 17:45:06,932 - INFO - ============================================================

2026-04-21 17:46:48,077 - INFO - 
============================================================
2026-04-21 17:46:48,077 - INFO - 触发原因: 打印调试
2026-04-21 17:46:48,077 - INFO - 当前时间: 2026-04-21 17:46:48
2026-04-21 17:46:48,077 - INFO - 数据时间: 2026-04-21 17:46:47
2026-04-21 17:46:48,078 - INFO - 当前价格: 4786.14
2026-04-21 17:46:48,078 - INFO - 上次打印时间: 2026-04-21 17:41:39
2026-04-21 17:46:48,078 - INFO - 上次打印价格: 4785.4
2026-04-21 17:46:48,078 - INFO - 当前价格: 4786.14
2026-04-21 17:46:49,157 - INFO - 飞书消息发送成功: 打印调试
2026-04-21 17:46:49,157 - INFO - ============================================================

2026-04-21 17:48:30,242 - INFO - 
============================================================
2026-04-21 17:48:30,242 - INFO - 触发原因: 打印调试
2026-04-21 17:48:30,243 - INFO - 当前时间: 2026-04-21 17:48:30
2026-04-21 17:48:30,243 - INFO - 数据时间: 2026-04-21 17:48:27
2026-04-21 17:48:30,243 - INFO - 当前价格: 4783.96
2026-04-21 17:48:30,243 - INFO - 上次打印时间: 2026-04-21 17:41:39
2026-04-21 17:48:30,243 - INFO - 上次打印价格: 4785.4
2026-04-21 17:48:30,244 - INFO - 当前价格: 4783.96
2026-04-21 17:48:31,426 - INFO - 飞书消息发送成功: 打印调试
2026-04-21 17:48:31,426 - INFO - ============================================================

2026-04-21 17:50:12,719 - INFO - 
============================================================
2026-04-21 17:50:12,719 - INFO - 触发原因: 打印调试
2026-04-21 17:50:12,720 - INFO - 当前时间: 2026-04-21 17:50:12
2026-04-21 17:50:12,720 - INFO - 数据时间: 2026-04-21 17:50:12
2026-04-21 17:50:12,720 - INFO - 当前价格: 4784.77
2026-04-21 17:50:12,720 - INFO - 上次打印时间: 2026-04-21 17:41:39
2026-04-21 17:50:12,721 - INFO - 上次打印价格: 4785.4
2026-04-21 17:50:12,721 - INFO - 当前价格: 4784.77
2026-04-21 17:50:13,777 - INFO - 飞书消息发送成功: 打印调试
2026-04-21 17:50:13,778 - INFO - ============================================================

2026-04-21 17:51:55,066 - INFO - 
============================================================
2026-04-21 17:51:55,066 - INFO - 触发原因: 打印调试
2026-04-21 17:51:55,067 - INFO - 当前时间: 2026-04-21 17:51:55
2026-04-21 17:51:55,067 - INFO - 数据时间: 2026-04-21 17:51:54
2026-04-21 17:51:55,067 - INFO - 当前价格: 4786.65
2026-04-21 17:51:55,067 - INFO - 上次打印时间: 2026-04-21 17:41:39
2026-04-21 17:51:55,068 - INFO - 上次打印价格: 4785.4
2026-04-21 17:51:55,068 - INFO - 当前价格: 4786.65
2026-04-21 17:51:56,204 - INFO - 飞书消息发送成功: 打印调试
2026-04-21 17:51:56,205 - INFO - ============================================================

2026-04-21 17:51:56,205 - INFO - 
============================================================
2026-04-21 17:51:56,205 - INFO - 触发原因: 10分钟定时打印
2026-04-21 17:51:56,205 - INFO - 当前时间: 2026-04-21 17:51:56
2026-04-21 17:51:56,205 - INFO - 数据时间: 2026-04-21 17:51:54
2026-04-21 17:51:56,205 - INFO - 当前价格: 4786.65
2026-04-21 17:51:56,206 - INFO - 上次打印时间: 2026-04-21 17:41:39
2026-04-21 17:51:56,206 - INFO - 上次打印价格: 4785.4
2026-04-21 17:51:56,206 - INFO - 当前价格: 4786.65
2026-04-21 17:51:57,216 - INFO - 飞书消息发送成功: 10分钟定时打印
2026-04-21 17:51:57,217 - INFO - Content-Type: multipart/mixed; boundary="===============6487933196755803695=="
MIME-Version: 1.0
Subject: =?utf-8?b?6buE6YeR5Lu35qC85o+Q6YaSIC0gMTDliIbpkp/lrprml7bmiZPljbAs5b2T5YmN5Lu35qC8NDc4Ni42NQ==?=
From: 2741023538@qq.com
To: 2741023538@qq.com

--===============6487933196755803695==
Content-Type: text/plain; charset="utf-8"
MIME-Version: 1.0
Content-Transfer-Encoding: base64

CiAgICAgICAgICAgIOm7hOmHkeS7t+agvOebkeaOp+aPkOmGkgogICAgICAgICAgICDop6blj5Hl
jp/lm6A6IDEw5YiG6ZKf5a6a5pe25omT5Y2wCiAgICAgICAgICAgIOW9k+WJjeaXtumXtDogMjAy
Ni0wNC0yMSAxNzo1MTo1NgogICAgICAgICAgICDmlbDmja7ml7bpl7Q6IDIwMjYtMDQtMjEgMTc6
NTE6NTQKICAgICAgICAgICAg5b2T5YmN5Lu35qC8OiA0Nzg2LjY1CiAgICAgICAgICAgIOW3suin
puWPkeebruaghzogWzQ4ODAsIDQ5MDAsIDQ4MDBdCgogICAgICAgICAgICDkuIrmrKHmiZPljbDm
l7bpl7Q6IDIwMjYtMDQtMjEgMTc6NTE6NTYKICAgICAgICAgICAg5LiK5qyh5omT5Y2w5Lu35qC8
OiA0Nzg2LjY1ICDlvZPliY3ku7fmoLw6IDQ3ODYuNjUKICAgICAgICAgICAg

--===============6487933196755803695==--

2026-04-21 17:51:58,353 - INFO - send email success
2026-04-21 17:51:58,354 - INFO - ============================================================

2026-04-21 17:53:39,324 - INFO - 
============================================================
2026-04-21 17:53:39,324 - INFO - 触发原因: 打印调试
2026-04-21 17:53:39,324 - INFO - 当前时间: 2026-04-21 17:53:39
2026-04-21 17:53:39,325 - INFO - 数据时间: 2026-04-21 17:53:38
2026-04-21 17:53:39,325 - INFO - 当前价格: 4787.36
2026-04-21 17:53:39,325 - INFO - 上次打印时间: 2026-04-21 17:51:56
2026-04-21 17:53:39,325 - INFO - 上次打印价格: 4786.65
2026-04-21 17:53:39,325 - INFO - 当前价格: 4787.36
2026-04-21 17:53:40,565 - INFO - 飞书消息发送成功: 打印调试
2026-04-21 17:53:40,565 - INFO - ============================================================

2026-04-21 17:55:21,534 - INFO - 
============================================================
2026-04-21 17:55:21,534 - INFO - 触发原因: 打印调试
2026-04-21 17:55:21,535 - INFO - 当前时间: 2026-04-21 17:55:21
2026-04-21 17:55:21,535 - INFO - 数据时间: 2026-04-21 17:55:21
2026-04-21 17:55:21,535 - INFO - 当前价格: 4788.74
2026-04-21 17:55:21,535 - INFO - 上次打印时间: 2026-04-21 17:51:56
2026-04-21 17:55:21,536 - INFO - 上次打印价格: 4786.65
2026-04-21 17:55:21,537 - INFO - 当前价格: 4788.74
2026-04-21 17:55:22,868 - INFO - 飞书消息发送成功: 打印调试
2026-04-21 17:55:22,871 - INFO - ============================================================

2026-04-21 17:57:04,155 - INFO - 
============================================================
2026-04-21 17:57:04,156 - INFO - 触发原因: 打印调试
2026-04-21 17:57:04,157 - INFO - 当前时间: 2026-04-21 17:57:04
2026-04-21 17:57:04,157 - INFO - 数据时间: 2026-04-21 17:57:03
2026-04-21 17:57:04,157 - INFO - 当前价格: 4788.12
2026-04-21 17:57:04,157 - INFO - 上次打印时间: 2026-04-21 17:51:56
2026-04-21 17:57:04,157 - INFO - 上次打印价格: 4786.65
2026-04-21 17:57:04,158 - INFO - 当前价格: 4788.12
2026-04-21 17:57:05,916 - INFO - 飞书消息发送成功: 打印调试
2026-04-21 17:57:05,918 - INFO - ============================================================

2026-04-21 17:58:48,104 - INFO - 
============================================================
2026-04-21 17:58:48,105 - INFO - 触发原因: 打印调试
2026-04-21 17:58:48,105 - INFO - 当前时间: 2026-04-21 17:58:48
2026-04-21 17:58:48,105 - INFO - 数据时间: 2026-04-21 17:58:47
2026-04-21 17:58:48,105 - INFO - 当前价格: 4784.67
2026-04-21 17:58:48,106 - INFO - 上次打印时间: 2026-04-21 17:51:56
2026-04-21 17:58:48,106 - INFO - 上次打印价格: 4786.65
2026-04-21 17:58:48,106 - INFO - 当前价格: 4784.67
2026-04-21 17:58:49,423 - INFO - 飞书消息发送成功: 打印调试
2026-04-21 17:58:49,424 - INFO - ============================================================

2026-04-21 17:59:30,780 - INFO - 收到原始消息: b'{"schema":"2.0","header":{"event_id":"58a1d7cbcbf945aa3f8a72ff4f62792e","token":"","create_time":"1776765570508","event_type":"im.message.receive_v1","tenant_key":"13d86554278f175e","app_id":"cli_a93f179d7461dceb"},"event":{"message":{"chat_id":"oc_7c4248a35ee522bd95944906a292fa7d","chat_type":"p2p","content":"{\\"text\\":\\"\xe4\xbb\xb7\xe6\xa0\xbc\\"}","create_time":"1776765570039","message_id":"om_x100b5140e6d04cacb351ea0355ccddf","message_type":"text","update_time":"1776765570039","user_agent":"Mozilla/5.0 (Linux; Android 16; SM-F9460 Build/BP2A.250605.031.A3; wv) AppleWebKit/537.36 (KHTML, like Gecko) Version/4.0 Chrome/132.0.6834.152 Mobile Safari/537.36 Lark/7.66.6 LarkLocale/zh_CN ChannelName/Feishu appid/1161; appname/Feishu; ttnet SDK-Version/7.66.8"},"sender":{"sender_id":{"open_id":"ou_d9fbb310298e41c201adf21a827f7437","union_id":"on_42b2d290e182cb48e286733f752f3cf3","user_id":"eb3fe22a"},"sender_type":"user","tenant_key":"13d86554278f175e"}}}'
2026-04-21 17:59:30,780 - INFO - 收到消息: 价格 来自: ou_d9fbb310298e41c201adf21a827f7437
2026-04-21 17:59:33,968 - INFO - 飞书消息发送成功: 用户消息回复
2026-04-21 18:00:26,137 - INFO - 收到原始消息: b'{"schema":"2.0","header":{"event_id":"42a31b0abbedf5d02f39b9bfa08a072a","token":"","create_time":"1776765625952","event_type":"im.message.receive_v1","tenant_key":"13d86554278f175e","app_id":"cli_a93f179d7461dceb"},"event":{"message":{"chat_id":"oc_7c4248a35ee522bd95944906a292fa7d","chat_type":"p2p","content":"{\\"text\\":\\"\xe4\xbb\xb7\xe6\xa0\xbc\\"}","create_time":"1776765625428","message_id":"om_x100b5140e559893cb360165463962f7","message_type":"text","update_time":"1776765625428","user_agent":"Mozilla/5.0 (Linux; Android 16; SM-F9460 Build/BP2A.250605.031.A3; wv) AppleWebKit/537.36 (KHTML, like Gecko) Version/4.0 Chrome/132.0.6834.152 Mobile Safari/537.36 Lark/7.66.6 LarkLocale/zh_CN ChannelName/Feishu appid/1161; appname/Feishu; ttnet SDK-Version/7.66.8"},"sender":{"sender_id":{"open_id":"ou_d9fbb310298e41c201adf21a827f7437","union_id":"on_42b2d290e182cb48e286733f752f3cf3","user_id":"eb3fe22a"},"sender_type":"user","tenant_key":"13d86554278f175e"}}}'
2026-04-21 18:00:26,138 - INFO - 收到消息: 价格 来自: ou_d9fbb310298e41c201adf21a827f7437
2026-04-21 18:00:29,795 - INFO - 飞书消息发送成功: 用户消息回复
2026-04-21 18:00:31,976 - WARNING - API请求失败，状态码: 429
2026-04-21 18:00:31,977 - WARNING - 获取价格失败，等待60秒后重试...
2026-04-21 18:03:13,829 - INFO - 
============================================================
2026-04-21 18:03:13,830 - INFO - 触发原因: 打印调试
2026-04-21 18:03:13,830 - INFO - 当前时间: 2026-04-21 18:03:13
2026-04-21 18:03:13,830 - INFO - 数据时间: 2026-04-21 18:03:13
2026-04-21 18:03:13,830 - INFO - 当前价格: 4784.87
2026-04-21 18:03:13,831 - INFO - 上次打印时间: 2026-04-21 17:51:56
2026-04-21 18:03:13,831 - INFO - 上次打印价格: 4786.65
2026-04-21 18:03:13,831 - INFO - 当前价格: 4784.87
2026-04-21 18:03:15,699 - ERROR - 飞书消息发送失败, code: 2200, msg: Internal Error, log_id: 20260421180314BD622D3B68283FF72992
2026-04-21 18:03:15,700 - INFO - ============================================================

2026-04-21 18:03:15,701 - INFO - 
============================================================
2026-04-21 18:03:15,701 - INFO - 触发原因: 10分钟定时打印
2026-04-21 18:03:15,701 - INFO - 当前时间: 2026-04-21 18:03:15
2026-04-21 18:03:15,701 - INFO - 数据时间: 2026-04-21 18:03:13
2026-04-21 18:03:15,701 - INFO - 当前价格: 4784.87
2026-04-21 18:03:15,702 - INFO - 上次打印时间: 2026-04-21 17:51:56
2026-04-21 18:03:15,702 - INFO - 上次打印价格: 4786.65
2026-04-21 18:03:15,702 - INFO - 当前价格: 4784.87
2026-04-21 18:03:17,301 - INFO - 飞书消息发送成功: 10分钟定时打印
2026-04-21 18:03:17,302 - INFO - Content-Type: multipart/mixed; boundary="===============8296620608147468233=="
MIME-Version: 1.0
Subject: =?utf-8?b?6buE6YeR5Lu35qC85o+Q6YaSIC0gMTDliIbpkp/lrprml7bmiZPljbAs5b2T5YmN5Lu35qC8NDc4NC44Nw==?=
From: 2741023538@qq.com
To: 2741023538@qq.com

--===============8296620608147468233==
Content-Type: text/plain; charset="utf-8"
MIME-Version: 1.0
Content-Transfer-Encoding: base64

CiAgICAgICAgICAgIOm7hOmHkeS7t+agvOebkeaOp+aPkOmGkgogICAgICAgICAgICDop6blj5Hl
jp/lm6A6IDEw5YiG6ZKf5a6a5pe25omT5Y2wCiAgICAgICAgICAgIOW9k+WJjeaXtumXtDogMjAy
Ni0wNC0yMSAxODowMzoxNQogICAgICAgICAgICDmlbDmja7ml7bpl7Q6IDIwMjYtMDQtMjEgMTg6
MDM6MTMKICAgICAgICAgICAg5b2T5YmN5Lu35qC8OiA0Nzg0Ljg3CiAgICAgICAgICAgIOW3suin
puWPkeebruaghzogWzQ4ODAsIDQ5MDAsIDQ4MDBdCgogICAgICAgICAgICDkuIrmrKHmiZPljbDm
l7bpl7Q6IDIwMjYtMDQtMjEgMTg6MDM6MTUKICAgICAgICAgICAg5LiK5qyh5omT5Y2w5Lu35qC8
OiA0Nzg0Ljg3ICDlvZPliY3ku7fmoLw6IDQ3ODQuODcKICAgICAgICAgICAg

--===============8296620608147468233==--

2026-04-21 18:03:30,027 - ERROR - send email error: Connection unexpectedly closed
2026-04-21 18:03:30,268 - ERROR - 监控异常: [WinError 10054] 远程主机强迫关闭了一个现有的连接。
2026-04-21 18:05:15,632 - ERROR - 请求异常: ('Connection aborted.', ConnectionResetError(10054, '远程主机强迫关闭了一个现有的连接。', None, 10054, None))
2026-04-21 18:05:15,632 - WARNING - 获取价格失败，等待60秒后重试...
2026-04-21 18:07:56,026 - ERROR - 请求异常: ('Connection aborted.', ConnectionResetError(10054, '远程主机强迫关闭了一个现有的连接。', None, 10054, None))
2026-04-21 18:07:56,026 - WARNING - 获取价格失败，等待60秒后重试...
2026-04-21 18:10:57,403 - ERROR - 请求异常: ('Connection aborted.', ConnectionResetError(10054, '远程主机强迫关闭了一个现有的连接。', None, 10054, None))
2026-04-21 18:10:57,404 - WARNING - 获取价格失败，等待60秒后重试...
2026-04-21 18:14:19,478 - ERROR - 请求异常: HTTPSConnectionPool(host='quote.alltick.io', port=443): Max retries exceeded with url: /quote-b-api/trade-tick?token=2e0c12a0e16378735270797482154edd-c-app&query=%7B%22trace%22%3A+%22gold_monitor_tick%22%2C+%22data%22%3A+%7B%22symbol_list%22%3A+%5B%7B%22code%22%3A+%22GOLD%22%7D%5D%7D%7D (Caused by ConnectTimeoutError(<HTTPSConnection(host='quote.alltick.io', port=443) at 0x15d7137ce10>, 'Connection to quote.alltick.io timed out. (connect timeout=None)'))
2026-04-21 18:14:19,478 - WARNING - 获取价格失败，等待60秒后重试...
2026-04-21 18:16:59,915 - ERROR - 请求异常: ('Connection aborted.', ConnectionResetError(10054, '远程主机强迫关闭了一个现有的连接。', None, 10054, None))
2026-04-21 18:16:59,916 - WARNING - 获取价格失败，等待60秒后重试...
2026-04-21 18:19:40,338 - ERROR - 请求异常: ('Connection aborted.', ConnectionResetError(10054, '远程主机强迫关闭了一个现有的连接。', None, 10054, None))
2026-04-21 18:19:40,338 - WARNING - 获取价格失败，等待60秒后重试...
2026-04-21 18:22:20,693 - ERROR - 请求异常: ('Connection aborted.', ConnectionResetError(10054, '远程主机强迫关闭了一个现有的连接。', None, 10054, None))
2026-04-21 18:22:20,693 - WARNING - 获取价格失败，等待60秒后重试...
2026-04-21 18:25:01,073 - ERROR - 请求异常: ('Connection aborted.', ConnectionResetError(10054, '远程主机强迫关闭了一个现有的连接。', None, 10054, None))
2026-04-21 18:25:01,073 - WARNING - 获取价格失败，等待60秒后重试...
2026-04-21 18:27:41,443 - ERROR - 请求异常: ('Connection aborted.', ConnectionResetError(10054, '远程主机强迫关闭了一个现有的连接。', None, 10054, None))
2026-04-21 18:27:41,443 - WARNING - 获取价格失败，等待60秒后重试...
2026-04-21 18:30:21,818 - ERROR - 请求异常: ('Connection aborted.', ConnectionResetError(10054, '远程主机强迫关闭了一个现有的连接。', None, 10054, None))
2026-04-21 18:30:21,818 - WARNING - 获取价格失败，等待60秒后重试...
2026-04-21 18:33:02,179 - ERROR - 请求异常: ('Connection aborted.', ConnectionResetError(10054, '远程主机强迫关闭了一个现有的连接。', None, 10054, None))
2026-04-21 18:33:02,180 - WARNING - 获取价格失败，等待60秒后重试...
2026-04-21 18:36:03,551 - ERROR - 请求异常: ('Connection aborted.', ConnectionResetError(10054, '远程主机强迫关闭了一个现有的连接。', None, 10054, None))
2026-04-21 18:36:03,551 - WARNING - 获取价格失败，等待60秒后重试...
2026-04-21 18:39:04,967 - ERROR - 请求异常: ('Connection aborted.', ConnectionResetError(10054, '远程主机强迫关闭了一个现有的连接。', None, 10054, None))
2026-04-21 18:39:04,967 - WARNING - 获取价格失败，等待60秒后重试...
2026-04-21 18:41:45,417 - ERROR - 请求异常: ('Connection aborted.', ConnectionResetError(10054, '远程主机强迫关闭了一个现有的连接。', None, 10054, None))
2026-04-21 18:41:45,418 - WARNING - 获取价格失败，等待60秒后重试...
2026-04-21 18:44:25,788 - ERROR - 请求异常: ('Connection aborted.', ConnectionResetError(10054, '远程主机强迫关闭了一个现有的连接。', None, 10054, None))
2026-04-21 18:44:25,788 - WARNING - 获取价格失败，等待60秒后重试...
2026-04-21 18:47:06,134 - ERROR - 请求异常: ('Connection aborted.', ConnectionResetError(10054, '远程主机强迫关闭了一个现有的连接。', None, 10054, None))
2026-04-21 18:47:06,135 - WARNING - 获取价格失败，等待60秒后重试...
2026-04-21 18:50:07,525 - ERROR - 请求异常: ('Connection aborted.', ConnectionResetError(10054, '远程主机强迫关闭了一个现有的连接。', None, 10054, None))
2026-04-21 18:50:07,525 - WARNING - 获取价格失败，等待60秒后重试...
2026-04-21 18:52:52,858 - ERROR - 请求异常: ('Connection aborted.', ConnectionResetError(10054, '远程主机强迫关闭了一个现有的连接。', None, 10054, None))
2026-04-21 18:52:52,859 - WARNING - 获取价格失败，等待60秒后重试...
2026-04-21 18:55:34,483 - INFO - 
============================================================
2026-04-21 18:55:34,483 - INFO - 触发原因: 打印调试
2026-04-21 18:55:34,483 - INFO - 当前时间: 2026-04-21 18:55:34
2026-04-21 18:55:34,483 - INFO - 数据时间: 2026-04-21 18:55:34
2026-04-21 18:55:34,484 - INFO - 当前价格: 4789.91
2026-04-21 18:55:34,484 - INFO - 上次打印时间: 2026-04-21 18:03:15
2026-04-21 18:55:34,484 - INFO - 上次打印价格: 4784.87
2026-04-21 18:55:34,484 - INFO - 当前价格: 4789.91
2026-04-21 18:55:36,504 - INFO - 飞书消息发送成功: 打印调试
2026-04-21 18:55:36,504 - INFO - ============================================================

2026-04-21 18:55:36,505 - INFO - 
============================================================
2026-04-21 18:55:36,505 - INFO - 触发原因: 10分钟定时打印
2026-04-21 18:55:36,505 - INFO - 当前时间: 2026-04-21 18:55:36
2026-04-21 18:55:36,505 - INFO - 数据时间: 2026-04-21 18:55:34
2026-04-21 18:55:36,505 - INFO - 当前价格: 4789.91
2026-04-21 18:55:36,505 - INFO - 上次打印时间: 2026-04-21 18:03:15
2026-04-21 18:55:36,505 - INFO - 上次打印价格: 4784.87
2026-04-21 18:55:36,505 - INFO - 当前价格: 4789.91
2026-04-21 18:55:37,546 - INFO - 飞书消息发送成功: 10分钟定时打印
2026-04-21 18:55:37,547 - INFO - Content-Type: multipart/mixed; boundary="===============6947368173234729191=="
MIME-Version: 1.0
Subject: =?utf-8?b?6buE6YeR5Lu35qC85o+Q6YaSIC0gMTDliIbpkp/lrprml7bmiZPljbAs5b2T5YmN5Lu35qC8NDc4OS45MQ==?=
From: 2741023538@qq.com
To: 2741023538@qq.com

--===============6947368173234729191==
Content-Type: text/plain; charset="utf-8"
MIME-Version: 1.0
Content-Transfer-Encoding: base64

CiAgICAgICAgICAgIOm7hOmHkeS7t+agvOebkeaOp+aPkOmGkgogICAgICAgICAgICDop6blj5Hl
jp/lm6A6IDEw5YiG6ZKf5a6a5pe25omT5Y2wCiAgICAgICAgICAgIOW9k+WJjeaXtumXtDogMjAy
Ni0wNC0yMSAxODo1NTozNgogICAgICAgICAgICDmlbDmja7ml7bpl7Q6IDIwMjYtMDQtMjEgMTg6
NTU6MzQKICAgICAgICAgICAg5b2T5YmN5Lu35qC8OiA0Nzg5LjkxCiAgICAgICAgICAgIOW3suin
puWPkeebruaghzogWzQ4ODAsIDQ5MDAsIDQ4MDBdCgogICAgICAgICAgICDkuIrmrKHmiZPljbDm
l7bpl7Q6IDIwMjYtMDQtMjEgMTg6NTU6MzYKICAgICAgICAgICAg5LiK5qyh5omT5Y2w5Lu35qC8
OiA0Nzg5LjkxICDlvZPliY3ku7fmoLw6IDQ3ODkuOTEKICAgICAgICAgICAg

--===============6947368173234729191==--

2026-04-21 18:55:38,862 - INFO - send email success
2026-04-21 18:55:38,862 - INFO - ============================================================

2026-04-21 18:57:21,388 - INFO - 
============================================================
2026-04-21 18:57:21,388 - INFO - 触发原因: 打印调试
2026-04-21 18:57:21,388 - INFO - 当前时间: 2026-04-21 18:57:21
2026-04-21 18:57:21,389 - INFO - 数据时间: 2026-04-21 18:57:19
2026-04-21 18:57:21,389 - INFO - 当前价格: 4788.98
2026-04-21 18:57:21,389 - INFO - 上次打印时间: 2026-04-21 18:55:36
2026-04-21 18:57:21,389 - INFO - 上次打印价格: 4789.91
2026-04-21 18:57:21,389 - INFO - 当前价格: 4788.98
2026-04-21 18:57:22,435 - INFO - 飞书消息发送成功: 打印调试
2026-04-21 18:57:22,436 - INFO - ============================================================

2026-04-21 18:59:06,844 - INFO - 
============================================================
2026-04-21 18:59:06,844 - INFO - 触发原因: 打印调试
2026-04-21 18:59:06,845 - INFO - 当前时间: 2026-04-21 18:59:06
2026-04-21 18:59:06,845 - INFO - 数据时间: 2026-04-21 18:59:03
2026-04-21 18:59:06,845 - INFO - 当前价格: 4789.25
2026-04-21 18:59:06,845 - INFO - 上次打印时间: 2026-04-21 18:55:36
2026-04-21 18:59:06,845 - INFO - 上次打印价格: 4789.91
2026-04-21 18:59:06,845 - INFO - 当前价格: 4789.25
2026-04-21 18:59:07,905 - INFO - 飞书消息发送成功: 打印调试
2026-04-21 18:59:07,906 - INFO - ============================================================

2026-04-21 19:00:48,828 - INFO - 
============================================================
2026-04-21 19:00:48,828 - INFO - 触发原因: 打印调试
2026-04-21 19:00:48,829 - INFO - 当前时间: 2026-04-21 19:00:48
2026-04-21 19:00:48,829 - INFO - 数据时间: 2026-04-21 19:00:47
2026-04-21 19:00:48,829 - INFO - 当前价格: 4789.72
2026-04-21 19:00:48,830 - INFO - 上次打印时间: 2026-04-21 18:55:36
2026-04-21 19:00:48,830 - INFO - 上次打印价格: 4789.91
2026-04-21 19:00:48,830 - INFO - 当前价格: 4789.72
2026-04-21 19:00:50,004 - INFO - 飞书消息发送成功: 打印调试
2026-04-21 19:00:50,004 - INFO - ============================================================

2026-04-21 19:02:30,876 - INFO - 
============================================================
2026-04-21 19:02:30,877 - INFO - 触发原因: 打印调试
2026-04-21 19:02:30,877 - INFO - 当前时间: 2026-04-21 19:02:30
2026-04-21 19:02:30,877 - INFO - 数据时间: 2026-04-21 19:02:29
2026-04-21 19:02:30,877 - INFO - 当前价格: 4788.41
2026-04-21 19:02:30,877 - INFO - 上次打印时间: 2026-04-21 18:55:36
2026-04-21 19:02:30,877 - INFO - 上次打印价格: 4789.91
2026-04-21 19:02:30,878 - INFO - 当前价格: 4788.41
2026-04-21 19:02:32,047 - INFO - 飞书消息发送成功: 打印调试
2026-04-21 19:02:32,047 - INFO - ============================================================

2026-04-21 19:04:13,643 - INFO - 
============================================================
2026-04-21 19:04:13,643 - INFO - 触发原因: 打印调试
2026-04-21 19:04:13,643 - INFO - 当前时间: 2026-04-21 19:04:13
2026-04-21 19:04:13,644 - INFO - 数据时间: 2026-04-21 19:04:13
2026-04-21 19:04:13,644 - INFO - 当前价格: 4787.36
2026-04-21 19:04:13,644 - INFO - 上次打印时间: 2026-04-21 18:55:36
2026-04-21 19:04:13,644 - INFO - 上次打印价格: 4789.91
2026-04-21 19:04:13,644 - INFO - 当前价格: 4787.36
2026-04-21 19:04:14,937 - INFO - 飞书消息发送成功: 打印调试
2026-04-21 19:04:14,938 - INFO - ============================================================

2026-04-21 19:05:56,955 - INFO - 
============================================================
2026-04-21 19:05:56,955 - INFO - 触发原因: 打印调试
2026-04-21 19:05:56,955 - INFO - 当前时间: 2026-04-21 19:05:56
2026-04-21 19:05:56,956 - INFO - 数据时间: 2026-04-21 19:05:55
2026-04-21 19:05:56,956 - INFO - 当前价格: 4788.33
2026-04-21 19:05:56,956 - INFO - 上次打印时间: 2026-04-21 18:55:36
2026-04-21 19:05:56,956 - INFO - 上次打印价格: 4789.91
2026-04-21 19:05:56,956 - INFO - 当前价格: 4788.33
2026-04-21 19:05:58,166 - INFO - 飞书消息发送成功: 打印调试
2026-04-21 19:05:58,166 - INFO - ============================================================

2026-04-21 19:05:58,166 - INFO - 
============================================================
2026-04-21 19:05:58,167 - INFO - 触发原因: 10分钟定时打印
2026-04-21 19:05:58,167 - INFO - 当前时间: 2026-04-21 19:05:58
2026-04-21 19:05:58,167 - INFO - 数据时间: 2026-04-21 19:05:55
2026-04-21 19:05:58,167 - INFO - 当前价格: 4788.33
2026-04-21 19:05:58,167 - INFO - 上次打印时间: 2026-04-21 18:55:36
2026-04-21 19:05:58,168 - INFO - 上次打印价格: 4789.91
2026-04-21 19:05:58,168 - INFO - 当前价格: 4788.33
2026-04-21 19:05:59,314 - INFO - 飞书消息发送成功: 10分钟定时打印
2026-04-21 19:05:59,316 - INFO - Content-Type: multipart/mixed; boundary="===============1892201175873666132=="
MIME-Version: 1.0
Subject: =?utf-8?b?6buE6YeR5Lu35qC85o+Q6YaSIC0gMTDliIbpkp/lrprml7bmiZPljbAs5b2T5YmN5Lu35qC8NDc4OC4zMw==?=
From: 2741023538@qq.com
To: 2741023538@qq.com

--===============1892201175873666132==
Content-Type: text/plain; charset="utf-8"
MIME-Version: 1.0
Content-Transfer-Encoding: base64

CiAgICAgICAgICAgIOm7hOmHkeS7t+agvOebkeaOp+aPkOmGkgogICAgICAgICAgICDop6blj5Hl
jp/lm6A6IDEw5YiG6ZKf5a6a5pe25omT5Y2wCiAgICAgICAgICAgIOW9k+WJjeaXtumXtDogMjAy
Ni0wNC0yMSAxOTowNTo1OAogICAgICAgICAgICDmlbDmja7ml7bpl7Q6IDIwMjYtMDQtMjEgMTk6
MDU6NTUKICAgICAgICAgICAg5b2T5YmN5Lu35qC8OiA0Nzg4LjMzCiAgICAgICAgICAgIOW3suin
puWPkeebruaghzogWzQ4ODAsIDQ5MDAsIDQ4MDBdCgogICAgICAgICAgICDkuIrmrKHmiZPljbDm
l7bpl7Q6IDIwMjYtMDQtMjEgMTk6MDU6NTgKICAgICAgICAgICAg5LiK5qyh5omT5Y2w5Lu35qC8
OiA0Nzg4LjMzICDlvZPliY3ku7fmoLw6IDQ3ODguMzMKICAgICAgICAgICAg

--===============1892201175873666132==--

2026-04-21 19:06:00,612 - INFO - send email success
2026-04-21 19:06:00,612 - INFO - ============================================================

2026-04-21 19:07:41,797 - INFO - 
============================================================
2026-04-21 19:07:41,797 - INFO - 触发原因: 打印调试
2026-04-21 19:07:41,797 - INFO - 当前时间: 2026-04-21 19:07:41
2026-04-21 19:07:41,797 - INFO - 数据时间: 2026-04-21 19:07:41
2026-04-21 19:07:41,797 - INFO - 当前价格: 4787.76
2026-04-21 19:07:41,797 - INFO - 上次打印时间: 2026-04-21 19:05:58
2026-04-21 19:07:41,797 - INFO - 上次打印价格: 4788.33
2026-04-21 19:07:41,798 - INFO - 当前价格: 4787.76
2026-04-21 19:07:42,956 - INFO - 飞书消息发送成功: 打印调试
2026-04-21 19:07:42,956 - INFO - ============================================================

2026-04-21 19:09:24,138 - INFO - 
============================================================
2026-04-21 19:09:24,139 - INFO - 触发原因: 打印调试
2026-04-21 19:09:24,139 - INFO - 当前时间: 2026-04-21 19:09:24
2026-04-21 19:09:24,139 - INFO - 数据时间: 2026-04-21 19:09:23
2026-04-21 19:09:24,139 - INFO - 当前价格: 4784.46
2026-04-21 19:09:24,140 - INFO - 上次打印时间: 2026-04-21 19:05:58
2026-04-21 19:09:24,140 - INFO - 上次打印价格: 4788.33
2026-04-21 19:09:24,140 - INFO - 当前价格: 4784.46
2026-04-21 19:09:25,398 - INFO - 飞书消息发送成功: 打印调试
2026-04-21 19:09:25,399 - INFO - ============================================================

2026-04-21 19:11:06,566 - INFO - 
============================================================
2026-04-21 19:11:06,567 - INFO - 触发原因: 打印调试
2026-04-21 19:11:06,567 - INFO - 当前时间: 2026-04-21 19:11:06
2026-04-21 19:11:06,567 - INFO - 数据时间: 2026-04-21 19:11:05
2026-04-21 19:11:06,567 - INFO - 当前价格: 4781.53
2026-04-21 19:11:06,567 - INFO - 上次打印时间: 2026-04-21 19:05:58
2026-04-21 19:11:06,567 - INFO - 上次打印价格: 4788.33
2026-04-21 19:11:06,568 - INFO - 当前价格: 4781.53
2026-04-21 19:11:07,743 - INFO - 飞书消息发送成功: 打印调试
2026-04-21 19:11:07,744 - INFO - ============================================================

2026-04-21 19:12:49,128 - INFO - 
============================================================
2026-04-21 19:12:49,128 - INFO - 触发原因: 打印调试
2026-04-21 19:12:49,128 - INFO - 当前时间: 2026-04-21 19:12:49
2026-04-21 19:12:49,128 - INFO - 数据时间: 2026-04-21 19:12:48
2026-04-21 19:12:49,129 - INFO - 当前价格: 4780.15
2026-04-21 19:12:49,129 - INFO - 上次打印时间: 2026-04-21 19:05:58
2026-04-21 19:12:49,129 - INFO - 上次打印价格: 4788.33
2026-04-21 19:12:49,129 - INFO - 当前价格: 4780.15
2026-04-21 19:12:50,252 - INFO - 飞书消息发送成功: 打印调试
2026-04-21 19:12:50,252 - INFO - ============================================================

2026-04-21 19:14:32,532 - INFO - 
============================================================
2026-04-21 19:14:32,532 - INFO - 触发原因: 打印调试
2026-04-21 19:14:32,532 - INFO - 当前时间: 2026-04-21 19:14:32
2026-04-21 19:14:32,532 - INFO - 数据时间: 2026-04-21 19:14:31
2026-04-21 19:14:32,533 - INFO - 当前价格: 4780.67
2026-04-21 19:14:32,533 - INFO - 上次打印时间: 2026-04-21 19:05:58
2026-04-21 19:14:32,533 - INFO - 上次打印价格: 4788.33
2026-04-21 19:14:32,533 - INFO - 当前价格: 4780.67
2026-04-21 19:14:33,592 - INFO - 飞书消息发送成功: 打印调试
2026-04-21 19:14:33,593 - INFO - ============================================================

2026-04-21 19:16:15,707 - INFO - 
============================================================
2026-04-21 19:16:15,707 - INFO - 触发原因: 打印调试
2026-04-21 19:16:15,707 - INFO - 当前时间: 2026-04-21 19:16:15
2026-04-21 19:16:15,707 - INFO - 数据时间: 2026-04-21 19:16:15
2026-04-21 19:16:15,707 - INFO - 当前价格: 4781.87
2026-04-21 19:16:15,708 - INFO - 上次打印时间: 2026-04-21 19:05:58
2026-04-21 19:16:15,708 - INFO - 上次打印价格: 4788.33
2026-04-21 19:16:15,708 - INFO - 当前价格: 4781.87
2026-04-21 19:16:16,924 - INFO - 飞书消息发送成功: 打印调试
2026-04-21 19:16:16,924 - INFO - ============================================================

2026-04-21 19:16:16,925 - INFO - 
============================================================
2026-04-21 19:16:16,925 - INFO - 触发原因: 10分钟定时打印
2026-04-21 19:16:16,925 - INFO - 当前时间: 2026-04-21 19:16:16
2026-04-21 19:16:16,925 - INFO - 数据时间: 2026-04-21 19:16:15
2026-04-21 19:16:16,925 - INFO - 当前价格: 4781.87
2026-04-21 19:16:16,925 - INFO - 上次打印时间: 2026-04-21 19:05:58
2026-04-21 19:16:16,925 - INFO - 上次打印价格: 4788.33
2026-04-21 19:16:16,925 - INFO - 当前价格: 4781.87
2026-04-21 19:16:17,992 - INFO - 飞书消息发送成功: 10分钟定时打印
2026-04-21 19:16:17,992 - INFO - Content-Type: multipart/mixed; boundary="===============1152467273835589689=="
MIME-Version: 1.0
Subject: =?utf-8?b?6buE6YeR5Lu35qC85o+Q6YaSIC0gMTDliIbpkp/lrprml7bmiZPljbAs5b2T5YmN5Lu35qC8NDc4MS44Nw==?=
From: 2741023538@qq.com
To: 2741023538@qq.com

--===============1152467273835589689==
Content-Type: text/plain; charset="utf-8"
MIME-Version: 1.0
Content-Transfer-Encoding: base64

CiAgICAgICAgICAgIOm7hOmHkeS7t+agvOebkeaOp+aPkOmGkgogICAgICAgICAgICDop6blj5Hl
jp/lm6A6IDEw5YiG6ZKf5a6a5pe25omT5Y2wCiAgICAgICAgICAgIOW9k+WJjeaXtumXtDogMjAy
Ni0wNC0yMSAxOToxNjoxNgogICAgICAgICAgICDmlbDmja7ml7bpl7Q6IDIwMjYtMDQtMjEgMTk6
MTY6MTUKICAgICAgICAgICAg5b2T5YmN5Lu35qC8OiA0NzgxLjg3CiAgICAgICAgICAgIOW3suin
puWPkeebruaghzogWzQ4ODAsIDQ5MDAsIDQ4MDBdCgogICAgICAgICAgICDkuIrmrKHmiZPljbDm
l7bpl7Q6IDIwMjYtMDQtMjEgMTk6MTY6MTYKICAgICAgICAgICAg5LiK5qyh5omT5Y2w5Lu35qC8
OiA0NzgxLjg3ICDlvZPliY3ku7fmoLw6IDQ3ODEuODcKICAgICAgICAgICAg

--===============1152467273835589689==--

2026-04-21 19:16:19,225 - INFO - send email success
2026-04-21 19:16:19,226 - INFO - ============================================================

2026-04-21 19:18:00,457 - INFO - 
============================================================
2026-04-21 19:18:00,458 - INFO - 触发原因: 打印调试
2026-04-21 19:18:00,458 - INFO - 当前时间: 2026-04-21 19:18:00
2026-04-21 19:18:00,458 - INFO - 数据时间: 2026-04-21 19:18:00
2026-04-21 19:18:00,458 - INFO - 当前价格: 4782.27
2026-04-21 19:18:00,459 - INFO - 上次打印时间: 2026-04-21 19:16:16
2026-04-21 19:18:00,459 - INFO - 上次打印价格: 4781.87
2026-04-21 19:18:00,459 - INFO - 当前价格: 4782.27
2026-04-21 19:18:01,495 - INFO - 飞书消息发送成功: 打印调试
2026-04-21 19:18:01,495 - INFO - ============================================================

2026-04-21 19:19:43,238 - INFO - 
============================================================
2026-04-21 19:19:43,238 - INFO - 触发原因: 打印调试
2026-04-21 19:19:43,238 - INFO - 当前时间: 2026-04-21 19:19:43
2026-04-21 19:19:43,239 - INFO - 数据时间: 2026-04-21 19:19:42
2026-04-21 19:19:43,239 - INFO - 当前价格: 4781.85
2026-04-21 19:19:43,239 - INFO - 上次打印时间: 2026-04-21 19:16:16
2026-04-21 19:19:43,239 - INFO - 上次打印价格: 4781.87
2026-04-21 19:19:43,239 - INFO - 当前价格: 4781.85
2026-04-21 19:19:44,305 - INFO - 飞书消息发送成功: 打印调试
2026-04-21 19:19:44,305 - INFO - ============================================================

2026-04-21 19:21:25,578 - INFO - 
============================================================
2026-04-21 19:21:25,578 - INFO - 触发原因: 打印调试
2026-04-21 19:21:25,579 - INFO - 当前时间: 2026-04-21 19:21:25
2026-04-21 19:21:25,579 - INFO - 数据时间: 2026-04-21 19:21:24
2026-04-21 19:21:25,580 - INFO - 当前价格: 4782.69
2026-04-21 19:21:25,580 - INFO - 上次打印时间: 2026-04-21 19:16:16
2026-04-21 19:21:25,580 - INFO - 上次打印价格: 4781.87
2026-04-21 19:21:25,580 - INFO - 当前价格: 4782.69
2026-04-21 19:21:26,905 - INFO - 飞书消息发送成功: 打印调试
2026-04-21 19:21:26,906 - INFO - ============================================================

2026-04-21 19:23:08,110 - INFO - 
============================================================
2026-04-21 19:23:08,111 - INFO - 触发原因: 打印调试
2026-04-21 19:23:08,111 - INFO - 当前时间: 2026-04-21 19:23:08
2026-04-21 19:23:08,111 - INFO - 数据时间: 2026-04-21 19:23:07
2026-04-21 19:23:08,111 - INFO - 当前价格: 4783.42
2026-04-21 19:23:08,111 - INFO - 上次打印时间: 2026-04-21 19:16:16
2026-04-21 19:23:08,112 - INFO - 上次打印价格: 4781.87
2026-04-21 19:23:08,112 - INFO - 当前价格: 4783.42
2026-04-21 19:23:09,184 - INFO - 飞书消息发送成功: 打印调试
2026-04-21 19:23:09,185 - INFO - ============================================================

2026-04-21 19:24:54,369 - INFO - 
============================================================
2026-04-21 19:24:54,369 - INFO - 触发原因: 打印调试
2026-04-21 19:24:54,369 - INFO - 当前时间: 2026-04-21 19:24:54
2026-04-21 19:24:54,369 - INFO - 数据时间: 2026-04-21 19:24:52
2026-04-21 19:24:54,370 - INFO - 当前价格: 4781.69
2026-04-21 19:24:54,370 - INFO - 上次打印时间: 2026-04-21 19:16:16
2026-04-21 19:24:54,370 - INFO - 上次打印价格: 4781.87
2026-04-21 19:24:54,370 - INFO - 当前价格: 4781.69
2026-04-21 19:24:55,537 - INFO - 飞书消息发送成功: 打印调试
2026-04-21 19:24:55,538 - INFO - ============================================================

2026-04-21 19:26:36,803 - INFO - 
============================================================
2026-04-21 19:26:36,804 - INFO - 触发原因: 打印调试
2026-04-21 19:26:36,804 - INFO - 当前时间: 2026-04-21 19:26:36
2026-04-21 19:26:36,804 - INFO - 数据时间: 2026-04-21 19:26:35
2026-04-21 19:26:36,804 - INFO - 当前价格: 4780.51
2026-04-21 19:26:36,804 - INFO - 上次打印时间: 2026-04-21 19:16:16
2026-04-21 19:26:36,804 - INFO - 上次打印价格: 4781.87
2026-04-21 19:26:36,805 - INFO - 当前价格: 4780.51
2026-04-21 19:26:38,016 - INFO - 飞书消息发送成功: 打印调试
2026-04-21 19:26:38,017 - INFO - ============================================================

2026-04-21 19:26:38,017 - INFO - 
============================================================
2026-04-21 19:26:38,017 - INFO - 触发原因: 10分钟定时打印
2026-04-21 19:26:38,017 - INFO - 当前时间: 2026-04-21 19:26:38
2026-04-21 19:26:38,017 - INFO - 数据时间: 2026-04-21 19:26:35
2026-04-21 19:26:38,017 - INFO - 当前价格: 4780.51
2026-04-21 19:26:38,017 - INFO - 上次打印时间: 2026-04-21 19:16:16
2026-04-21 19:26:38,018 - INFO - 上次打印价格: 4781.87
2026-04-21 19:26:38,018 - INFO - 当前价格: 4780.51
2026-04-21 19:26:39,014 - INFO - 飞书消息发送成功: 10分钟定时打印
2026-04-21 19:26:39,016 - INFO - Content-Type: multipart/mixed; boundary="===============3812645994059359516=="
MIME-Version: 1.0
Subject: =?utf-8?b?6buE6YeR5Lu35qC85o+Q6YaSIC0gMTDliIbpkp/lrprml7bmiZPljbAs5b2T5YmN5Lu35qC8NDc4MC41MQ==?=
From: 2741023538@qq.com
To: 2741023538@qq.com

--===============3812645994059359516==
Content-Type: text/plain; charset="utf-8"
MIME-Version: 1.0
Content-Transfer-Encoding: base64

CiAgICAgICAgICAgIOm7hOmHkeS7t+agvOebkeaOp+aPkOmGkgogICAgICAgICAgICDop6blj5Hl
jp/lm6A6IDEw5YiG6ZKf5a6a5pe25omT5Y2wCiAgICAgICAgICAgIOW9k+WJjeaXtumXtDogMjAy
Ni0wNC0yMSAxOToyNjozOAogICAgICAgICAgICDmlbDmja7ml7bpl7Q6IDIwMjYtMDQtMjEgMTk6
MjY6MzUKICAgICAgICAgICAg5b2T5YmN5Lu35qC8OiA0NzgwLjUxCiAgICAgICAgICAgIOW3suin
puWPkeebruaghzogWzQ4ODAsIDQ5MDAsIDQ4MDBdCgogICAgICAgICAgICDkuIrmrKHmiZPljbDm
l7bpl7Q6IDIwMjYtMDQtMjEgMTk6MjY6MzgKICAgICAgICAgICAg5LiK5qyh5omT5Y2w5Lu35qC8
OiA0NzgwLjUxICDlvZPliY3ku7fmoLw6IDQ3ODAuNTEKICAgICAgICAgICAg

--===============3812645994059359516==--

2026-04-21 19:26:40,448 - INFO - send email success
2026-04-21 19:26:40,448 - INFO - ============================================================

2026-04-21 19:28:21,662 - INFO - 
============================================================
2026-04-21 19:28:21,662 - INFO - 触发原因: 打印调试
2026-04-21 19:28:21,663 - INFO - 当前时间: 2026-04-21 19:28:21
2026-04-21 19:28:21,663 - INFO - 数据时间: 2026-04-21 19:28:21
2026-04-21 19:28:21,663 - INFO - 当前价格: 4783.34
2026-04-21 19:28:21,663 - INFO - 上次打印时间: 2026-04-21 19:26:38
2026-04-21 19:28:21,663 - INFO - 上次打印价格: 4780.51
2026-04-21 19:28:21,663 - INFO - 当前价格: 4783.34
2026-04-21 19:28:22,755 - INFO - 飞书消息发送成功: 打印调试
2026-04-21 19:28:22,755 - INFO - ============================================================

2026-04-21 19:30:04,877 - INFO - 
============================================================
2026-04-21 19:30:04,878 - INFO - 触发原因: 打印调试
2026-04-21 19:30:04,878 - INFO - 当前时间: 2026-04-21 19:30:04
2026-04-21 19:30:04,878 - INFO - 数据时间: 2026-04-21 19:30:03
2026-04-21 19:30:04,878 - INFO - 当前价格: 4783.19
2026-04-21 19:30:04,879 - INFO - 上次打印时间: 2026-04-21 19:26:38
2026-04-21 19:30:04,879 - INFO - 上次打印价格: 4780.51
2026-04-21 19:30:04,879 - INFO - 当前价格: 4783.19
2026-04-21 19:30:06,044 - INFO - 飞书消息发送成功: 打印调试
2026-04-21 19:30:06,044 - INFO - ============================================================

2026-04-21 19:31:49,785 - INFO - 
============================================================
2026-04-21 19:31:49,786 - INFO - 触发原因: 打印调试
2026-04-21 19:31:49,786 - INFO - 当前时间: 2026-04-21 19:31:49
2026-04-21 19:31:49,786 - INFO - 数据时间: 2026-04-21 19:31:49
2026-04-21 19:31:49,786 - INFO - 当前价格: 4788.48
2026-04-21 19:31:49,786 - INFO - 上次打印时间: 2026-04-21 19:26:38
2026-04-21 19:31:49,787 - INFO - 上次打印价格: 4780.51
2026-04-21 19:31:49,787 - INFO - 当前价格: 4788.48
2026-04-21 19:31:50,990 - INFO - 飞书消息发送成功: 打印调试
2026-04-21 19:31:50,991 - INFO - ============================================================

2026-04-21 19:33:32,087 - INFO - 
============================================================
2026-04-21 19:33:32,087 - INFO - 触发原因: 打印调试
2026-04-21 19:33:32,087 - INFO - 当前时间: 2026-04-21 19:33:32
2026-04-21 19:33:32,087 - INFO - 数据时间: 2026-04-21 19:33:31
2026-04-21 19:33:32,087 - INFO - 当前价格: 4789.18
2026-04-21 19:33:32,088 - INFO - 上次打印时间: 2026-04-21 19:26:38
2026-04-21 19:33:32,088 - INFO - 上次打印价格: 4780.51
2026-04-21 19:33:32,088 - INFO - 当前价格: 4789.18
2026-04-21 19:33:33,267 - INFO - 飞书消息发送成功: 打印调试
2026-04-21 19:33:33,267 - INFO - ============================================================

2026-04-21 19:35:14,363 - INFO - 
============================================================
2026-04-21 19:35:14,363 - INFO - 触发原因: 打印调试
2026-04-21 19:35:14,363 - INFO - 当前时间: 2026-04-21 19:35:14
2026-04-21 19:35:14,363 - INFO - 数据时间: 2026-04-21 19:35:13
2026-04-21 19:35:14,363 - INFO - 当前价格: 4788.38
2026-04-21 19:35:14,363 - INFO - 上次打印时间: 2026-04-21 19:26:38
2026-04-21 19:35:14,364 - INFO - 上次打印价格: 4780.51
2026-04-21 19:35:14,364 - INFO - 当前价格: 4788.38
2026-04-21 19:35:15,502 - INFO - 飞书消息发送成功: 打印调试
2026-04-21 19:35:15,502 - INFO - ============================================================

2026-04-21 19:36:56,681 - INFO - 
============================================================
2026-04-21 19:36:56,681 - INFO - 触发原因: 打印调试
2026-04-21 19:36:56,681 - INFO - 当前时间: 2026-04-21 19:36:56
2026-04-21 19:36:56,682 - INFO - 数据时间: 2026-04-21 19:36:56
2026-04-21 19:36:56,682 - INFO - 当前价格: 4789.97
2026-04-21 19:36:56,683 - INFO - 上次打印时间: 2026-04-21 19:26:38
2026-04-21 19:36:56,683 - INFO - 上次打印价格: 4780.51
2026-04-21 19:36:56,683 - INFO - 当前价格: 4789.97
2026-04-21 19:36:57,727 - INFO - 飞书消息发送成功: 打印调试
2026-04-21 19:36:57,728 - INFO - ============================================================

2026-04-21 19:36:57,728 - INFO - 
============================================================
2026-04-21 19:36:57,728 - INFO - 触发原因: 10分钟定时打印
2026-04-21 19:36:57,728 - INFO - 当前时间: 2026-04-21 19:36:57
2026-04-21 19:36:57,728 - INFO - 数据时间: 2026-04-21 19:36:56
2026-04-21 19:36:57,729 - INFO - 当前价格: 4789.97
2026-04-21 19:36:57,729 - INFO - 上次打印时间: 2026-04-21 19:26:38
2026-04-21 19:36:57,729 - INFO - 上次打印价格: 4780.51
2026-04-21 19:36:57,729 - INFO - 当前价格: 4789.97
2026-04-21 19:36:58,874 - INFO - 飞书消息发送成功: 10分钟定时打印
2026-04-21 19:36:58,875 - INFO - Content-Type: multipart/mixed; boundary="===============4084390897207855093=="
MIME-Version: 1.0
Subject: =?utf-8?b?6buE6YeR5Lu35qC85o+Q6YaSIC0gMTDliIbpkp/lrprml7bmiZPljbAs5b2T5YmN5Lu35qC8NDc4OS45Nw==?=
From: 2741023538@qq.com
To: 2741023538@qq.com

--===============4084390897207855093==
Content-Type: text/plain; charset="utf-8"
MIME-Version: 1.0
Content-Transfer-Encoding: base64

CiAgICAgICAgICAgIOm7hOmHkeS7t+agvOebkeaOp+aPkOmGkgogICAgICAgICAgICDop6blj5Hl
jp/lm6A6IDEw5YiG6ZKf5a6a5pe25omT5Y2wCiAgICAgICAgICAgIOW9k+WJjeaXtumXtDogMjAy
Ni0wNC0yMSAxOTozNjo1NwogICAgICAgICAgICDmlbDmja7ml7bpl7Q6IDIwMjYtMDQtMjEgMTk6
MzY6NTYKICAgICAgICAgICAg5b2T5YmN5Lu35qC8OiA0Nzg5Ljk3CiAgICAgICAgICAgIOW3suin
puWPkeebruaghzogWzQ4ODAsIDQ5MDAsIDQ4MDBdCgogICAgICAgICAgICDkuIrmrKHmiZPljbDm
l7bpl7Q6IDIwMjYtMDQtMjEgMTk6MzY6NTcKICAgICAgICAgICAg5LiK5qyh5omT5Y2w5Lu35qC8
OiA0Nzg5Ljk3ICDlvZPliY3ku7fmoLw6IDQ3ODkuOTcKICAgICAgICAgICAg

--===============4084390897207855093==--

2026-04-21 19:37:00,225 - INFO - send email success
2026-04-21 19:37:00,226 - INFO - ============================================================

2026-04-21 19:38:43,047 - INFO - 
============================================================
2026-04-21 19:38:43,047 - INFO - 触发原因: 打印调试
2026-04-21 19:38:43,047 - INFO - 当前时间: 2026-04-21 19:38:43
2026-04-21 19:38:43,048 - INFO - 数据时间: 2026-04-21 19:38:41
2026-04-21 19:38:43,048 - INFO - 当前价格: 4789.19
2026-04-21 19:38:43,048 - INFO - 上次打印时间: 2026-04-21 19:36:57
2026-04-21 19:38:43,048 - INFO - 上次打印价格: 4789.97
2026-04-21 19:38:43,048 - INFO - 当前价格: 4789.19
2026-04-21 19:38:44,215 - INFO - 飞书消息发送成功: 打印调试
2026-04-21 19:38:44,215 - INFO - ============================================================

2026-04-21 19:40:25,171 - INFO - 
============================================================
2026-04-21 19:40:25,171 - INFO - 触发原因: 打印调试
2026-04-21 19:40:25,171 - INFO - 当前时间: 2026-04-21 19:40:25
2026-04-21 19:40:25,171 - INFO - 数据时间: 2026-04-21 19:40:24
2026-04-21 19:40:25,171 - INFO - 当前价格: 4789.78
2026-04-21 19:40:25,171 - INFO - 上次打印时间: 2026-04-21 19:36:57
2026-04-21 19:40:25,172 - INFO - 上次打印价格: 4789.97
2026-04-21 19:40:25,172 - INFO - 当前价格: 4789.78
2026-04-21 19:40:26,141 - INFO - 飞书消息发送成功: 打印调试
2026-04-21 19:40:26,141 - INFO - ============================================================

2026-04-21 19:42:07,215 - INFO - 
============================================================
2026-04-21 19:42:07,215 - INFO - 触发原因: 打印调试
2026-04-21 19:42:07,216 - INFO - 当前时间: 2026-04-21 19:42:07
2026-04-21 19:42:07,216 - INFO - 数据时间: 2026-04-21 19:42:06
2026-04-21 19:42:07,216 - INFO - 当前价格: 4794.33
2026-04-21 19:42:07,216 - INFO - 上次打印时间: 2026-04-21 19:36:57
2026-04-21 19:42:07,216 - INFO - 上次打印价格: 4789.97
2026-04-21 19:42:07,216 - INFO - 当前价格: 4794.33
2026-04-21 19:42:08,286 - INFO - 飞书消息发送成功: 打印调试
2026-04-21 19:42:08,286 - INFO - ============================================================

2026-04-21 19:43:49,441 - INFO - 
============================================================
2026-04-21 19:43:49,441 - INFO - 触发原因: 打印调试
2026-04-21 19:43:49,441 - INFO - 当前时间: 2026-04-21 19:43:49
2026-04-21 19:43:49,441 - INFO - 数据时间: 2026-04-21 19:43:47
2026-04-21 19:43:49,442 - INFO - 当前价格: 4793.7
2026-04-21 19:43:49,442 - INFO - 上次打印时间: 2026-04-21 19:36:57
2026-04-21 19:43:49,442 - INFO - 上次打印价格: 4789.97
2026-04-21 19:43:49,442 - INFO - 当前价格: 4793.7
2026-04-21 19:43:50,459 - INFO - 飞书消息发送成功: 打印调试
2026-04-21 19:43:50,460 - INFO - ============================================================

2026-04-21 19:45:31,495 - INFO - 
============================================================
2026-04-21 19:45:31,495 - INFO - 触发原因: 打印调试
2026-04-21 19:45:31,496 - INFO - 当前时间: 2026-04-21 19:45:31
2026-04-21 19:45:31,496 - INFO - 数据时间: 2026-04-21 19:45:30
2026-04-21 19:45:31,496 - INFO - 当前价格: 4792.54
2026-04-21 19:45:31,496 - INFO - 上次打印时间: 2026-04-21 19:36:57
2026-04-21 19:45:31,497 - INFO - 上次打印价格: 4789.97
2026-04-21 19:45:31,497 - INFO - 当前价格: 4792.54
2026-04-21 19:45:32,514 - INFO - 飞书消息发送成功: 打印调试
2026-04-21 19:45:32,515 - INFO - ============================================================

2026-04-21 19:47:13,673 - INFO - 
============================================================
2026-04-21 19:47:13,673 - INFO - 触发原因: 打印调试
2026-04-21 19:47:13,673 - INFO - 当前时间: 2026-04-21 19:47:13
2026-04-21 19:47:13,674 - INFO - 数据时间: 2026-04-21 19:47:12
2026-04-21 19:47:13,674 - INFO - 当前价格: 4794.4
2026-04-21 19:47:13,674 - INFO - 上次打印时间: 2026-04-21 19:36:57
2026-04-21 19:47:13,674 - INFO - 上次打印价格: 4789.97
2026-04-21 19:47:13,674 - INFO - 当前价格: 4794.4
2026-04-21 19:47:14,769 - INFO - 飞书消息发送成功: 打印调试
2026-04-21 19:47:14,769 - INFO - ============================================================

2026-04-21 19:47:14,769 - INFO - 
============================================================
2026-04-21 19:47:14,769 - INFO - 触发原因: 10分钟定时打印
2026-04-21 19:47:14,770 - INFO - 当前时间: 2026-04-21 19:47:14
2026-04-21 19:47:14,770 - INFO - 数据时间: 2026-04-21 19:47:12
2026-04-21 19:47:14,770 - INFO - 当前价格: 4794.4
2026-04-21 19:47:14,770 - INFO - 上次打印时间: 2026-04-21 19:36:57
2026-04-21 19:47:14,770 - INFO - 上次打印价格: 4789.97
2026-04-21 19:47:14,770 - INFO - 当前价格: 4794.4
2026-04-21 19:47:15,655 - INFO - 飞书消息发送成功: 10分钟定时打印
2026-04-21 19:47:15,656 - INFO - Content-Type: multipart/mixed; boundary="===============3728184770287088291=="
MIME-Version: 1.0
Subject: =?utf-8?b?6buE6YeR5Lu35qC85o+Q6YaSIC0gMTDliIbpkp/lrprml7bmiZPljbAs5b2T5YmN5Lu35qC8NDc5NC40?=
From: 2741023538@qq.com
To: 2741023538@qq.com

--===============3728184770287088291==
Content-Type: text/plain; charset="utf-8"
MIME-Version: 1.0
Content-Transfer-Encoding: base64

CiAgICAgICAgICAgIOm7hOmHkeS7t+agvOebkeaOp+aPkOmGkgogICAgICAgICAgICDop6blj5Hl
jp/lm6A6IDEw5YiG6ZKf5a6a5pe25omT5Y2wCiAgICAgICAgICAgIOW9k+WJjeaXtumXtDogMjAy
Ni0wNC0yMSAxOTo0NzoxNAogICAgICAgICAgICDmlbDmja7ml7bpl7Q6IDIwMjYtMDQtMjEgMTk6
NDc6MTIKICAgICAgICAgICAg5b2T5YmN5Lu35qC8OiA0Nzk0LjQKICAgICAgICAgICAg5bey6Kem
5Y+R55uu5qCHOiBbNDg4MCwgNDkwMCwgNDgwMF0KCiAgICAgICAgICAgIOS4iuasoeaJk+WNsOaX
tumXtDogMjAyNi0wNC0yMSAxOTo0NzoxNAogICAgICAgICAgICDkuIrmrKHmiZPljbDku7fmoLw6
IDQ3OTQuNCAg5b2T5YmN5Lu35qC8OiA0Nzk0LjQKICAgICAgICAgICAg

--===============3728184770287088291==--

2026-04-21 19:47:17,301 - INFO - send email success
2026-04-21 19:47:17,301 - INFO - ============================================================

2026-04-21 19:49:00,813 - INFO - 
============================================================
2026-04-21 19:49:00,813 - INFO - 触发原因: 打印调试
2026-04-21 19:49:00,814 - INFO - 当前时间: 2026-04-21 19:49:00
2026-04-21 19:49:00,814 - INFO - 数据时间: 2026-04-21 19:49:00
2026-04-21 19:49:00,814 - INFO - 当前价格: 4797.0
2026-04-21 19:49:00,814 - INFO - 上次打印时间: 2026-04-21 19:47:14
2026-04-21 19:49:00,814 - INFO - 上次打印价格: 4794.4
2026-04-21 19:49:00,814 - INFO - 当前价格: 4797.0
2026-04-21 19:49:01,813 - INFO - 飞书消息发送成功: 打印调试
2026-04-21 19:49:01,814 - INFO - ============================================================

2026-04-21 19:49:01,815 - INFO - 
============================================================
2026-04-21 19:49:01,815 - INFO - 触发原因: 价格上涨超过整数变化
2026-04-21 19:49:01,815 - INFO - 当前时间: 2026-04-21 19:49:01
2026-04-21 19:49:01,815 - INFO - 数据时间: 2026-04-21 19:49:00
2026-04-21 19:49:01,815 - INFO - 当前价格: 4797.0
2026-04-21 19:49:01,815 - INFO - 上次打印时间: 2026-04-21 19:47:14
2026-04-21 19:49:01,815 - INFO - 上次打印价格: 4794.4
2026-04-21 19:49:01,815 - INFO - 当前价格: 4797.0
2026-04-21 19:49:02,745 - INFO - 飞书消息发送成功: 价格上涨超过整数变化
2026-04-21 19:49:02,747 - INFO - Content-Type: multipart/mixed; boundary="===============1297037407346879390=="
MIME-Version: 1.0
Subject: =?utf-8?b?6buE6YeR5Lu35qC85o+Q6YaSIC0g5Lu35qC85LiK5rao6LaF6L+H5pW05pWw5Y+Y5YyWLOW9k+WJjeS7t+agvDQ3OTcuMA==?=
From: 2741023538@qq.com
To: 2741023538@qq.com

--===============1297037407346879390==
Content-Type: text/plain; charset="utf-8"
MIME-Version: 1.0
Content-Transfer-Encoding: base64

CiAgICAgICAgICAgIOm7hOmHkeS7t+agvOebkeaOp+aPkOmGkgogICAgICAgICAgICDop6blj5Hl
jp/lm6A6IOS7t+agvOS4iua2qOi2hei/h+aVtOaVsOWPmOWMlgogICAgICAgICAgICDlvZPliY3m
l7bpl7Q6IDIwMjYtMDQtMjEgMTk6NDk6MDEKICAgICAgICAgICAg5pWw5o2u5pe26Ze0OiAyMDI2
LTA0LTIxIDE5OjQ5OjAwCiAgICAgICAgICAgIOW9k+WJjeS7t+agvDogNDc5Ny4wCiAgICAgICAg
ICAgIOW3suinpuWPkeebruaghzogWzQ4ODAsIDQ5MDAsIDQ4MDBdCgogICAgICAgICAgICDkuIrm
rKHmiZPljbDml7bpl7Q6IDIwMjYtMDQtMjEgMTk6NDk6MDEKICAgICAgICAgICAg5LiK5qyh5omT
5Y2w5Lu35qC8OiA0Nzk3LjAgIOW9k+WJjeS7t+agvDogNDc5Ny4wCiAgICAgICAgICAgIA==

--===============1297037407346879390==--

2026-04-21 19:49:04,058 - INFO - send email success
2026-04-21 19:49:04,058 - INFO - ============================================================

2026-04-21 19:50:29,768 - INFO - 收到原始消息: b'{"schema":"2.0","header":{"event_id":"23f88c5fc68ddc1efe1b52887df7d9b9","token":"","create_time":"1776768311858","event_type":"im.message.receive_v1","tenant_key":"13d86554278f175e","app_id":"cli_a93f179d7461dceb"},"event":{"message":{"chat_id":"oc_7c4248a35ee522bd95944906a292fa7d","chat_type":"p2p","content":"{\\"text\\":\\"\xe4\xbb\xb7\xe6\xa0\xbc\\"}","create_time":"1776768311366","message_id":"om_x100b51411dbee0b8b2121545f9e7ab0","message_type":"text","update_time":"1776768311366","user_agent":"Mozilla/5.0 (Linux; Android 16; SM-F9460 Build/BP2A.250605.031.A3; wv) AppleWebKit/537.36 (KHTML, like Gecko) Version/4.0 Chrome/132.0.6834.152 Mobile Safari/537.36 Lark/7.66.6 LarkLocale/zh_CN ChannelName/Feishu appid/1161; appname/Feishu; ttnet SDK-Version/7.66.8"},"sender":{"sender_id":{"open_id":"ou_d9fbb310298e41c201adf21a827f7437","union_id":"on_42b2d290e182cb48e286733f752f3cf3","user_id":"eb3fe22a"},"sender_type":"user","tenant_key":"13d86554278f175e"}}}'
2026-04-21 19:50:29,768 - INFO - 收到消息: 价格 来自: ou_d9fbb310298e41c201adf21a827f7437
2026-04-21 19:50:31,747 - INFO - 飞书消息发送成功: 用户消息回复
2026-04-21 19:50:46,339 - INFO - 
============================================================
2026-04-21 19:50:46,340 - INFO - 触发原因: 打印调试
2026-04-21 19:50:46,340 - INFO - 当前时间: 2026-04-21 19:50:46
2026-04-21 19:50:46,340 - INFO - 数据时间: 2026-04-21 19:50:45
2026-04-21 19:50:46,341 - INFO - 当前价格: 4795.64
2026-04-21 19:50:46,341 - INFO - 上次打印时间: 2026-04-21 19:49:01
2026-04-21 19:50:46,341 - INFO - 上次打印价格: 4797.0
2026-04-21 19:50:46,341 - INFO - 当前价格: 4795.64
2026-04-21 19:50:47,336 - INFO - 飞书消息发送成功: 打印调试
2026-04-21 19:50:47,337 - INFO - ============================================================

2026-04-21 19:52:28,442 - INFO - 
============================================================
2026-04-21 19:52:28,442 - INFO - 触发原因: 打印调试
2026-04-21 19:52:28,443 - INFO - 当前时间: 2026-04-21 19:52:28
2026-04-21 19:52:28,443 - INFO - 数据时间: 2026-04-21 19:52:26
2026-04-21 19:52:28,443 - INFO - 当前价格: 4793.86
2026-04-21 19:52:28,443 - INFO - 上次打印时间: 2026-04-21 19:49:01
2026-04-21 19:52:28,444 - INFO - 上次打印价格: 4797.0
2026-04-21 19:52:28,444 - INFO - 当前价格: 4793.86
2026-04-21 19:52:29,470 - INFO - 飞书消息发送成功: 打印调试
2026-04-21 19:52:29,470 - INFO - ============================================================

2026-04-21 19:54:10,614 - INFO - 
============================================================
2026-04-21 19:54:10,614 - INFO - 触发原因: 打印调试
2026-04-21 19:54:10,615 - INFO - 当前时间: 2026-04-21 19:54:10
2026-04-21 19:54:10,615 - INFO - 数据时间: 2026-04-21 19:54:09
2026-04-21 19:54:10,615 - INFO - 当前价格: 4792.9
2026-04-21 19:54:10,615 - INFO - 上次打印时间: 2026-04-21 19:49:01
2026-04-21 19:54:10,615 - INFO - 上次打印价格: 4797.0
2026-04-21 19:54:10,615 - INFO - 当前价格: 4792.9
2026-04-21 19:54:11,582 - INFO - 飞书消息发送成功: 打印调试
2026-04-21 19:54:11,582 - INFO - ============================================================

2026-04-21 19:55:52,868 - INFO - 
============================================================
2026-04-21 19:55:52,869 - INFO - 触发原因: 打印调试
2026-04-21 19:55:52,869 - INFO - 当前时间: 2026-04-21 19:55:52
2026-04-21 19:55:52,869 - INFO - 数据时间: 2026-04-21 19:55:50
2026-04-21 19:55:52,869 - INFO - 当前价格: 4794.0
2026-04-21 19:55:52,869 - INFO - 上次打印时间: 2026-04-21 19:49:01
2026-04-21 19:55:52,870 - INFO - 上次打印价格: 4797.0
2026-04-21 19:55:52,870 - INFO - 当前价格: 4794.0
2026-04-21 19:55:53,879 - INFO - 飞书消息发送成功: 打印调试
2026-04-21 19:55:53,879 - INFO - ============================================================

2026-04-21 19:57:35,116 - INFO - 
============================================================
2026-04-21 19:57:35,116 - INFO - 触发原因: 打印调试
2026-04-21 19:57:35,116 - INFO - 当前时间: 2026-04-21 19:57:35
2026-04-21 19:57:35,117 - INFO - 数据时间: 2026-04-21 19:57:34
2026-04-21 19:57:35,117 - INFO - 当前价格: 4793.76
2026-04-21 19:57:35,117 - INFO - 上次打印时间: 2026-04-21 19:49:01
2026-04-21 19:57:35,117 - INFO - 上次打印价格: 4797.0
2026-04-21 19:57:35,117 - INFO - 当前价格: 4793.76
2026-04-21 19:57:36,209 - INFO - 飞书消息发送成功: 打印调试
2026-04-21 19:57:36,209 - INFO - ============================================================

2026-04-21 19:57:36,209 - INFO - 
============================================================
2026-04-21 19:57:36,209 - INFO - 触发原因: 10分钟定时打印
2026-04-21 19:57:36,210 - INFO - 当前时间: 2026-04-21 19:57:36
2026-04-21 19:57:36,210 - INFO - 数据时间: 2026-04-21 19:57:34
2026-04-21 19:57:36,210 - INFO - 当前价格: 4793.76
2026-04-21 19:57:36,210 - INFO - 上次打印时间: 2026-04-21 19:49:01
2026-04-21 19:57:36,210 - INFO - 上次打印价格: 4797.0
2026-04-21 19:57:36,210 - INFO - 当前价格: 4793.76
2026-04-21 19:57:37,095 - INFO - 飞书消息发送成功: 10分钟定时打印
2026-04-21 19:57:37,096 - INFO - Content-Type: multipart/mixed; boundary="===============1778595004929541495=="
MIME-Version: 1.0
Subject: =?utf-8?b?6buE6YeR5Lu35qC85o+Q6YaSIC0gMTDliIbpkp/lrprml7bmiZPljbAs5b2T5YmN5Lu35qC8NDc5My43Ng==?=
From: 2741023538@qq.com
To: 2741023538@qq.com

--===============1778595004929541495==
Content-Type: text/plain; charset="utf-8"
MIME-Version: 1.0
Content-Transfer-Encoding: base64

CiAgICAgICAgICAgIOm7hOmHkeS7t+agvOebkeaOp+aPkOmGkgogICAgICAgICAgICDop6blj5Hl
jp/lm6A6IDEw5YiG6ZKf5a6a5pe25omT5Y2wCiAgICAgICAgICAgIOW9k+WJjeaXtumXtDogMjAy
Ni0wNC0yMSAxOTo1NzozNgogICAgICAgICAgICDmlbDmja7ml7bpl7Q6IDIwMjYtMDQtMjEgMTk6
NTc6MzQKICAgICAgICAgICAg5b2T5YmN5Lu35qC8OiA0NzkzLjc2CiAgICAgICAgICAgIOW3suin
puWPkeebruaghzogWzQ4ODAsIDQ5MDAsIDQ4MDBdCgogICAgICAgICAgICDkuIrmrKHmiZPljbDm
l7bpl7Q6IDIwMjYtMDQtMjEgMTk6NTc6MzYKICAgICAgICAgICAg5LiK5qyh5omT5Y2w5Lu35qC8
OiA0NzkzLjc2ICDlvZPliY3ku7fmoLw6IDQ3OTMuNzYKICAgICAgICAgICAg

--===============1778595004929541495==--

2026-04-21 19:57:38,478 - INFO - send email success
2026-04-21 19:57:38,478 - INFO - ============================================================

2026-04-21 19:59:19,575 - INFO - 
============================================================
2026-04-21 19:59:19,575 - INFO - 触发原因: 打印调试
2026-04-21 19:59:19,575 - INFO - 当前时间: 2026-04-21 19:59:19
2026-04-21 19:59:19,576 - INFO - 数据时间: 2026-04-21 19:59:17
2026-04-21 19:59:19,576 - INFO - 当前价格: 4795.26
2026-04-21 19:59:19,576 - INFO - 上次打印时间: 2026-04-21 19:57:36
2026-04-21 19:59:19,576 - INFO - 上次打印价格: 4793.76
2026-04-21 19:59:19,576 - INFO - 当前价格: 4795.26
2026-04-21 19:59:20,636 - INFO - 飞书消息发送成功: 打印调试
2026-04-21 19:59:20,636 - INFO - ============================================================

2026-04-21 20:01:01,851 - INFO - 
============================================================
2026-04-21 20:01:01,851 - INFO - 触发原因: 打印调试
2026-04-21 20:01:01,851 - INFO - 当前时间: 2026-04-21 20:01:01
2026-04-21 20:01:01,852 - INFO - 数据时间: 2026-04-21 20:01:01
2026-04-21 20:01:01,852 - INFO - 当前价格: 4795.02
2026-04-21 20:01:01,852 - INFO - 上次打印时间: 2026-04-21 19:57:36
2026-04-21 20:01:01,852 - INFO - 上次打印价格: 4793.76
2026-04-21 20:01:01,853 - INFO - 当前价格: 4795.02
2026-04-21 20:01:02,799 - INFO - 飞书消息发送成功: 打印调试
2026-04-21 20:01:02,800 - INFO - ============================================================

2026-04-21 20:02:45,185 - INFO - 
============================================================
2026-04-21 20:02:45,185 - INFO - 触发原因: 打印调试
2026-04-21 20:02:45,186 - INFO - 当前时间: 2026-04-21 20:02:45
2026-04-21 20:02:45,186 - INFO - 数据时间: 2026-04-21 20:02:44
2026-04-21 20:02:45,186 - INFO - 当前价格: 4795.11
2026-04-21 20:02:45,186 - INFO - 上次打印时间: 2026-04-21 19:57:36
2026-04-21 20:02:45,186 - INFO - 上次打印价格: 4793.76
2026-04-21 20:02:45,186 - INFO - 当前价格: 4795.11
2026-04-21 20:02:46,208 - INFO - 飞书消息发送成功: 打印调试
2026-04-21 20:02:46,209 - INFO - ============================================================

2026-04-21 20:04:27,463 - INFO - 
============================================================
2026-04-21 20:04:27,463 - INFO - 触发原因: 打印调试
2026-04-21 20:04:27,463 - INFO - 当前时间: 2026-04-21 20:04:27
2026-04-21 20:04:27,463 - INFO - 数据时间: 2026-04-21 20:04:25
2026-04-21 20:04:27,463 - INFO - 当前价格: 4794.65
2026-04-21 20:04:27,463 - INFO - 上次打印时间: 2026-04-21 19:57:36
2026-04-21 20:04:27,464 - INFO - 上次打印价格: 4793.76
2026-04-21 20:04:27,464 - INFO - 当前价格: 4794.65
2026-04-21 20:04:28,573 - INFO - 飞书消息发送成功: 打印调试
2026-04-21 20:04:28,574 - INFO - ============================================================

2026-04-21 20:06:09,612 - INFO - 
============================================================
2026-04-21 20:06:09,612 - INFO - 触发原因: 打印调试
2026-04-21 20:06:09,612 - INFO - 当前时间: 2026-04-21 20:06:09
2026-04-21 20:06:09,613 - INFO - 数据时间: 2026-04-21 20:06:08
2026-04-21 20:06:09,613 - INFO - 当前价格: 4791.6
2026-04-21 20:06:09,613 - INFO - 上次打印时间: 2026-04-21 19:57:36
2026-04-21 20:06:09,613 - INFO - 上次打印价格: 4793.76
2026-04-21 20:06:09,613 - INFO - 当前价格: 4791.6
2026-04-21 20:06:10,666 - INFO - 飞书消息发送成功: 打印调试
2026-04-21 20:06:10,666 - INFO - ============================================================

2026-04-21 20:07:52,607 - INFO - 
============================================================
2026-04-21 20:07:52,607 - INFO - 触发原因: 打印调试
2026-04-21 20:07:52,608 - INFO - 当前时间: 2026-04-21 20:07:52
2026-04-21 20:07:52,608 - INFO - 数据时间: 2026-04-21 20:07:51
2026-04-21 20:07:52,608 - INFO - 当前价格: 4793.38
2026-04-21 20:07:52,608 - INFO - 上次打印时间: 2026-04-21 19:57:36
2026-04-21 20:07:52,608 - INFO - 上次打印价格: 4793.76
2026-04-21 20:07:52,608 - INFO - 当前价格: 4793.38
2026-04-21 20:07:53,609 - INFO - 飞书消息发送成功: 打印调试
2026-04-21 20:07:53,609 - INFO - ============================================================

2026-04-21 20:07:53,609 - INFO - 
============================================================
2026-04-21 20:07:53,609 - INFO - 触发原因: 10分钟定时打印
2026-04-21 20:07:53,609 - INFO - 当前时间: 2026-04-21 20:07:53
2026-04-21 20:07:53,609 - INFO - 数据时间: 2026-04-21 20:07:51
2026-04-21 20:07:53,609 - INFO - 当前价格: 4793.38
2026-04-21 20:07:53,610 - INFO - 上次打印时间: 2026-04-21 19:57:36
2026-04-21 20:07:53,610 - INFO - 上次打印价格: 4793.76
2026-04-21 20:07:53,610 - INFO - 当前价格: 4793.38
2026-04-21 20:07:54,512 - INFO - 飞书消息发送成功: 10分钟定时打印
2026-04-21 20:07:54,513 - INFO - Content-Type: multipart/mixed; boundary="===============0662271173468213021=="
MIME-Version: 1.0
Subject: =?utf-8?b?6buE6YeR5Lu35qC85o+Q6YaSIC0gMTDliIbpkp/lrprml7bmiZPljbAs5b2T5YmN5Lu35qC8NDc5My4zOA==?=
From: 2741023538@qq.com
To: 2741023538@qq.com

--===============0662271173468213021==
Content-Type: text/plain; charset="utf-8"
MIME-Version: 1.0
Content-Transfer-Encoding: base64

CiAgICAgICAgICAgIOm7hOmHkeS7t+agvOebkeaOp+aPkOmGkgogICAgICAgICAgICDop6blj5Hl
jp/lm6A6IDEw5YiG6ZKf5a6a5pe25omT5Y2wCiAgICAgICAgICAgIOW9k+WJjeaXtumXtDogMjAy
Ni0wNC0yMSAyMDowNzo1MwogICAgICAgICAgICDmlbDmja7ml7bpl7Q6IDIwMjYtMDQtMjEgMjA6
MDc6NTEKICAgICAgICAgICAg5b2T5YmN5Lu35qC8OiA0NzkzLjM4CiAgICAgICAgICAgIOW3suin
puWPkeebruaghzogWzQ4ODAsIDQ5MDAsIDQ4MDBdCgogICAgICAgICAgICDkuIrmrKHmiZPljbDm
l7bpl7Q6IDIwMjYtMDQtMjEgMjA6MDc6NTMKICAgICAgICAgICAg5LiK5qyh5omT5Y2w5Lu35qC8
OiA0NzkzLjM4ICDlvZPliY3ku7fmoLw6IDQ3OTMuMzgKICAgICAgICAgICAg

--===============0662271173468213021==--

2026-04-21 20:07:55,845 - INFO - send email success
2026-04-21 20:07:55,845 - INFO - ============================================================

2026-04-21 20:09:36,884 - INFO - 
============================================================
2026-04-21 20:09:36,884 - INFO - 触发原因: 打印调试
2026-04-21 20:09:36,885 - INFO - 当前时间: 2026-04-21 20:09:36
2026-04-21 20:09:36,885 - INFO - 数据时间: 2026-04-21 20:09:35
2026-04-21 20:09:36,885 - INFO - 当前价格: 4793.51
2026-04-21 20:09:36,885 - INFO - 上次打印时间: 2026-04-21 20:07:53
2026-04-21 20:09:36,885 - INFO - 上次打印价格: 4793.38
2026-04-21 20:09:36,885 - INFO - 当前价格: 4793.51
2026-04-21 20:09:37,917 - INFO - 飞书消息发送成功: 打印调试
2026-04-21 20:09:37,918 - INFO - ============================================================

2026-04-21 20:11:19,265 - INFO - 
============================================================
2026-04-21 20:11:19,266 - INFO - 触发原因: 打印调试
2026-04-21 20:11:19,266 - INFO - 当前时间: 2026-04-21 20:11:19
2026-04-21 20:11:19,266 - INFO - 数据时间: 2026-04-21 20:11:18
2026-04-21 20:11:19,267 - INFO - 当前价格: 4794.46
2026-04-21 20:11:19,267 - INFO - 上次打印时间: 2026-04-21 20:07:53
2026-04-21 20:11:19,267 - INFO - 上次打印价格: 4793.38
2026-04-21 20:11:19,267 - INFO - 当前价格: 4794.46
2026-04-21 20:11:20,190 - INFO - 飞书消息发送成功: 打印调试
2026-04-21 20:11:20,191 - INFO - ============================================================

2026-04-21 20:13:01,333 - INFO - 
============================================================
2026-04-21 20:13:01,334 - INFO - 触发原因: 打印调试
2026-04-21 20:13:01,334 - INFO - 当前时间: 2026-04-21 20:13:01
2026-04-21 20:13:01,334 - INFO - 数据时间: 2026-04-21 20:13:00
2026-04-21 20:13:01,334 - INFO - 当前价格: 4792.38
2026-04-21 20:13:01,334 - INFO - 上次打印时间: 2026-04-21 20:07:53
2026-04-21 20:13:01,334 - INFO - 上次打印价格: 4793.38
2026-04-21 20:13:01,334 - INFO - 当前价格: 4792.38
2026-04-21 20:13:02,417 - INFO - 飞书消息发送成功: 打印调试
2026-04-21 20:13:02,417 - INFO - ============================================================

2026-04-21 20:14:44,311 - INFO - 
============================================================
2026-04-21 20:14:44,311 - INFO - 触发原因: 打印调试
2026-04-21 20:14:44,311 - INFO - 当前时间: 2026-04-21 20:14:44
2026-04-21 20:14:44,311 - INFO - 数据时间: 2026-04-21 20:14:43
2026-04-21 20:14:44,311 - INFO - 当前价格: 4791.95
2026-04-21 20:14:44,311 - INFO - 上次打印时间: 2026-04-21 20:07:53
2026-04-21 20:14:44,311 - INFO - 上次打印价格: 4793.38
2026-04-21 20:14:44,312 - INFO - 当前价格: 4791.95
2026-04-21 20:14:45,316 - INFO - 飞书消息发送成功: 打印调试
2026-04-21 20:14:45,316 - INFO - ============================================================

2026-04-21 20:16:28,088 - INFO - 
============================================================
2026-04-21 20:16:28,088 - INFO - 触发原因: 打印调试
2026-04-21 20:16:28,089 - INFO - 当前时间: 2026-04-21 20:16:28
2026-04-21 20:16:28,089 - INFO - 数据时间: 2026-04-21 20:16:26
2026-04-21 20:16:28,089 - INFO - 当前价格: 4790.04
2026-04-21 20:16:28,089 - INFO - 上次打印时间: 2026-04-21 20:07:53
2026-04-21 20:16:28,090 - INFO - 上次打印价格: 4793.38
2026-04-21 20:16:28,090 - INFO - 当前价格: 4790.04
2026-04-21 20:16:29,106 - INFO - 飞书消息发送成功: 打印调试
2026-04-21 20:16:29,106 - INFO - ============================================================

2026-04-21 20:18:11,469 - INFO - 
============================================================
2026-04-21 20:18:11,469 - INFO - 触发原因: 打印调试
2026-04-21 20:18:11,470 - INFO - 当前时间: 2026-04-21 20:18:11
2026-04-21 20:18:11,470 - INFO - 数据时间: 2026-04-21 20:18:09
2026-04-21 20:18:11,470 - INFO - 当前价格: 4789.45
2026-04-21 20:18:11,470 - INFO - 上次打印时间: 2026-04-21 20:07:53
2026-04-21 20:18:11,470 - INFO - 上次打印价格: 4793.38
2026-04-21 20:18:11,470 - INFO - 当前价格: 4789.45
2026-04-21 20:18:12,439 - INFO - 飞书消息发送成功: 打印调试
2026-04-21 20:18:12,439 - INFO - ============================================================

2026-04-21 20:18:12,440 - INFO - 
============================================================
2026-04-21 20:18:12,440 - INFO - 触发原因: 10分钟定时打印
2026-04-21 20:18:12,440 - INFO - 当前时间: 2026-04-21 20:18:12
2026-04-21 20:18:12,440 - INFO - 数据时间: 2026-04-21 20:18:09
2026-04-21 20:18:12,440 - INFO - 当前价格: 4789.45
2026-04-21 20:18:12,440 - INFO - 上次打印时间: 2026-04-21 20:07:53
2026-04-21 20:18:12,440 - INFO - 上次打印价格: 4793.38
2026-04-21 20:18:12,441 - INFO - 当前价格: 4789.45
2026-04-21 20:18:13,410 - INFO - 飞书消息发送成功: 10分钟定时打印
2026-04-21 20:18:13,411 - INFO - Content-Type: multipart/mixed; boundary="===============0359072703668676244=="
MIME-Version: 1.0
Subject: =?utf-8?b?6buE6YeR5Lu35qC85o+Q6YaSIC0gMTDliIbpkp/lrprml7bmiZPljbAs5b2T5YmN5Lu35qC8NDc4OS40NQ==?=
From: 2741023538@qq.com
To: 2741023538@qq.com

--===============0359072703668676244==
Content-Type: text/plain; charset="utf-8"
MIME-Version: 1.0
Content-Transfer-Encoding: base64

CiAgICAgICAgICAgIOm7hOmHkeS7t+agvOebkeaOp+aPkOmGkgogICAgICAgICAgICDop6blj5Hl
jp/lm6A6IDEw5YiG6ZKf5a6a5pe25omT5Y2wCiAgICAgICAgICAgIOW9k+WJjeaXtumXtDogMjAy
Ni0wNC0yMSAyMDoxODoxMgogICAgICAgICAgICDmlbDmja7ml7bpl7Q6IDIwMjYtMDQtMjEgMjA6
MTg6MDkKICAgICAgICAgICAg5b2T5YmN5Lu35qC8OiA0Nzg5LjQ1CiAgICAgICAgICAgIOW3suin
puWPkeebruaghzogWzQ4ODAsIDQ5MDAsIDQ4MDBdCgogICAgICAgICAgICDkuIrmrKHmiZPljbDm
l7bpl7Q6IDIwMjYtMDQtMjEgMjA6MTg6MTIKICAgICAgICAgICAg5LiK5qyh5omT5Y2w5Lu35qC8
OiA0Nzg5LjQ1ICDlvZPliY3ku7fmoLw6IDQ3ODkuNDUKICAgICAgICAgICAg

--===============0359072703668676244==--

2026-04-21 20:18:14,729 - INFO - send email success
2026-04-21 20:18:14,730 - INFO - ============================================================

2026-04-21 20:19:56,570 - INFO - 
============================================================
2026-04-21 20:19:56,570 - INFO - 触发原因: 打印调试
2026-04-21 20:19:56,570 - INFO - 当前时间: 2026-04-21 20:19:56
2026-04-21 20:19:56,570 - INFO - 数据时间: 2026-04-21 20:19:54
2026-04-21 20:19:56,570 - INFO - 当前价格: 4784.4
2026-04-21 20:19:56,570 - INFO - 上次打印时间: 2026-04-21 20:18:12
2026-04-21 20:19:56,570 - INFO - 上次打印价格: 4789.45
2026-04-21 20:19:56,570 - INFO - 当前价格: 4784.4
2026-04-21 20:19:57,575 - INFO - 飞书消息发送成功: 打印调试
2026-04-21 20:19:57,575 - INFO - ============================================================

2026-04-21 20:19:57,575 - INFO - 
============================================================
2026-04-21 20:19:57,575 - INFO - 触发原因: 价格下跌超过整数变化
2026-04-21 20:19:57,575 - INFO - 当前时间: 2026-04-21 20:19:57
2026-04-21 20:19:57,576 - INFO - 数据时间: 2026-04-21 20:19:54
2026-04-21 20:19:57,576 - INFO - 当前价格: 4784.4
2026-04-21 20:19:57,576 - INFO - 上次打印时间: 2026-04-21 20:18:12
2026-04-21 20:19:57,576 - INFO - 上次打印价格: 4789.45
2026-04-21 20:19:57,576 - INFO - 当前价格: 4784.4
2026-04-21 20:19:58,492 - INFO - 飞书消息发送成功: 价格下跌超过整数变化
2026-04-21 20:19:58,493 - INFO - Content-Type: multipart/mixed; boundary="===============7709162634995552145=="
MIME-Version: 1.0
Subject: =?utf-8?b?6buE6YeR5Lu35qC85o+Q6YaSIC0g5Lu35qC85LiL6LeM6LaF6L+H5pW05pWw5Y+Y5YyWLOW9k+WJjeS7t+agvDQ3ODQuNA==?=
From: 2741023538@qq.com
To: 2741023538@qq.com

--===============7709162634995552145==
Content-Type: text/plain; charset="utf-8"
MIME-Version: 1.0
Content-Transfer-Encoding: base64

CiAgICAgICAgICAgIOm7hOmHkeS7t+agvOebkeaOp+aPkOmGkgogICAgICAgICAgICDop6blj5Hl
jp/lm6A6IOS7t+agvOS4i+i3jOi2hei/h+aVtOaVsOWPmOWMlgogICAgICAgICAgICDlvZPliY3m
l7bpl7Q6IDIwMjYtMDQtMjEgMjA6MTk6NTcKICAgICAgICAgICAg5pWw5o2u5pe26Ze0OiAyMDI2
LTA0LTIxIDIwOjE5OjU0CiAgICAgICAgICAgIOW9k+WJjeS7t+agvDogNDc4NC40CiAgICAgICAg
ICAgIOW3suinpuWPkeebruaghzogWzQ4ODAsIDQ5MDAsIDQ4MDBdCgogICAgICAgICAgICDkuIrm
rKHmiZPljbDml7bpl7Q6IDIwMjYtMDQtMjEgMjA6MTk6NTcKICAgICAgICAgICAg5LiK5qyh5omT
5Y2w5Lu35qC8OiA0Nzg0LjQgIOW9k+WJjeS7t+agvDogNDc4NC40CiAgICAgICAgICAgIA==

--===============7709162634995552145==--

2026-04-21 20:19:59,823 - INFO - send email success
2026-04-21 20:19:59,823 - INFO - ============================================================

2026-04-21 20:21:43,211 - INFO - 
============================================================
2026-04-21 20:21:43,211 - INFO - 触发原因: 打印调试
2026-04-21 20:21:43,211 - INFO - 当前时间: 2026-04-21 20:21:43
2026-04-21 20:21:43,211 - INFO - 数据时间: 2026-04-21 20:21:42
2026-04-21 20:21:43,211 - INFO - 当前价格: 4781.53
2026-04-21 20:21:43,212 - INFO - 上次打印时间: 2026-04-21 20:19:57
2026-04-21 20:21:43,212 - INFO - 上次打印价格: 4784.4
2026-04-21 20:21:43,212 - INFO - 当前价格: 4781.53
2026-04-21 20:21:44,225 - INFO - 飞书消息发送成功: 打印调试
2026-04-21 20:21:44,226 - INFO - ============================================================

2026-04-21 20:23:25,974 - INFO - 
============================================================
2026-04-21 20:23:25,975 - INFO - 触发原因: 打印调试
2026-04-21 20:23:25,975 - INFO - 当前时间: 2026-04-21 20:23:25
2026-04-21 20:23:25,975 - INFO - 数据时间: 2026-04-21 20:23:24
2026-04-21 20:23:25,975 - INFO - 当前价格: 4783.52
2026-04-21 20:23:25,975 - INFO - 上次打印时间: 2026-04-21 20:19:57
2026-04-21 20:23:25,975 - INFO - 上次打印价格: 4784.4
2026-04-21 20:23:25,975 - INFO - 当前价格: 4783.52
2026-04-21 20:23:27,036 - INFO - 飞书消息发送成功: 打印调试
2026-04-21 20:23:27,036 - INFO - ============================================================

2026-04-21 20:25:08,235 - INFO - 
============================================================
2026-04-21 20:25:08,235 - INFO - 触发原因: 打印调试
2026-04-21 20:25:08,236 - INFO - 当前时间: 2026-04-21 20:25:08
2026-04-21 20:25:08,236 - INFO - 数据时间: 2026-04-21 20:25:07
2026-04-21 20:25:08,236 - INFO - 当前价格: 4782.04
2026-04-21 20:25:08,236 - INFO - 上次打印时间: 2026-04-21 20:19:57
2026-04-21 20:25:08,236 - INFO - 上次打印价格: 4784.4
2026-04-21 20:25:08,236 - INFO - 当前价格: 4782.04
2026-04-21 20:25:09,274 - INFO - 飞书消息发送成功: 打印调试
2026-04-21 20:25:09,275 - INFO - ============================================================

2026-04-21 20:26:51,108 - INFO - 
============================================================
2026-04-21 20:26:51,108 - INFO - 触发原因: 打印调试
2026-04-21 20:26:51,108 - INFO - 当前时间: 2026-04-21 20:26:51
2026-04-21 20:26:51,108 - INFO - 数据时间: 2026-04-21 20:26:50
2026-04-21 20:26:51,108 - INFO - 当前价格: 4782.59
2026-04-21 20:26:51,109 - INFO - 上次打印时间: 2026-04-21 20:19:57
2026-04-21 20:26:51,109 - INFO - 上次打印价格: 4784.4
2026-04-21 20:26:51,109 - INFO - 当前价格: 4782.59
2026-04-21 20:26:52,053 - INFO - 飞书消息发送成功: 打印调试
2026-04-21 20:26:52,054 - INFO - ============================================================

2026-04-21 20:28:35,579 - INFO - 
============================================================
2026-04-21 20:28:35,579 - INFO - 触发原因: 打印调试
2026-04-21 20:28:35,579 - INFO - 当前时间: 2026-04-21 20:28:35
2026-04-21 20:28:35,579 - INFO - 数据时间: 2026-04-21 20:28:35
2026-04-21 20:28:35,580 - INFO - 当前价格: 4781.97
2026-04-21 20:28:35,580 - INFO - 上次打印时间: 2026-04-21 20:19:57
2026-04-21 20:28:35,580 - INFO - 上次打印价格: 4784.4
2026-04-21 20:28:35,580 - INFO - 当前价格: 4781.97
2026-04-21 20:28:36,541 - INFO - 飞书消息发送成功: 打印调试
2026-04-21 20:28:36,541 - INFO - ============================================================

2026-04-21 20:28:36,541 - INFO - 
============================================================
2026-04-21 20:28:36,542 - INFO - 触发原因: 10分钟定时打印
2026-04-21 20:28:36,542 - INFO - 当前时间: 2026-04-21 20:28:36
2026-04-21 20:28:36,542 - INFO - 数据时间: 2026-04-21 20:28:35
2026-04-21 20:28:36,542 - INFO - 当前价格: 4781.97
2026-04-21 20:28:36,542 - INFO - 上次打印时间: 2026-04-21 20:19:57
2026-04-21 20:28:36,543 - INFO - 上次打印价格: 4784.4
2026-04-21 20:28:36,543 - INFO - 当前价格: 4781.97
2026-04-21 20:28:37,575 - INFO - 飞书消息发送成功: 10分钟定时打印
2026-04-21 20:28:37,576 - INFO - Content-Type: multipart/mixed; boundary="===============9136553682217408325=="
MIME-Version: 1.0
Subject: =?utf-8?b?6buE6YeR5Lu35qC85o+Q6YaSIC0gMTDliIbpkp/lrprml7bmiZPljbAs5b2T5YmN5Lu35qC8NDc4MS45Nw==?=
From: 2741023538@qq.com
To: 2741023538@qq.com

--===============9136553682217408325==
Content-Type: text/plain; charset="utf-8"
MIME-Version: 1.0
Content-Transfer-Encoding: base64

CiAgICAgICAgICAgIOm7hOmHkeS7t+agvOebkeaOp+aPkOmGkgogICAgICAgICAgICDop6blj5Hl
jp/lm6A6IDEw5YiG6ZKf5a6a5pe25omT5Y2wCiAgICAgICAgICAgIOW9k+WJjeaXtumXtDogMjAy
Ni0wNC0yMSAyMDoyODozNgogICAgICAgICAgICDmlbDmja7ml7bpl7Q6IDIwMjYtMDQtMjEgMjA6
Mjg6MzUKICAgICAgICAgICAg5b2T5YmN5Lu35qC8OiA0NzgxLjk3CiAgICAgICAgICAgIOW3suin
puWPkeebruaghzogWzQ4ODAsIDQ5MDAsIDQ4MDBdCgogICAgICAgICAgICDkuIrmrKHmiZPljbDm
l7bpl7Q6IDIwMjYtMDQtMjEgMjA6Mjg6MzYKICAgICAgICAgICAg5LiK5qyh5omT5Y2w5Lu35qC8
OiA0NzgxLjk3ICDlvZPliY3ku7fmoLw6IDQ3ODEuOTcKICAgICAgICAgICAg

--===============9136553682217408325==--

2026-04-21 20:28:39,149 - INFO - send email success
2026-04-21 20:28:39,149 - INFO - ============================================================

2026-04-21 20:30:20,282 - INFO - 
============================================================
2026-04-21 20:30:20,282 - INFO - 触发原因: 打印调试
2026-04-21 20:30:20,283 - INFO - 当前时间: 2026-04-21 20:30:20
2026-04-21 20:30:20,283 - INFO - 数据时间: 2026-04-21 20:30:19
2026-04-21 20:30:20,283 - INFO - 当前价格: 4779.97
2026-04-21 20:30:20,283 - INFO - 上次打印时间: 2026-04-21 20:28:36
2026-04-21 20:30:20,283 - INFO - 上次打印价格: 4781.97
2026-04-21 20:30:20,284 - INFO - 当前价格: 4779.97
2026-04-21 20:30:21,325 - INFO - 飞书消息发送成功: 打印调试
2026-04-21 20:30:21,325 - INFO - ============================================================

2026-04-21 20:32:02,597 - INFO - 
============================================================
2026-04-21 20:32:02,597 - INFO - 触发原因: 打印调试
2026-04-21 20:32:02,597 - INFO - 当前时间: 2026-04-21 20:32:02
2026-04-21 20:32:02,597 - INFO - 数据时间: 2026-04-21 20:32:02
2026-04-21 20:32:02,597 - INFO - 当前价格: 4777.43
2026-04-21 20:32:02,598 - INFO - 上次打印时间: 2026-04-21 20:28:36
2026-04-21 20:32:02,598 - INFO - 上次打印价格: 4781.97
2026-04-21 20:32:02,598 - INFO - 当前价格: 4777.43
2026-04-21 20:32:04,027 - INFO - 飞书消息发送成功: 打印调试
2026-04-21 20:32:04,028 - INFO - ============================================================

2026-04-21 20:33:44,998 - INFO - 
============================================================
2026-04-21 20:33:44,998 - INFO - 触发原因: 打印调试
2026-04-21 20:33:44,998 - INFO - 当前时间: 2026-04-21 20:33:44
2026-04-21 20:33:44,998 - INFO - 数据时间: 2026-04-21 20:33:44
2026-04-21 20:33:44,998 - INFO - 当前价格: 4784.33
2026-04-21 20:33:44,998 - INFO - 上次打印时间: 2026-04-21 20:28:36
2026-04-21 20:33:44,998 - INFO - 上次打印价格: 4781.97
2026-04-21 20:33:44,998 - INFO - 当前价格: 4784.33
2026-04-21 20:33:45,969 - INFO - 飞书消息发送成功: 打印调试
2026-04-21 20:33:45,969 - INFO - ============================================================

2026-04-21 20:35:29,611 - INFO - 
============================================================
2026-04-21 20:35:29,611 - INFO - 触发原因: 打印调试
2026-04-21 20:35:29,611 - INFO - 当前时间: 2026-04-21 20:35:29
2026-04-21 20:35:29,612 - INFO - 数据时间: 2026-04-21 20:35:28
2026-04-21 20:35:29,612 - INFO - 当前价格: 4785.83
2026-04-21 20:35:29,612 - INFO - 上次打印时间: 2026-04-21 20:28:36
2026-04-21 20:35:29,612 - INFO - 上次打印价格: 4781.97
2026-04-21 20:35:29,612 - INFO - 当前价格: 4785.83
2026-04-21 20:35:30,900 - INFO - 飞书消息发送成功: 打印调试
2026-04-21 20:35:30,900 - INFO - ============================================================

2026-04-21 20:37:12,156 - INFO - 
============================================================
2026-04-21 20:37:12,157 - INFO - 触发原因: 打印调试
2026-04-21 20:37:12,157 - INFO - 当前时间: 2026-04-21 20:37:12
2026-04-21 20:37:12,157 - INFO - 数据时间: 2026-04-21 20:37:10
2026-04-21 20:37:12,157 - INFO - 当前价格: 4787.83
2026-04-21 20:37:12,157 - INFO - 上次打印时间: 2026-04-21 20:28:36
2026-04-21 20:37:12,158 - INFO - 上次打印价格: 4781.97
2026-04-21 20:37:12,158 - INFO - 当前价格: 4787.83
2026-04-21 20:37:13,204 - INFO - 飞书消息发送成功: 打印调试
2026-04-21 20:37:13,204 - INFO - ============================================================

2026-04-21 20:38:56,615 - INFO - 
============================================================
2026-04-21 20:38:56,615 - INFO - 触发原因: 打印调试
2026-04-21 20:38:56,615 - INFO - 当前时间: 2026-04-21 20:38:56
2026-04-21 20:38:56,615 - INFO - 数据时间: 2026-04-21 20:38:56
2026-04-21 20:38:56,616 - INFO - 当前价格: 4783.67
2026-04-21 20:38:56,616 - INFO - 上次打印时间: 2026-04-21 20:28:36
2026-04-21 20:38:56,616 - INFO - 上次打印价格: 4781.97
2026-04-21 20:38:56,616 - INFO - 当前价格: 4783.67
2026-04-21 20:38:57,670 - INFO - 飞书消息发送成功: 打印调试
2026-04-21 20:38:57,670 - INFO - ============================================================

2026-04-21 20:38:57,671 - INFO - 
============================================================
2026-04-21 20:38:57,671 - INFO - 触发原因: 10分钟定时打印
2026-04-21 20:38:57,671 - INFO - 当前时间: 2026-04-21 20:38:57
2026-04-21 20:38:57,671 - INFO - 数据时间: 2026-04-21 20:38:56
2026-04-21 20:38:57,671 - INFO - 当前价格: 4783.67
2026-04-21 20:38:57,671 - INFO - 上次打印时间: 2026-04-21 20:28:36
2026-04-21 20:38:57,672 - INFO - 上次打印价格: 4781.97
2026-04-21 20:38:57,672 - INFO - 当前价格: 4783.67
2026-04-21 20:38:58,558 - INFO - 飞书消息发送成功: 10分钟定时打印
2026-04-21 20:38:58,559 - INFO - Content-Type: multipart/mixed; boundary="===============6087723844855591729=="
MIME-Version: 1.0
Subject: =?utf-8?b?6buE6YeR5Lu35qC85o+Q6YaSIC0gMTDliIbpkp/lrprml7bmiZPljbAs5b2T5YmN5Lu35qC8NDc4My42Nw==?=
From: 2741023538@qq.com
To: 2741023538@qq.com

--===============6087723844855591729==
Content-Type: text/plain; charset="utf-8"
MIME-Version: 1.0
Content-Transfer-Encoding: base64

CiAgICAgICAgICAgIOm7hOmHkeS7t+agvOebkeaOp+aPkOmGkgogICAgICAgICAgICDop6blj5Hl
jp/lm6A6IDEw5YiG6ZKf5a6a5pe25omT5Y2wCiAgICAgICAgICAgIOW9k+WJjeaXtumXtDogMjAy
Ni0wNC0yMSAyMDozODo1NwogICAgICAgICAgICDmlbDmja7ml7bpl7Q6IDIwMjYtMDQtMjEgMjA6
Mzg6NTYKICAgICAgICAgICAg5b2T5YmN5Lu35qC8OiA0NzgzLjY3CiAgICAgICAgICAgIOW3suin
puWPkeebruaghzogWzQ4ODAsIDQ5MDAsIDQ4MDBdCgogICAgICAgICAgICDkuIrmrKHmiZPljbDm
l7bpl7Q6IDIwMjYtMDQtMjEgMjA6Mzg6NTcKICAgICAgICAgICAg5LiK5qyh5omT5Y2w5Lu35qC8
OiA0NzgzLjY3ICDlvZPliY3ku7fmoLw6IDQ3ODMuNjcKICAgICAgICAgICAg

--===============6087723844855591729==--

2026-04-21 20:38:59,997 - INFO - send email success
2026-04-21 20:38:59,997 - INFO - ============================================================

2026-04-21 20:40:41,746 - INFO - 
============================================================
2026-04-21 20:40:41,747 - INFO - 触发原因: 打印调试
2026-04-21 20:40:41,747 - INFO - 当前时间: 2026-04-21 20:40:41
2026-04-21 20:40:41,747 - INFO - 数据时间: 2026-04-21 20:40:40
2026-04-21 20:40:41,747 - INFO - 当前价格: 4778.02
2026-04-21 20:40:41,747 - INFO - 上次打印时间: 2026-04-21 20:38:57
2026-04-21 20:40:41,748 - INFO - 上次打印价格: 4783.67
2026-04-21 20:40:41,748 - INFO - 当前价格: 4778.02
2026-04-21 20:40:43,189 - INFO - 飞书消息发送成功: 打印调试
2026-04-21 20:40:43,189 - INFO - ============================================================

2026-04-21 20:42:24,957 - INFO - 
============================================================
2026-04-21 20:42:24,958 - INFO - 触发原因: 打印调试
2026-04-21 20:42:24,958 - INFO - 当前时间: 2026-04-21 20:42:24
2026-04-21 20:42:24,958 - INFO - 数据时间: 2026-04-21 20:42:23
2026-04-21 20:42:24,958 - INFO - 当前价格: 4781.73
2026-04-21 20:42:24,959 - INFO - 上次打印时间: 2026-04-21 20:38:57
2026-04-21 20:42:24,959 - INFO - 上次打印价格: 4783.67
2026-04-21 20:42:24,959 - INFO - 当前价格: 4781.73
2026-04-21 20:42:27,077 - INFO - 飞书消息发送成功: 打印调试
2026-04-21 20:42:27,077 - INFO - ============================================================

2026-04-21 20:44:09,129 - INFO - 
============================================================
2026-04-21 20:44:09,130 - INFO - 触发原因: 打印调试
2026-04-21 20:44:09,130 - INFO - 当前时间: 2026-04-21 20:44:09
2026-04-21 20:44:09,130 - INFO - 数据时间: 2026-04-21 20:44:07
2026-04-21 20:44:09,130 - INFO - 当前价格: 4779.48
2026-04-21 20:44:09,130 - INFO - 上次打印时间: 2026-04-21 20:38:57
2026-04-21 20:44:09,130 - INFO - 上次打印价格: 4783.67
2026-04-21 20:44:09,130 - INFO - 当前价格: 4779.48
2026-04-21 20:44:10,206 - INFO - 飞书消息发送成功: 打印调试
2026-04-21 20:44:10,206 - INFO - ============================================================

2026-04-21 20:45:51,534 - INFO - 
============================================================
2026-04-21 20:45:51,534 - INFO - 触发原因: 打印调试
2026-04-21 20:45:51,535 - INFO - 当前时间: 2026-04-21 20:45:51
2026-04-21 20:45:51,535 - INFO - 数据时间: 2026-04-21 20:45:51
2026-04-21 20:45:51,535 - INFO - 当前价格: 4779.29
2026-04-21 20:45:51,535 - INFO - 上次打印时间: 2026-04-21 20:38:57
2026-04-21 20:45:51,536 - INFO - 上次打印价格: 4783.67
2026-04-21 20:45:51,536 - INFO - 当前价格: 4779.29
2026-04-21 20:45:53,783 - INFO - 飞书消息发送成功: 打印调试
2026-04-21 20:45:53,783 - INFO - ============================================================

2026-04-21 20:47:35,024 - INFO - 
============================================================
2026-04-21 20:47:35,024 - INFO - 触发原因: 打印调试
2026-04-21 20:47:35,024 - INFO - 当前时间: 2026-04-21 20:47:35
2026-04-21 20:47:35,024 - INFO - 数据时间: 2026-04-21 20:47:34
2026-04-21 20:47:35,025 - INFO - 当前价格: 4782.4
2026-04-21 20:47:35,025 - INFO - 上次打印时间: 2026-04-21 20:38:57
2026-04-21 20:47:35,025 - INFO - 上次打印价格: 4783.67
2026-04-21 20:47:35,025 - INFO - 当前价格: 4782.4
2026-04-21 20:47:36,602 - INFO - 飞书消息发送成功: 打印调试
2026-04-21 20:47:36,602 - INFO - ============================================================

2026-04-21 20:49:17,727 - INFO - 
============================================================
2026-04-21 20:49:17,727 - INFO - 触发原因: 打印调试
2026-04-21 20:49:17,727 - INFO - 当前时间: 2026-04-21 20:49:17
2026-04-21 20:49:17,727 - INFO - 数据时间: 2026-04-21 20:49:15
2026-04-21 20:49:17,727 - INFO - 当前价格: 4779.58
2026-04-21 20:49:17,727 - INFO - 上次打印时间: 2026-04-21 20:38:57
2026-04-21 20:49:17,728 - INFO - 上次打印价格: 4783.67
2026-04-21 20:49:17,728 - INFO - 当前价格: 4779.58
2026-04-21 20:49:18,767 - INFO - 飞书消息发送成功: 打印调试
2026-04-21 20:49:18,768 - INFO - ============================================================

2026-04-21 20:49:18,768 - INFO - 
============================================================
2026-04-21 20:49:18,768 - INFO - 触发原因: 10分钟定时打印
2026-04-21 20:49:18,768 - INFO - 当前时间: 2026-04-21 20:49:18
2026-04-21 20:49:18,768 - INFO - 数据时间: 2026-04-21 20:49:15
2026-04-21 20:49:18,768 - INFO - 当前价格: 4779.58
2026-04-21 20:49:18,769 - INFO - 上次打印时间: 2026-04-21 20:38:57
2026-04-21 20:49:18,769 - INFO - 上次打印价格: 4783.67
2026-04-21 20:49:18,769 - INFO - 当前价格: 4779.58
2026-04-21 20:49:19,732 - INFO - 飞书消息发送成功: 10分钟定时打印
2026-04-21 20:49:19,733 - INFO - Content-Type: multipart/mixed; boundary="===============0550610844541863225=="
MIME-Version: 1.0
Subject: =?utf-8?b?6buE6YeR5Lu35qC85o+Q6YaSIC0gMTDliIbpkp/lrprml7bmiZPljbAs5b2T5YmN5Lu35qC8NDc3OS41OA==?=
From: 2741023538@qq.com
To: 2741023538@qq.com

--===============0550610844541863225==
Content-Type: text/plain; charset="utf-8"
MIME-Version: 1.0
Content-Transfer-Encoding: base64

CiAgICAgICAgICAgIOm7hOmHkeS7t+agvOebkeaOp+aPkOmGkgogICAgICAgICAgICDop6blj5Hl
jp/lm6A6IDEw5YiG6ZKf5a6a5pe25omT5Y2wCiAgICAgICAgICAgIOW9k+WJjeaXtumXtDogMjAy
Ni0wNC0yMSAyMDo0OToxOAogICAgICAgICAgICDmlbDmja7ml7bpl7Q6IDIwMjYtMDQtMjEgMjA6
NDk6MTUKICAgICAgICAgICAg5b2T5YmN5Lu35qC8OiA0Nzc5LjU4CiAgICAgICAgICAgIOW3suin
puWPkeebruaghzogWzQ4ODAsIDQ5MDAsIDQ4MDBdCgogICAgICAgICAgICDkuIrmrKHmiZPljbDm
l7bpl7Q6IDIwMjYtMDQtMjEgMjA6NDk6MTgKICAgICAgICAgICAg5LiK5qyh5omT5Y2w5Lu35qC8
OiA0Nzc5LjU4ICDlvZPliY3ku7fmoLw6IDQ3NzkuNTgKICAgICAgICAgICAg

--===============0550610844541863225==--

2026-04-21 20:49:21,272 - INFO - send email success
2026-04-21 20:49:21,273 - INFO - ============================================================

2026-04-21 20:51:02,602 - INFO - 
============================================================
2026-04-21 20:51:02,603 - INFO - 触发原因: 打印调试
2026-04-21 20:51:02,603 - INFO - 当前时间: 2026-04-21 20:51:02
2026-04-21 20:51:02,603 - INFO - 数据时间: 2026-04-21 20:51:01
2026-04-21 20:51:02,603 - INFO - 当前价格: 4778.7
2026-04-21 20:51:02,603 - INFO - 上次打印时间: 2026-04-21 20:49:18
2026-04-21 20:51:02,603 - INFO - 上次打印价格: 4779.58
2026-04-21 20:51:02,603 - INFO - 当前价格: 4778.7
2026-04-21 20:51:03,645 - INFO - 飞书消息发送成功: 打印调试
2026-04-21 20:51:03,645 - INFO - ============================================================

2026-04-21 20:52:44,651 - INFO - 
============================================================
2026-04-21 20:52:44,652 - INFO - 触发原因: 打印调试
2026-04-21 20:52:44,652 - INFO - 当前时间: 2026-04-21 20:52:44
2026-04-21 20:52:44,652 - INFO - 数据时间: 2026-04-21 20:52:44
2026-04-21 20:52:44,652 - INFO - 当前价格: 4780.16
2026-04-21 20:52:44,652 - INFO - 上次打印时间: 2026-04-21 20:49:18
2026-04-21 20:52:44,653 - INFO - 上次打印价格: 4779.58
2026-04-21 20:52:44,653 - INFO - 当前价格: 4780.16
2026-04-21 20:52:46,403 - INFO - 飞书消息发送成功: 打印调试
2026-04-21 20:52:46,403 - INFO - ============================================================

2026-04-21 20:54:28,154 - INFO - 
============================================================
2026-04-21 20:54:28,154 - INFO - 触发原因: 打印调试
2026-04-21 20:54:28,154 - INFO - 当前时间: 2026-04-21 20:54:28
2026-04-21 20:54:28,154 - INFO - 数据时间: 2026-04-21 20:54:27
2026-04-21 20:54:28,154 - INFO - 当前价格: 4779.24
2026-04-21 20:54:28,154 - INFO - 上次打印时间: 2026-04-21 20:49:18
2026-04-21 20:54:28,155 - INFO - 上次打印价格: 4779.58
2026-04-21 20:54:28,155 - INFO - 当前价格: 4779.24
2026-04-21 20:54:29,203 - INFO - 飞书消息发送成功: 打印调试
2026-04-21 20:54:29,204 - INFO - ============================================================

2026-04-21 20:56:10,314 - INFO - 
============================================================
2026-04-21 20:56:10,314 - INFO - 触发原因: 打印调试
2026-04-21 20:56:10,314 - INFO - 当前时间: 2026-04-21 20:56:10
2026-04-21 20:56:10,314 - INFO - 数据时间: 2026-04-21 20:56:09
2026-04-21 20:56:10,314 - INFO - 当前价格: 4780.27
2026-04-21 20:56:10,314 - INFO - 上次打印时间: 2026-04-21 20:49:18
2026-04-21 20:56:10,315 - INFO - 上次打印价格: 4779.58
2026-04-21 20:56:10,315 - INFO - 当前价格: 4780.27
2026-04-21 20:56:11,734 - INFO - 飞书消息发送成功: 打印调试
2026-04-21 20:56:11,734 - INFO - ============================================================

2026-04-21 20:57:52,859 - INFO - 
============================================================
2026-04-21 20:57:52,859 - INFO - 触发原因: 打印调试
2026-04-21 20:57:52,859 - INFO - 当前时间: 2026-04-21 20:57:52
2026-04-21 20:57:52,859 - INFO - 数据时间: 2026-04-21 20:57:52
2026-04-21 20:57:52,859 - INFO - 当前价格: 4777.79
2026-04-21 20:57:52,859 - INFO - 上次打印时间: 2026-04-21 20:49:18
2026-04-21 20:57:52,859 - INFO - 上次打印价格: 4779.58
2026-04-21 20:57:52,859 - INFO - 当前价格: 4777.79
2026-04-21 20:57:53,903 - INFO - 飞书消息发送成功: 打印调试
2026-04-21 20:57:53,903 - INFO - ============================================================

2026-04-21 20:59:41,428 - INFO - 
============================================================
2026-04-21 20:59:41,428 - INFO - 触发原因: 打印调试
2026-04-21 20:59:41,428 - INFO - 当前时间: 2026-04-21 20:59:41
2026-04-21 20:59:41,428 - INFO - 数据时间: 2026-04-21 20:59:41
2026-04-21 20:59:41,429 - INFO - 当前价格: 4777.35
2026-04-21 20:59:41,429 - INFO - 上次打印时间: 2026-04-21 20:49:18
2026-04-21 20:59:41,429 - INFO - 上次打印价格: 4779.58
2026-04-21 20:59:41,429 - INFO - 当前价格: 4777.35
2026-04-21 20:59:42,572 - INFO - 飞书消息发送成功: 打印调试
2026-04-21 20:59:42,572 - INFO - ============================================================

2026-04-21 20:59:42,573 - INFO - 
============================================================
2026-04-21 20:59:42,573 - INFO - 触发原因: 10分钟定时打印
2026-04-21 20:59:42,573 - INFO - 当前时间: 2026-04-21 20:59:42
2026-04-21 20:59:42,573 - INFO - 数据时间: 2026-04-21 20:59:41
2026-04-21 20:59:42,573 - INFO - 当前价格: 4777.35
2026-04-21 20:59:42,573 - INFO - 上次打印时间: 2026-04-21 20:49:18
2026-04-21 20:59:42,573 - INFO - 上次打印价格: 4779.58
2026-04-21 20:59:42,573 - INFO - 当前价格: 4777.35
2026-04-21 20:59:43,592 - INFO - 飞书消息发送成功: 10分钟定时打印
2026-04-21 20:59:43,593 - INFO - Content-Type: multipart/mixed; boundary="===============7330728447713341724=="
MIME-Version: 1.0
Subject: =?utf-8?b?6buE6YeR5Lu35qC85o+Q6YaSIC0gMTDliIbpkp/lrprml7bmiZPljbAs5b2T5YmN5Lu35qC8NDc3Ny4zNQ==?=
From: 2741023538@qq.com
To: 2741023538@qq.com

--===============7330728447713341724==
Content-Type: text/plain; charset="utf-8"
MIME-Version: 1.0
Content-Transfer-Encoding: base64

CiAgICAgICAgICAgIOm7hOmHkeS7t+agvOebkeaOp+aPkOmGkgogICAgICAgICAgICDop6blj5Hl
jp/lm6A6IDEw5YiG6ZKf5a6a5pe25omT5Y2wCiAgICAgICAgICAgIOW9k+WJjeaXtumXtDogMjAy
Ni0wNC0yMSAyMDo1OTo0MgogICAgICAgICAgICDmlbDmja7ml7bpl7Q6IDIwMjYtMDQtMjEgMjA6
NTk6NDEKICAgICAgICAgICAg5b2T5YmN5Lu35qC8OiA0Nzc3LjM1CiAgICAgICAgICAgIOW3suin
puWPkeebruaghzogWzQ4ODAsIDQ5MDAsIDQ4MDBdCgogICAgICAgICAgICDkuIrmrKHmiZPljbDm
l7bpl7Q6IDIwMjYtMDQtMjEgMjA6NTk6NDIKICAgICAgICAgICAg5LiK5qyh5omT5Y2w5Lu35qC8
OiA0Nzc3LjM1ICDlvZPliY3ku7fmoLw6IDQ3NzcuMzUKICAgICAgICAgICAg

--===============7330728447713341724==--

2026-04-21 20:59:45,142 - INFO - send email success
2026-04-21 20:59:45,143 - INFO - ============================================================

2026-04-21 21:01:26,906 - INFO - 
============================================================
2026-04-21 21:01:26,906 - INFO - 触发原因: 打印调试
2026-04-21 21:01:26,906 - INFO - 当前时间: 2026-04-21 21:01:26
2026-04-21 21:01:26,906 - INFO - 数据时间: 2026-04-21 21:01:26
2026-04-21 21:01:26,906 - INFO - 当前价格: 4779.65
2026-04-21 21:01:26,907 - INFO - 上次打印时间: 2026-04-21 20:59:42
2026-04-21 21:01:26,907 - INFO - 上次打印价格: 4777.35
2026-04-21 21:01:26,907 - INFO - 当前价格: 4779.65
2026-04-21 21:01:28,004 - INFO - 飞书消息发送成功: 打印调试
2026-04-21 21:01:28,004 - INFO - ============================================================

2026-04-21 21:03:09,782 - INFO - 
============================================================
2026-04-21 21:03:09,782 - INFO - 触发原因: 打印调试
2026-04-21 21:03:09,783 - INFO - 当前时间: 2026-04-21 21:03:09
2026-04-21 21:03:09,783 - INFO - 数据时间: 2026-04-21 21:03:08
2026-04-21 21:03:09,783 - INFO - 当前价格: 4783.03
2026-04-21 21:03:09,783 - INFO - 上次打印时间: 2026-04-21 20:59:42
2026-04-21 21:03:09,783 - INFO - 上次打印价格: 4777.35
2026-04-21 21:03:09,783 - INFO - 当前价格: 4783.03
2026-04-21 21:03:10,810 - INFO - 飞书消息发送成功: 打印调试
2026-04-21 21:03:10,811 - INFO - ============================================================

2026-04-21 21:04:52,385 - INFO - 
============================================================
2026-04-21 21:04:52,386 - INFO - 触发原因: 打印调试
2026-04-21 21:04:52,386 - INFO - 当前时间: 2026-04-21 21:04:52
2026-04-21 21:04:52,386 - INFO - 数据时间: 2026-04-21 21:04:51
2026-04-21 21:04:52,386 - INFO - 当前价格: 4782.85
2026-04-21 21:04:52,386 - INFO - 上次打印时间: 2026-04-21 20:59:42
2026-04-21 21:04:52,387 - INFO - 上次打印价格: 4777.35
2026-04-21 21:04:52,387 - INFO - 当前价格: 4782.85
2026-04-21 21:04:53,378 - INFO - 飞书消息发送成功: 打印调试
2026-04-21 21:04:53,378 - INFO - ============================================================

2026-05-05 10:58:09,786 - INFO - 黄金价格监控系统启动...
2026-05-05 10:58:09,786 - INFO - 事件监听器启动成功
2026-05-05 10:58:09,787 - INFO - 上涨目标价格: [4950, 4980, 5000, 5030, 5080, 5100, 5200]
2026-05-05 10:58:09,787 - INFO - 下跌目标价格: [4900, 4880, 4800, 4720, 4700, 4650, 4600, 4500]
2026-05-05 10:58:09,788 - INFO - 监控开始...

